#! 
:ivl_version "14.0 (devel)" "(s20260301-322-ga4989d023-dirty)";
:ivl_delay_selection "TYPICAL";
:vpi_time_precision - 12;
:vpi_module "E:\OSS-CA~1\lib\ivl\system.vpi";
:vpi_module "E:\OSS-CA~1\lib\ivl\vhdl_sys.vpi";
:vpi_module "E:\OSS-CA~1\lib\ivl\vhdl_textio.vpi";
:vpi_module "E:\OSS-CA~1\lib\ivl\v2005_math.vpi";
:vpi_module "E:\OSS-CA~1\lib\ivl\va_math.vpi";
:vpi_module "E:\OSS-CA~1\lib\ivl\v2009.vpi";
S_000002050db87730 .scope package, "$unit" "$unit" 2 1;
 .timescale 0 0;
S_000002050db86c00 .scope module, "tb_braun_multiplier_8x8" "tb_braun_multiplier_8x8" 3 3;
 .timescale -9 -12;
v000002050dbfeff0_0 .var "A", 7 0;
v000002050dbff6d0_0 .var "B", 7 0;
v000002050dbff9f0_0 .net "Product", 15 0, L_000002050dc16180;  1 drivers
v000002050dbfe9b0_0 .var/i "errors", 31 0;
v000002050dbffa90_0 .var/i "i", 31 0;
v000002050dbfe730_0 .var/i "j", 31 0;
S_000002050db86d90 .scope module, "uut" "braun_multiplier_8x8" 3 12, 4 1 0, S_000002050db86c00;
 .timescale 0 0;
    .port_info 0 /INPUT 8 "A";
    .port_info 1 /INPUT 8 "B";
    .port_info 2 /OUTPUT 16 "Product";
L_000002050dc12730 .functor BUFZ 1, L_000002050db74710, C4<0>, C4<0>, C4<0>;
v000002050dc003f0_0 .net "A", 7 0, v000002050dbfeff0_0;  1 drivers
v000002050dc000d0_0 .net "B", 7 0, v000002050dbff6d0_0;  1 drivers
v000002050dbff590 .array "C", 55 1;
v000002050dbff590_0 .net v000002050dbff590 0, 0 0, L_000002050dc127a0; 1 drivers
v000002050dbff590_1 .net v000002050dbff590 1, 0 0, L_000002050dc13d10; 1 drivers
v000002050dbff590_2 .net v000002050dbff590 2, 0 0, L_000002050dc24b80; 1 drivers
v000002050dbff590_3 .net v000002050dbff590 3, 0 0, L_000002050dc24d40; 1 drivers
v000002050dbff590_4 .net v000002050dbff590 4, 0 0, L_000002050dc258a0; 1 drivers
v000002050dbff590_5 .net v000002050dbff590 5, 0 0, L_000002050dc24330; 1 drivers
v000002050dbff590_6 .net v000002050dbff590 6, 0 0, L_000002050dc251a0; 1 drivers
v000002050dbff590_7 .net v000002050dbff590 7, 0 0, L_000002050dc25830; 1 drivers
v000002050dbff590_8 .net v000002050dbff590 8, 0 0, L_000002050dc24f00; 1 drivers
v000002050dbff590_9 .net v000002050dbff590 9, 0 0, L_000002050dc23e60; 1 drivers
v000002050dbff590_10 .net v000002050dbff590 10, 0 0, L_000002050dc24250; 1 drivers
v000002050dbff590_11 .net v000002050dbff590 11, 0 0, L_000002050dc24790; 1 drivers
v000002050dbff590_12 .net v000002050dbff590 12, 0 0, L_000002050dc25d70; 1 drivers
v000002050dbff590_13 .net v000002050dbff590 13, 0 0, L_000002050dc27cb0; 1 drivers
v000002050dbff590_14 .net v000002050dbff590 14, 0 0, L_000002050dc28b20; 1 drivers
v000002050dbff590_15 .net v000002050dbff590 15, 0 0, L_000002050dc28650; 1 drivers
v000002050dbff590_16 .net v000002050dbff590 16, 0 0, L_000002050dc28110; 1 drivers
v000002050dbff590_17 .net v000002050dbff590 17, 0 0, L_000002050dc28c00; 1 drivers
v000002050dbff590_18 .net v000002050dbff590 18, 0 0, L_000002050dc29060; 1 drivers
v000002050dbff590_19 .net v000002050dbff590 19, 0 0, L_000002050dc29450; 1 drivers
v000002050dbff590_20 .net v000002050dbff590 20, 0 0, L_000002050dc28f80; 1 drivers
v000002050dbff590_21 .net v000002050dbff590 21, 0 0, L_000002050dc27b60; 1 drivers
v000002050dbff590_22 .net v000002050dbff590 22, 0 0, L_000002050dc27ee0; 1 drivers
v000002050dbff590_23 .net v000002050dbff590 23, 0 0, L_000002050dc29760; 1 drivers
v000002050dbff590_24 .net v000002050dbff590 24, 0 0, L_000002050dc29a00; 1 drivers
v000002050dbff590_25 .net v000002050dbff590 25, 0 0, L_000002050dc29840; 1 drivers
v000002050dbff590_26 .net v000002050dbff590 26, 0 0, L_000002050dc27380; 1 drivers
v000002050dbff590_27 .net v000002050dbff590 27, 0 0, L_000002050dc26660; 1 drivers
v000002050dbff590_28 .net v000002050dbff590 28, 0 0, L_000002050dc26e40; 1 drivers
v000002050dbff590_29 .net v000002050dbff590 29, 0 0, L_000002050dc266d0; 1 drivers
v000002050dbff590_30 .net v000002050dbff590 30, 0 0, L_000002050dc26f90; 1 drivers
v000002050dbff590_31 .net v000002050dbff590 31, 0 0, L_000002050dc27150; 1 drivers
v000002050dbff590_32 .net v000002050dbff590 32, 0 0, L_000002050dc26040; 1 drivers
v000002050dbff590_33 .net v000002050dbff590 33, 0 0, L_000002050dc26dd0; 1 drivers
v000002050dbff590_34 .net v000002050dbff590 34, 0 0, L_000002050dc260b0; 1 drivers
v000002050dbff590_35 .net v000002050dbff590 35, 0 0, L_000002050dc277e0; 1 drivers
v000002050dbff590_36 .net v000002050dbff590 36, 0 0, L_000002050dc2dea0; 1 drivers
v000002050dbff590_37 .net v000002050dbff590 37, 0 0, L_000002050dc2e920; 1 drivers
v000002050dbff590_38 .net v000002050dbff590 38, 0 0, L_000002050dc2ea00; 1 drivers
v000002050dbff590_39 .net v000002050dbff590 39, 0 0, L_000002050dc2eae0; 1 drivers
v000002050dbff590_40 .net v000002050dbff590 40, 0 0, L_000002050dc2e0d0; 1 drivers
v000002050dbff590_41 .net v000002050dbff590 41, 0 0, L_000002050dc2efb0; 1 drivers
v000002050dbff590_42 .net v000002050dbff590 42, 0 0, L_000002050dc2df80; 1 drivers
v000002050dbff590_43 .net v000002050dbff590 43, 0 0, L_000002050dc2e450; 1 drivers
v000002050dbff590_44 .net v000002050dbff590 44, 0 0, L_000002050dc2e610; 1 drivers
v000002050dbff590_45 .net v000002050dbff590 45, 0 0, L_000002050dc2f790; 1 drivers
v000002050dbff590_46 .net v000002050dbff590 46, 0 0, L_000002050dc2fb80; 1 drivers
v000002050dbff590_47 .net v000002050dbff590 47, 0 0, L_000002050dc30830; 1 drivers
v000002050dbff590_48 .net v000002050dbff590 48, 0 0, L_000002050dc30980; 1 drivers
v000002050dbff590_49 .net v000002050dbff590 49, 0 0, L_000002050dc31470; 1 drivers
v000002050dbff590_50 .net v000002050dbff590 50, 0 0, L_000002050dc30d00; 1 drivers
v000002050dbff590_51 .net v000002050dbff590 51, 0 0, L_000002050dc31320; 1 drivers
v000002050dbff590_52 .net v000002050dbff590 52, 0 0, L_000002050dc301a0; 1 drivers
v000002050dbff590_53 .net v000002050dbff590 53, 0 0, L_000002050dc31550; 1 drivers
v000002050dbff590_54 .net v000002050dbff590 54, 0 0, L_000002050dc2fc60; 1 drivers
v000002050dc00170_0 .net "Product", 15 0, L_000002050dc16180;  alias, 1 drivers
v000002050dc00990 .array "S", 42 1;
v000002050dc00990_0 .net v000002050dc00990 0, 0 0, L_000002050dc13d80; 1 drivers
v000002050dc00990_1 .net v000002050dc00990 1, 0 0, L_000002050dc24fe0; 1 drivers
v000002050dc00990_2 .net v000002050dc00990 2, 0 0, L_000002050dc25440; 1 drivers
v000002050dc00990_3 .net v000002050dc00990 3, 0 0, L_000002050dc256e0; 1 drivers
v000002050dc00990_4 .net v000002050dc00990 4, 0 0, L_000002050dc24cd0; 1 drivers
v000002050dc00990_5 .net v000002050dc00990 5, 0 0, L_000002050dc25750; 1 drivers
v000002050dc00990_6 .net v000002050dc00990 6, 0 0, L_000002050dc241e0; 1 drivers
v000002050dc00990_7 .net v000002050dc00990 7, 0 0, L_000002050dc24f70; 1 drivers
v000002050dc00990_8 .net v000002050dc00990 8, 0 0, L_000002050dc24950; 1 drivers
v000002050dc00990_9 .net v000002050dc00990 9, 0 0, L_000002050dc24640; 1 drivers
v000002050dc00990_10 .net v000002050dc00990 10, 0 0, L_000002050dc24870; 1 drivers
v000002050dc00990_11 .net v000002050dc00990 11, 0 0, L_000002050dc25ad0; 1 drivers
v000002050dc00990_12 .net v000002050dc00990 12, 0 0, L_000002050dc282d0; 1 drivers
v000002050dc00990_13 .net v000002050dc00990 13, 0 0, L_000002050dc28960; 1 drivers
v000002050dc00990_14 .net v000002050dc00990 14, 0 0, L_000002050dc28570; 1 drivers
v000002050dc00990_15 .net v000002050dc00990 15, 0 0, L_000002050dc27f50; 1 drivers
v000002050dc00990_16 .net v000002050dc00990 16, 0 0, L_000002050dc29370; 1 drivers
v000002050dc00990_17 .net v000002050dc00990 17, 0 0, L_000002050dc28810; 1 drivers
v000002050dc00990_18 .net v000002050dc00990 18, 0 0, L_000002050dc27af0; 1 drivers
v000002050dc00990_19 .net v000002050dc00990 19, 0 0, L_000002050dc27e00; 1 drivers
v000002050dc00990_20 .net v000002050dc00990 20, 0 0, L_000002050dc28260; 1 drivers
v000002050dc00990_21 .net v000002050dc00990 21, 0 0, L_000002050dc29ca0; 1 drivers
v000002050dc00990_22 .net v000002050dc00990 22, 0 0, L_000002050dc29920; 1 drivers
v000002050dc00990_23 .net v000002050dc00990 23, 0 0, L_000002050dc26c10; 1 drivers
v000002050dc00990_24 .net v000002050dc00990 24, 0 0, L_000002050dc267b0; 1 drivers
v000002050dc00990_25 .net v000002050dc00990 25, 0 0, L_000002050dc27070; 1 drivers
v000002050dc00990_26 .net v000002050dc00990 26, 0 0, L_000002050dc25e80; 1 drivers
v000002050dc00990_27 .net v000002050dc00990 27, 0 0, L_000002050dc26ac0; 1 drivers
v000002050dc00990_28 .net v000002050dc00990 28, 0 0, L_000002050dc27230; 1 drivers
v000002050dc00990_29 .net v000002050dc00990 29, 0 0, L_000002050dc26510; 1 drivers
v000002050dc00990_30 .net v000002050dc00990 30, 0 0, L_000002050dc27540; 1 drivers
v000002050dc00990_31 .net v000002050dc00990 31, 0 0, L_000002050dc26200; 1 drivers
v000002050dc00990_32 .net v000002050dc00990 32, 0 0, L_000002050dc2fa30; 1 drivers
v000002050dc00990_33 .net v000002050dc00990 33, 0 0, L_000002050dc2f9c0; 1 drivers
v000002050dc00990_34 .net v000002050dc00990 34, 0 0, L_000002050dc2e840; 1 drivers
v000002050dc00990_35 .net v000002050dc00990 35, 0 0, L_000002050dc2f560; 1 drivers
v000002050dc00990_36 .net v000002050dc00990 36, 0 0, L_000002050dc2ebc0; 1 drivers
v000002050dc00990_37 .net v000002050dc00990 37, 0 0, L_000002050dc2f2c0; 1 drivers
v000002050dc00990_38 .net v000002050dc00990 38, 0 0, L_000002050dc2e060; 1 drivers
v000002050dc00990_39 .net v000002050dc00990 39, 0 0, L_000002050dc2f1e0; 1 drivers
v000002050dc00990_40 .net v000002050dc00990 40, 0 0, L_000002050dc2e680; 1 drivers
v000002050dc00990_41 .net v000002050dc00990 41, 0 0, L_000002050dc30360; 1 drivers
v000002050dbffbd0_0 .net *"_ivl_132", 0 0, L_000002050dc12730;  1 drivers
v000002050dc002b0 .array "pp", 63 0;
v000002050dc002b0_0 .net v000002050dc002b0 0, 0 0, L_000002050db74710; 1 drivers
v000002050dc002b0_1 .net v000002050dc002b0 1, 0 0, L_000002050db74550; 1 drivers
v000002050dc002b0_2 .net v000002050dc002b0 2, 0 0, L_000002050db745c0; 1 drivers
v000002050dc002b0_3 .net v000002050dc002b0 3, 0 0, L_000002050dc122d0; 1 drivers
v000002050dc002b0_4 .net v000002050dc002b0 4, 0 0, L_000002050dc12f80; 1 drivers
v000002050dc002b0_5 .net v000002050dc002b0 5, 0 0, L_000002050dc13530; 1 drivers
v000002050dc002b0_6 .net v000002050dc002b0 6, 0 0, L_000002050dc12ce0; 1 drivers
v000002050dc002b0_7 .net v000002050dc002b0 7, 0 0, L_000002050dc13610; 1 drivers
v000002050dc002b0_8 .net v000002050dc002b0 8, 0 0, L_000002050dc13220; 1 drivers
v000002050dc002b0_9 .net v000002050dc002b0 9, 0 0, L_000002050dc13760; 1 drivers
v000002050dc002b0_10 .net v000002050dc002b0 10, 0 0, L_000002050dc13990; 1 drivers
v000002050dc002b0_11 .net v000002050dc002b0 11, 0 0, L_000002050dc12ff0; 1 drivers
v000002050dc002b0_12 .net v000002050dc002b0 12, 0 0, L_000002050dc13840; 1 drivers
v000002050dc002b0_13 .net v000002050dc002b0 13, 0 0, L_000002050dc12dc0; 1 drivers
v000002050dc002b0_14 .net v000002050dc002b0 14, 0 0, L_000002050dc12d50; 1 drivers
v000002050dc002b0_15 .net v000002050dc002b0 15, 0 0, L_000002050dc12a40; 1 drivers
v000002050dc002b0_16 .net v000002050dc002b0 16, 0 0, L_000002050dc134c0; 1 drivers
v000002050dc002b0_17 .net v000002050dc002b0 17, 0 0, L_000002050dc12490; 1 drivers
v000002050dc002b0_18 .net v000002050dc002b0 18, 0 0, L_000002050dc137d0; 1 drivers
v000002050dc002b0_19 .net v000002050dc002b0 19, 0 0, L_000002050dc12110; 1 drivers
v000002050dc002b0_20 .net v000002050dc002b0 20, 0 0, L_000002050dc12e30; 1 drivers
v000002050dc002b0_21 .net v000002050dc002b0 21, 0 0, L_000002050dc12b20; 1 drivers
v000002050dc002b0_22 .net v000002050dc002b0 22, 0 0, L_000002050dc12ea0; 1 drivers
v000002050dc002b0_23 .net v000002050dc002b0 23, 0 0, L_000002050dc12f10; 1 drivers
v000002050dc002b0_24 .net v000002050dc002b0 24, 0 0, L_000002050dc12500; 1 drivers
v000002050dc002b0_25 .net v000002050dc002b0 25, 0 0, L_000002050dc138b0; 1 drivers
v000002050dc002b0_26 .net v000002050dc002b0 26, 0 0, L_000002050dc12880; 1 drivers
v000002050dc002b0_27 .net v000002050dc002b0 27, 0 0, L_000002050dc13680; 1 drivers
v000002050dc002b0_28 .net v000002050dc002b0 28, 0 0, L_000002050dc130d0; 1 drivers
v000002050dc002b0_29 .net v000002050dc002b0 29, 0 0, L_000002050dc133e0; 1 drivers
v000002050dc002b0_30 .net v000002050dc002b0 30, 0 0, L_000002050dc12260; 1 drivers
v000002050dc002b0_31 .net v000002050dc002b0 31, 0 0, L_000002050dc121f0; 1 drivers
v000002050dc002b0_32 .net v000002050dc002b0 32, 0 0, L_000002050dc13920; 1 drivers
v000002050dc002b0_33 .net v000002050dc002b0 33, 0 0, L_000002050dc12810; 1 drivers
v000002050dc002b0_34 .net v000002050dc002b0 34, 0 0, L_000002050dc13a00; 1 drivers
v000002050dc002b0_35 .net v000002050dc002b0 35, 0 0, L_000002050dc120a0; 1 drivers
v000002050dc002b0_36 .net v000002050dc002b0 36, 0 0, L_000002050dc13450; 1 drivers
v000002050dc002b0_37 .net v000002050dc002b0 37, 0 0, L_000002050dc12ab0; 1 drivers
v000002050dc002b0_38 .net v000002050dc002b0 38, 0 0, L_000002050dc13060; 1 drivers
v000002050dc002b0_39 .net v000002050dc002b0 39, 0 0, L_000002050dc136f0; 1 drivers
v000002050dc002b0_40 .net v000002050dc002b0 40, 0 0, L_000002050dc12b90; 1 drivers
v000002050dc002b0_41 .net v000002050dc002b0 41, 0 0, L_000002050dc13a70; 1 drivers
v000002050dc002b0_42 .net v000002050dc002b0 42, 0 0, L_000002050dc12c00; 1 drivers
v000002050dc002b0_43 .net v000002050dc002b0 43, 0 0, L_000002050dc13ae0; 1 drivers
v000002050dc002b0_44 .net v000002050dc002b0 44, 0 0, L_000002050dc12340; 1 drivers
v000002050dc002b0_45 .net v000002050dc002b0 45, 0 0, L_000002050dc13140; 1 drivers
v000002050dc002b0_46 .net v000002050dc002b0 46, 0 0, L_000002050dc131b0; 1 drivers
v000002050dc002b0_47 .net v000002050dc002b0 47, 0 0, L_000002050dc12c70; 1 drivers
v000002050dc002b0_48 .net v000002050dc002b0 48, 0 0, L_000002050dc12960; 1 drivers
v000002050dc002b0_49 .net v000002050dc002b0 49, 0 0, L_000002050dc12420; 1 drivers
v000002050dc002b0_50 .net v000002050dc002b0 50, 0 0, L_000002050dc12570; 1 drivers
v000002050dc002b0_51 .net v000002050dc002b0 51, 0 0, L_000002050dc13290; 1 drivers
v000002050dc002b0_52 .net v000002050dc002b0 52, 0 0, L_000002050dc13300; 1 drivers
v000002050dc002b0_53 .net v000002050dc002b0 53, 0 0, L_000002050dc13370; 1 drivers
v000002050dc002b0_54 .net v000002050dc002b0 54, 0 0, L_000002050dc125e0; 1 drivers
v000002050dc002b0_55 .net v000002050dc002b0 55, 0 0, L_000002050dc13b50; 1 drivers
v000002050dc002b0_56 .net v000002050dc002b0 56, 0 0, L_000002050dc135a0; 1 drivers
v000002050dc002b0_57 .net v000002050dc002b0 57, 0 0, L_000002050dc11fc0; 1 drivers
v000002050dc002b0_58 .net v000002050dc002b0 58, 0 0, L_000002050dc129d0; 1 drivers
v000002050dc002b0_59 .net v000002050dc002b0 59, 0 0, L_000002050dc12030; 1 drivers
v000002050dc002b0_60 .net v000002050dc002b0 60, 0 0, L_000002050dc12180; 1 drivers
v000002050dc002b0_61 .net v000002050dc002b0 61, 0 0, L_000002050dc126c0; 1 drivers
v000002050dc002b0_62 .net v000002050dc002b0 62, 0 0, L_000002050dc123b0; 1 drivers
v000002050dc002b0_63 .net v000002050dc002b0 63, 0 0, L_000002050dc12650; 1 drivers
L_000002050dc005d0 .part v000002050dbfeff0_0, 0, 1;
L_000002050dbfeb90 .part v000002050dbff6d0_0, 0, 1;
L_000002050dbfe5f0 .part v000002050dbfeff0_0, 1, 1;
L_000002050dbfe7d0 .part v000002050dbff6d0_0, 0, 1;
L_000002050dbfed70 .part v000002050dbfeff0_0, 2, 1;
L_000002050dbff090 .part v000002050dbff6d0_0, 0, 1;
L_000002050dbfea50 .part v000002050dbfeff0_0, 3, 1;
L_000002050dc00670 .part v000002050dbff6d0_0, 0, 1;
L_000002050dbff770 .part v000002050dbfeff0_0, 4, 1;
L_000002050dbfe550 .part v000002050dbff6d0_0, 0, 1;
L_000002050dbffef0 .part v000002050dbfeff0_0, 5, 1;
L_000002050dbfeaf0 .part v000002050dbff6d0_0, 0, 1;
L_000002050dbffb30 .part v000002050dbfeff0_0, 6, 1;
L_000002050dbfee10 .part v000002050dbff6d0_0, 0, 1;
L_000002050dbfec30 .part v000002050dbfeff0_0, 7, 1;
L_000002050dc00490 .part v000002050dbff6d0_0, 0, 1;
L_000002050dbffd10 .part v000002050dbfeff0_0, 0, 1;
L_000002050dbff130 .part v000002050dbff6d0_0, 1, 1;
L_000002050dbff950 .part v000002050dbfeff0_0, 1, 1;
L_000002050dc00530 .part v000002050dbff6d0_0, 1, 1;
L_000002050dbff1d0 .part v000002050dbfeff0_0, 2, 1;
L_000002050dbfecd0 .part v000002050dbff6d0_0, 1, 1;
L_000002050dbff630 .part v000002050dbfeff0_0, 3, 1;
L_000002050dbff810 .part v000002050dbff6d0_0, 1, 1;
L_000002050dc00710 .part v000002050dbfeff0_0, 4, 1;
L_000002050dbfe870 .part v000002050dbff6d0_0, 1, 1;
L_000002050dc008f0 .part v000002050dbfeff0_0, 5, 1;
L_000002050dc007b0 .part v000002050dbff6d0_0, 1, 1;
L_000002050dc00850 .part v000002050dbfeff0_0, 6, 1;
L_000002050dbfe2d0 .part v000002050dbff6d0_0, 1, 1;
L_000002050dbfe230 .part v000002050dbfeff0_0, 7, 1;
L_000002050dbfe370 .part v000002050dbff6d0_0, 1, 1;
L_000002050dbfe690 .part v000002050dbfeff0_0, 0, 1;
L_000002050dbff8b0 .part v000002050dbff6d0_0, 2, 1;
L_000002050dbfeeb0 .part v000002050dbfeff0_0, 1, 1;
L_000002050dbfef50 .part v000002050dbff6d0_0, 2, 1;
L_000002050dbff310 .part v000002050dbfeff0_0, 2, 1;
L_000002050dbff270 .part v000002050dbff6d0_0, 2, 1;
L_000002050dbff3b0 .part v000002050dbfeff0_0, 3, 1;
L_000002050dbff450 .part v000002050dbff6d0_0, 2, 1;
L_000002050dbffc70 .part v000002050dbfeff0_0, 4, 1;
L_000002050dbff4f0 .part v000002050dbff6d0_0, 2, 1;
L_000002050dbffdb0 .part v000002050dbfeff0_0, 5, 1;
L_000002050dbffe50 .part v000002050dbff6d0_0, 2, 1;
L_000002050dbfff90 .part v000002050dbfeff0_0, 6, 1;
L_000002050dc1a000 .part v000002050dbff6d0_0, 2, 1;
L_000002050dc19d80 .part v000002050dbfeff0_0, 7, 1;
L_000002050dc1a3c0 .part v000002050dbff6d0_0, 2, 1;
L_000002050dc1adc0 .part v000002050dbfeff0_0, 0, 1;
L_000002050dc1b900 .part v000002050dbff6d0_0, 3, 1;
L_000002050dc1b9a0 .part v000002050dbfeff0_0, 1, 1;
L_000002050dc1bae0 .part v000002050dbff6d0_0, 3, 1;
L_000002050dc1af00 .part v000002050dbfeff0_0, 2, 1;
L_000002050dc19600 .part v000002050dbff6d0_0, 3, 1;
L_000002050dc19b00 .part v000002050dbfeff0_0, 3, 1;
L_000002050dc1bd60 .part v000002050dbff6d0_0, 3, 1;
L_000002050dc1b220 .part v000002050dbfeff0_0, 4, 1;
L_000002050dc19e20 .part v000002050dbff6d0_0, 3, 1;
L_000002050dc197e0 .part v000002050dbfeff0_0, 5, 1;
L_000002050dc1a640 .part v000002050dbff6d0_0, 3, 1;
L_000002050dc19880 .part v000002050dbfeff0_0, 6, 1;
L_000002050dc1afa0 .part v000002050dbff6d0_0, 3, 1;
L_000002050dc19920 .part v000002050dbfeff0_0, 7, 1;
L_000002050dc1a1e0 .part v000002050dbff6d0_0, 3, 1;
L_000002050dc1ae60 .part v000002050dbfeff0_0, 0, 1;
L_000002050dc19ec0 .part v000002050dbff6d0_0, 4, 1;
L_000002050dc196a0 .part v000002050dbfeff0_0, 1, 1;
L_000002050dc199c0 .part v000002050dbff6d0_0, 4, 1;
L_000002050dc1ba40 .part v000002050dbfeff0_0, 2, 1;
L_000002050dc1bb80 .part v000002050dbff6d0_0, 4, 1;
L_000002050dc19a60 .part v000002050dbfeff0_0, 3, 1;
L_000002050dc1aaa0 .part v000002050dbff6d0_0, 4, 1;
L_000002050dc1bc20 .part v000002050dbfeff0_0, 4, 1;
L_000002050dc19ba0 .part v000002050dbff6d0_0, 4, 1;
L_000002050dc1b4a0 .part v000002050dbfeff0_0, 5, 1;
L_000002050dc1b0e0 .part v000002050dbff6d0_0, 4, 1;
L_000002050dc1b540 .part v000002050dbfeff0_0, 6, 1;
L_000002050dc1a8c0 .part v000002050dbff6d0_0, 4, 1;
L_000002050dc1bcc0 .part v000002050dbfeff0_0, 7, 1;
L_000002050dc1a0a0 .part v000002050dbff6d0_0, 4, 1;
L_000002050dc1b180 .part v000002050dbfeff0_0, 0, 1;
L_000002050dc1b2c0 .part v000002050dbff6d0_0, 5, 1;
L_000002050dc19c40 .part v000002050dbfeff0_0, 1, 1;
L_000002050dc1b400 .part v000002050dbff6d0_0, 5, 1;
L_000002050dc1a460 .part v000002050dbfeff0_0, 2, 1;
L_000002050dc19740 .part v000002050dbff6d0_0, 5, 1;
L_000002050dc1a280 .part v000002050dbfeff0_0, 3, 1;
L_000002050dc1a320 .part v000002050dbff6d0_0, 5, 1;
L_000002050dc1a500 .part v000002050dbfeff0_0, 4, 1;
L_000002050dc1b360 .part v000002050dbff6d0_0, 5, 1;
L_000002050dc19ce0 .part v000002050dbfeff0_0, 5, 1;
L_000002050dc19f60 .part v000002050dbff6d0_0, 5, 1;
L_000002050dc1b040 .part v000002050dbfeff0_0, 6, 1;
L_000002050dc1b5e0 .part v000002050dbff6d0_0, 5, 1;
L_000002050dc1b7c0 .part v000002050dbfeff0_0, 7, 1;
L_000002050dc1a140 .part v000002050dbff6d0_0, 5, 1;
L_000002050dc1a5a0 .part v000002050dbfeff0_0, 0, 1;
L_000002050dc1b720 .part v000002050dbff6d0_0, 6, 1;
L_000002050dc1a6e0 .part v000002050dbfeff0_0, 1, 1;
L_000002050dc1b680 .part v000002050dbff6d0_0, 6, 1;
L_000002050dc1a780 .part v000002050dbfeff0_0, 2, 1;
L_000002050dc1a820 .part v000002050dbff6d0_0, 6, 1;
L_000002050dc1abe0 .part v000002050dbfeff0_0, 3, 1;
L_000002050dc1b860 .part v000002050dbff6d0_0, 6, 1;
L_000002050dc1a960 .part v000002050dbfeff0_0, 4, 1;
L_000002050dc1aa00 .part v000002050dbff6d0_0, 6, 1;
L_000002050dc1ab40 .part v000002050dbfeff0_0, 5, 1;
L_000002050dc1ac80 .part v000002050dbff6d0_0, 6, 1;
L_000002050dc1ad20 .part v000002050dbfeff0_0, 6, 1;
L_000002050dc1c440 .part v000002050dbff6d0_0, 6, 1;
L_000002050dc1c4e0 .part v000002050dbfeff0_0, 7, 1;
L_000002050dc1be00 .part v000002050dbff6d0_0, 6, 1;
L_000002050dc1bf40 .part v000002050dbfeff0_0, 0, 1;
L_000002050dc1c3a0 .part v000002050dbff6d0_0, 7, 1;
L_000002050dc1bea0 .part v000002050dbfeff0_0, 1, 1;
L_000002050dc1bfe0 .part v000002050dbff6d0_0, 7, 1;
L_000002050dc1c260 .part v000002050dbfeff0_0, 2, 1;
L_000002050dc1c080 .part v000002050dbff6d0_0, 7, 1;
L_000002050dc1c120 .part v000002050dbfeff0_0, 3, 1;
L_000002050dc1c1c0 .part v000002050dbff6d0_0, 7, 1;
L_000002050dc1c300 .part v000002050dbfeff0_0, 4, 1;
L_000002050dc15be0 .part v000002050dbff6d0_0, 7, 1;
L_000002050dc14920 .part v000002050dbfeff0_0, 5, 1;
L_000002050dc15dc0 .part v000002050dbff6d0_0, 7, 1;
L_000002050dc15d20 .part v000002050dbfeff0_0, 6, 1;
L_000002050dc14d80 .part v000002050dbff6d0_0, 7, 1;
L_000002050dc151e0 .part v000002050dbfeff0_0, 7, 1;
L_000002050dc15e60 .part v000002050dbff6d0_0, 7, 1;
LS_000002050dc16180_0_0 .concat8 [ 1 1 1 1], L_000002050dc12730, L_000002050dc128f0, L_000002050dc25910, L_000002050dc28730;
LS_000002050dc16180_0_4 .concat8 [ 1 1 1 1], L_000002050dc29b50, L_000002050dc27460, L_000002050dc2eb50, L_000002050dc30c20;
LS_000002050dc16180_0_8 .concat8 [ 1 1 1 1], L_000002050dc30670, L_000002050dc30bb0, L_000002050dc306e0, L_000002050dc30de0;
LS_000002050dc16180_0_12 .concat8 [ 1 1 1 1], L_000002050dc30e50, L_000002050dc315c0, L_000002050dc2fcd0, L_000002050dc311d0;
L_000002050dc16180 .concat8 [ 4 4 4 4], LS_000002050dc16180_0_0, LS_000002050dc16180_0_4, LS_000002050dc16180_0_8, LS_000002050dc16180_0_12;
S_000002050da69d10 .scope module, "FA1" "full_adder" 4 39, 5 1 0, S_000002050db86d90;
 .timescale 0 0;
    .port_info 0 /INPUT 1 "A";
    .port_info 1 /INPUT 1 "B";
    .port_info 2 /INPUT 1 "Cin";
    .port_info 3 /OUTPUT 1 "Sum";
    .port_info 4 /OUTPUT 1 "Cout";
L_000002050dc13bc0 .functor XOR 1, L_000002050dc13760, L_000002050dc134c0, C4<0>, C4<0>;
L_000002050dc13d80 .functor XOR 1, L_000002050dc13bc0, L_000002050dc127a0, C4<0>, C4<0>;
L_000002050dc13ed0 .functor AND 1, L_000002050dc13760, L_000002050dc134c0, C4<1>, C4<1>;
L_000002050dc13df0 .functor AND 1, L_000002050dc13760, L_000002050dc127a0, C4<1>, C4<1>;
L_000002050dc13e60 .functor OR 1, L_000002050dc13ed0, L_000002050dc13df0, C4<0>, C4<0>;
L_000002050dc13c30 .functor AND 1, L_000002050dc134c0, L_000002050dc127a0, C4<1>, C4<1>;
L_000002050dc13d10 .functor OR 1, L_000002050dc13e60, L_000002050dc13c30, C4<0>, C4<0>;
v000002050db7fe90_0 .net "A", 0 0, L_000002050dc13760;  alias, 1 drivers
v000002050db7f3f0_0 .net "B", 0 0, L_000002050dc134c0;  alias, 1 drivers
v000002050db7fd50_0 .net "Cin", 0 0, L_000002050dc127a0;  alias, 1 drivers
v000002050db7f030_0 .net "Cout", 0 0, L_000002050dc13d10;  alias, 1 drivers
v000002050db7f0d0_0 .net "Sum", 0 0, L_000002050dc13d80;  alias, 1 drivers
v000002050db7f990_0 .net *"_ivl_0", 0 0, L_000002050dc13bc0;  1 drivers
v000002050db7f7b0_0 .net *"_ivl_10", 0 0, L_000002050dc13c30;  1 drivers
v000002050db7f350_0 .net *"_ivl_4", 0 0, L_000002050dc13ed0;  1 drivers
v000002050db7f210_0 .net *"_ivl_6", 0 0, L_000002050dc13df0;  1 drivers
v000002050db7f490_0 .net *"_ivl_8", 0 0, L_000002050dc13e60;  1 drivers
S_000002050da69ea0 .scope module, "FA10" "full_adder" 4 136, 5 1 0, S_000002050db86d90;
 .timescale 0 0;
    .port_info 0 /INPUT 1 "A";
    .port_info 1 /INPUT 1 "B";
    .port_info 2 /INPUT 1 "Cin";
    .port_info 3 /OUTPUT 1 "Sum";
    .port_info 4 /OUTPUT 1 "Cout";
L_000002050dc24800 .functor XOR 1, L_000002050dc13a00, L_000002050dc24cd0, C4<0>, C4<0>;
L_000002050dc24870 .functor XOR 1, L_000002050dc24800, L_000002050dc24790, C4<0>, C4<0>;
L_000002050dc24a30 .functor AND 1, L_000002050dc13a00, L_000002050dc24cd0, C4<1>, C4<1>;
L_000002050dc24e90 .functor AND 1, L_000002050dc13a00, L_000002050dc24790, C4<1>, C4<1>;
L_000002050dc24b10 .functor OR 1, L_000002050dc24a30, L_000002050dc24e90, C4<0>, C4<0>;
L_000002050dc25d00 .functor AND 1, L_000002050dc24cd0, L_000002050dc24790, C4<1>, C4<1>;
L_000002050dc25d70 .functor OR 1, L_000002050dc24b10, L_000002050dc25d00, C4<0>, C4<0>;
v000002050db7f530_0 .net "A", 0 0, L_000002050dc13a00;  alias, 1 drivers
v000002050db7f5d0_0 .net "B", 0 0, L_000002050dc24cd0;  alias, 1 drivers
v000002050db7f670_0 .net "Cin", 0 0, L_000002050dc24790;  alias, 1 drivers
v000002050db7eef0_0 .net "Cout", 0 0, L_000002050dc25d70;  alias, 1 drivers
v000002050db7cb50_0 .net "Sum", 0 0, L_000002050dc24870;  alias, 1 drivers
v000002050db7dff0_0 .net *"_ivl_0", 0 0, L_000002050dc24800;  1 drivers
v000002050db7d730_0 .net *"_ivl_10", 0 0, L_000002050dc25d00;  1 drivers
v000002050db7da50_0 .net *"_ivl_4", 0 0, L_000002050dc24a30;  1 drivers
v000002050db7dc30_0 .net *"_ivl_6", 0 0, L_000002050dc24e90;  1 drivers
v000002050db7e4f0_0 .net *"_ivl_8", 0 0, L_000002050dc24b10;  1 drivers
S_000002050da6a030 .scope module, "FA11" "full_adder" 4 145, 5 1 0, S_000002050db86d90;
 .timescale 0 0;
    .port_info 0 /INPUT 1 "A";
    .port_info 1 /INPUT 1 "B";
    .port_info 2 /INPUT 1 "Cin";
    .port_info 3 /OUTPUT 1 "Sum";
    .port_info 4 /OUTPUT 1 "Cout";
L_000002050dc25a60 .functor XOR 1, L_000002050dc12c00, L_000002050dc25750, C4<0>, C4<0>;
L_000002050dc25ad0 .functor XOR 1, L_000002050dc25a60, L_000002050dc25d70, C4<0>, C4<0>;
L_000002050dc25b40 .functor AND 1, L_000002050dc12c00, L_000002050dc25750, C4<1>, C4<1>;
L_000002050dc25bb0 .functor AND 1, L_000002050dc12c00, L_000002050dc25d70, C4<1>, C4<1>;
L_000002050dc25c20 .functor OR 1, L_000002050dc25b40, L_000002050dc25bb0, C4<0>, C4<0>;
L_000002050dc25c90 .functor AND 1, L_000002050dc25750, L_000002050dc25d70, C4<1>, C4<1>;
L_000002050dc27cb0 .functor OR 1, L_000002050dc25c20, L_000002050dc25c90, C4<0>, C4<0>;
v000002050db7eb30_0 .net "A", 0 0, L_000002050dc12c00;  alias, 1 drivers
v000002050db7d410_0 .net "B", 0 0, L_000002050dc25750;  alias, 1 drivers
v000002050db7ef90_0 .net "Cin", 0 0, L_000002050dc25d70;  alias, 1 drivers
v000002050db7e090_0 .net "Cout", 0 0, L_000002050dc27cb0;  alias, 1 drivers
v000002050db7cc90_0 .net "Sum", 0 0, L_000002050dc25ad0;  alias, 1 drivers
v000002050db7daf0_0 .net *"_ivl_0", 0 0, L_000002050dc25a60;  1 drivers
v000002050db7d7d0_0 .net *"_ivl_10", 0 0, L_000002050dc25c90;  1 drivers
v000002050db7e8b0_0 .net *"_ivl_4", 0 0, L_000002050dc25b40;  1 drivers
v000002050db7e130_0 .net *"_ivl_6", 0 0, L_000002050dc25bb0;  1 drivers
v000002050db7e3b0_0 .net *"_ivl_8", 0 0, L_000002050dc25c20;  1 drivers
S_000002050da39800 .scope module, "FA12" "full_adder" 4 154, 5 1 0, S_000002050db86d90;
 .timescale 0 0;
    .port_info 0 /INPUT 1 "A";
    .port_info 1 /INPUT 1 "B";
    .port_info 2 /INPUT 1 "Cin";
    .port_info 3 /OUTPUT 1 "Sum";
    .port_info 4 /OUTPUT 1 "Cout";
L_000002050dc28ab0 .functor XOR 1, L_000002050dc12570, L_000002050dc241e0, C4<0>, C4<0>;
L_000002050dc282d0 .functor XOR 1, L_000002050dc28ab0, L_000002050dc27cb0, C4<0>, C4<0>;
L_000002050dc290d0 .functor AND 1, L_000002050dc12570, L_000002050dc241e0, C4<1>, C4<1>;
L_000002050dc28500 .functor AND 1, L_000002050dc12570, L_000002050dc27cb0, C4<1>, C4<1>;
L_000002050dc27d20 .functor OR 1, L_000002050dc290d0, L_000002050dc28500, C4<0>, C4<0>;
L_000002050dc295a0 .functor AND 1, L_000002050dc241e0, L_000002050dc27cb0, C4<1>, C4<1>;
L_000002050dc28b20 .functor OR 1, L_000002050dc27d20, L_000002050dc295a0, C4<0>, C4<0>;
v000002050db7e590_0 .net "A", 0 0, L_000002050dc12570;  alias, 1 drivers
v000002050db7d050_0 .net "B", 0 0, L_000002050dc241e0;  alias, 1 drivers
v000002050db7dd70_0 .net "Cin", 0 0, L_000002050dc27cb0;  alias, 1 drivers
v000002050db7ebd0_0 .net "Cout", 0 0, L_000002050dc28b20;  alias, 1 drivers
v000002050db7c830_0 .net "Sum", 0 0, L_000002050dc282d0;  alias, 1 drivers
v000002050db7e9f0_0 .net *"_ivl_0", 0 0, L_000002050dc28ab0;  1 drivers
v000002050db7c8d0_0 .net *"_ivl_10", 0 0, L_000002050dc295a0;  1 drivers
v000002050db7e310_0 .net *"_ivl_4", 0 0, L_000002050dc290d0;  1 drivers
v000002050db7d5f0_0 .net *"_ivl_6", 0 0, L_000002050dc28500;  1 drivers
v000002050db7d4b0_0 .net *"_ivl_8", 0 0, L_000002050dc27d20;  1 drivers
S_000002050da39990 .scope module, "FA13" "full_adder" 4 163, 5 1 0, S_000002050db86d90;
 .timescale 0 0;
    .port_info 0 /INPUT 1 "A";
    .port_info 1 /INPUT 1 "B";
    .port_info 2 /INPUT 1 "Cin";
    .port_info 3 /OUTPUT 1 "Sum";
    .port_info 4 /OUTPUT 1 "Cout";
L_000002050dc29610 .functor XOR 1, L_000002050dc129d0, L_000002050dc25830, C4<0>, C4<0>;
L_000002050dc28960 .functor XOR 1, L_000002050dc29610, L_000002050dc28b20, C4<0>, C4<0>;
L_000002050dc291b0 .functor AND 1, L_000002050dc129d0, L_000002050dc25830, C4<1>, C4<1>;
L_000002050dc285e0 .functor AND 1, L_000002050dc129d0, L_000002050dc28b20, C4<1>, C4<1>;
L_000002050dc27bd0 .functor OR 1, L_000002050dc291b0, L_000002050dc285e0, C4<0>, C4<0>;
L_000002050dc28420 .functor AND 1, L_000002050dc25830, L_000002050dc28b20, C4<1>, C4<1>;
L_000002050dc28650 .functor OR 1, L_000002050dc27bd0, L_000002050dc28420, C4<0>, C4<0>;
v000002050db7e6d0_0 .net "A", 0 0, L_000002050dc129d0;  alias, 1 drivers
v000002050db7dcd0_0 .net "B", 0 0, L_000002050dc25830;  alias, 1 drivers
v000002050db7e630_0 .net "Cin", 0 0, L_000002050dc28b20;  alias, 1 drivers
v000002050db7e1d0_0 .net "Cout", 0 0, L_000002050dc28650;  alias, 1 drivers
v000002050db7e270_0 .net "Sum", 0 0, L_000002050dc28960;  alias, 1 drivers
v000002050db7c970_0 .net *"_ivl_0", 0 0, L_000002050dc29610;  1 drivers
v000002050db7e770_0 .net *"_ivl_10", 0 0, L_000002050dc28420;  1 drivers
v000002050db7d2d0_0 .net *"_ivl_4", 0 0, L_000002050dc291b0;  1 drivers
v000002050db7e450_0 .net *"_ivl_6", 0 0, L_000002050dc285e0;  1 drivers
v000002050db7cbf0_0 .net *"_ivl_8", 0 0, L_000002050dc27bd0;  1 drivers
S_000002050da39b20 .scope module, "FA14" "full_adder" 4 180, 5 1 0, S_000002050db86d90;
 .timescale 0 0;
    .port_info 0 /INPUT 1 "A";
    .port_info 1 /INPUT 1 "B";
    .port_info 2 /INPUT 1 "Cin";
    .port_info 3 /OUTPUT 1 "Sum";
    .port_info 4 /OUTPUT 1 "Cout";
L_000002050dc27a80 .functor XOR 1, L_000002050dc12ff0, L_000002050dc24950, C4<0>, C4<0>;
L_000002050dc28570 .functor XOR 1, L_000002050dc27a80, L_000002050dc28110, C4<0>, C4<0>;
L_000002050dc27fc0 .functor AND 1, L_000002050dc12ff0, L_000002050dc24950, C4<1>, C4<1>;
L_000002050dc28a40 .functor AND 1, L_000002050dc12ff0, L_000002050dc28110, C4<1>, C4<1>;
L_000002050dc280a0 .functor OR 1, L_000002050dc27fc0, L_000002050dc28a40, C4<0>, C4<0>;
L_000002050dc28b90 .functor AND 1, L_000002050dc24950, L_000002050dc28110, C4<1>, C4<1>;
L_000002050dc28c00 .functor OR 1, L_000002050dc280a0, L_000002050dc28b90, C4<0>, C4<0>;
v000002050db7d690_0 .net "A", 0 0, L_000002050dc12ff0;  alias, 1 drivers
v000002050db7d0f0_0 .net "B", 0 0, L_000002050dc24950;  alias, 1 drivers
v000002050db7ca10_0 .net "Cin", 0 0, L_000002050dc28110;  alias, 1 drivers
v000002050db7cab0_0 .net "Cout", 0 0, L_000002050dc28c00;  alias, 1 drivers
v000002050db7d870_0 .net "Sum", 0 0, L_000002050dc28570;  alias, 1 drivers
v000002050db7ec70_0 .net *"_ivl_0", 0 0, L_000002050dc27a80;  1 drivers
v000002050db7ed10_0 .net *"_ivl_10", 0 0, L_000002050dc28b90;  1 drivers
v000002050db7d230_0 .net *"_ivl_4", 0 0, L_000002050dc27fc0;  1 drivers
v000002050db7e810_0 .net *"_ivl_6", 0 0, L_000002050dc28a40;  1 drivers
v000002050db7cd30_0 .net *"_ivl_8", 0 0, L_000002050dc280a0;  1 drivers
S_000002050d9ece80 .scope module, "FA15" "full_adder" 4 189, 5 1 0, S_000002050db86d90;
 .timescale 0 0;
    .port_info 0 /INPUT 1 "A";
    .port_info 1 /INPUT 1 "B";
    .port_info 2 /INPUT 1 "Cin";
    .port_info 3 /OUTPUT 1 "Sum";
    .port_info 4 /OUTPUT 1 "Cout";
L_000002050dc28030 .functor XOR 1, L_000002050dc12110, L_000002050dc24640, C4<0>, C4<0>;
L_000002050dc27f50 .functor XOR 1, L_000002050dc28030, L_000002050dc28c00, C4<0>, C4<0>;
L_000002050dc29220 .functor AND 1, L_000002050dc12110, L_000002050dc24640, C4<1>, C4<1>;
L_000002050dc29300 .functor AND 1, L_000002050dc12110, L_000002050dc28c00, C4<1>, C4<1>;
L_000002050dc28ff0 .functor OR 1, L_000002050dc29220, L_000002050dc29300, C4<0>, C4<0>;
L_000002050dc28c70 .functor AND 1, L_000002050dc24640, L_000002050dc28c00, C4<1>, C4<1>;
L_000002050dc29060 .functor OR 1, L_000002050dc28ff0, L_000002050dc28c70, C4<0>, C4<0>;
v000002050db7cf10_0 .net "A", 0 0, L_000002050dc12110;  alias, 1 drivers
v000002050db7db90_0 .net "B", 0 0, L_000002050dc24640;  alias, 1 drivers
v000002050db7edb0_0 .net "Cin", 0 0, L_000002050dc28c00;  alias, 1 drivers
v000002050db7d910_0 .net "Cout", 0 0, L_000002050dc29060;  alias, 1 drivers
v000002050db7ce70_0 .net "Sum", 0 0, L_000002050dc27f50;  alias, 1 drivers
v000002050db7e950_0 .net *"_ivl_0", 0 0, L_000002050dc28030;  1 drivers
v000002050db7cfb0_0 .net *"_ivl_10", 0 0, L_000002050dc28c70;  1 drivers
v000002050db7ea90_0 .net *"_ivl_4", 0 0, L_000002050dc29220;  1 drivers
v000002050db7cdd0_0 .net *"_ivl_6", 0 0, L_000002050dc29300;  1 drivers
v000002050db7ee50_0 .net *"_ivl_8", 0 0, L_000002050dc28ff0;  1 drivers
S_000002050d9ed010 .scope module, "FA16" "full_adder" 4 198, 5 1 0, S_000002050db86d90;
 .timescale 0 0;
    .port_info 0 /INPUT 1 "A";
    .port_info 1 /INPUT 1 "B";
    .port_info 2 /INPUT 1 "Cin";
    .port_info 3 /OUTPUT 1 "Sum";
    .port_info 4 /OUTPUT 1 "Cout";
L_000002050dc293e0 .functor XOR 1, L_000002050dc13680, L_000002050dc24870, C4<0>, C4<0>;
L_000002050dc29370 .functor XOR 1, L_000002050dc293e0, L_000002050dc29060, C4<0>, C4<0>;
L_000002050dc27c40 .functor AND 1, L_000002050dc13680, L_000002050dc24870, C4<1>, C4<1>;
L_000002050dc28d50 .functor AND 1, L_000002050dc13680, L_000002050dc29060, C4<1>, C4<1>;
L_000002050dc286c0 .functor OR 1, L_000002050dc27c40, L_000002050dc28d50, C4<0>, C4<0>;
L_000002050dc27d90 .functor AND 1, L_000002050dc24870, L_000002050dc29060, C4<1>, C4<1>;
L_000002050dc29450 .functor OR 1, L_000002050dc286c0, L_000002050dc27d90, C4<0>, C4<0>;
v000002050db7d190_0 .net "A", 0 0, L_000002050dc13680;  alias, 1 drivers
v000002050db7d550_0 .net "B", 0 0, L_000002050dc24870;  alias, 1 drivers
v000002050db7d370_0 .net "Cin", 0 0, L_000002050dc29060;  alias, 1 drivers
v000002050db7d9b0_0 .net "Cout", 0 0, L_000002050dc29450;  alias, 1 drivers
v000002050db7de10_0 .net "Sum", 0 0, L_000002050dc29370;  alias, 1 drivers
v000002050db7deb0_0 .net *"_ivl_0", 0 0, L_000002050dc293e0;  1 drivers
v000002050db7df50_0 .net *"_ivl_10", 0 0, L_000002050dc27d90;  1 drivers
v000002050db541d0_0 .net *"_ivl_4", 0 0, L_000002050dc27c40;  1 drivers
v000002050db52fb0_0 .net *"_ivl_6", 0 0, L_000002050dc28d50;  1 drivers
v000002050db532d0_0 .net *"_ivl_8", 0 0, L_000002050dc286c0;  1 drivers
S_000002050d9ed1a0 .scope module, "FA17" "full_adder" 4 207, 5 1 0, S_000002050db86d90;
 .timescale 0 0;
    .port_info 0 /INPUT 1 "A";
    .port_info 1 /INPUT 1 "B";
    .port_info 2 /INPUT 1 "Cin";
    .port_info 3 /OUTPUT 1 "Sum";
    .port_info 4 /OUTPUT 1 "Cout";
L_000002050dc287a0 .functor XOR 1, L_000002050dc120a0, L_000002050dc25ad0, C4<0>, C4<0>;
L_000002050dc28810 .functor XOR 1, L_000002050dc287a0, L_000002050dc29450, C4<0>, C4<0>;
L_000002050dc28490 .functor AND 1, L_000002050dc120a0, L_000002050dc25ad0, C4<1>, C4<1>;
L_000002050dc29140 .functor AND 1, L_000002050dc120a0, L_000002050dc29450, C4<1>, C4<1>;
L_000002050dc294c0 .functor OR 1, L_000002050dc28490, L_000002050dc29140, C4<0>, C4<0>;
L_000002050dc29290 .functor AND 1, L_000002050dc25ad0, L_000002050dc29450, C4<1>, C4<1>;
L_000002050dc28f80 .functor OR 1, L_000002050dc294c0, L_000002050dc29290, C4<0>, C4<0>;
v000002050db53370_0 .net "A", 0 0, L_000002050dc120a0;  alias, 1 drivers
v000002050db51d90_0 .net "B", 0 0, L_000002050dc25ad0;  alias, 1 drivers
v000002050daeabd0_0 .net "Cin", 0 0, L_000002050dc29450;  alias, 1 drivers
v000002050daeac70_0 .net "Cout", 0 0, L_000002050dc28f80;  alias, 1 drivers
v000002050daed940_0 .net "Sum", 0 0, L_000002050dc28810;  alias, 1 drivers
v000002050db0c340_0 .net *"_ivl_0", 0 0, L_000002050dc287a0;  1 drivers
v000002050db27aa0_0 .net *"_ivl_10", 0 0, L_000002050dc29290;  1 drivers
v000002050db342c0_0 .net *"_ivl_4", 0 0, L_000002050dc28490;  1 drivers
v000002050dbe0460_0 .net *"_ivl_6", 0 0, L_000002050dc29140;  1 drivers
v000002050dbdf560_0 .net *"_ivl_8", 0 0, L_000002050dc294c0;  1 drivers
S_000002050da06320 .scope module, "FA18" "full_adder" 4 216, 5 1 0, S_000002050db86d90;
 .timescale 0 0;
    .port_info 0 /INPUT 1 "A";
    .port_info 1 /INPUT 1 "B";
    .port_info 2 /INPUT 1 "Cin";
    .port_info 3 /OUTPUT 1 "Sum";
    .port_info 4 /OUTPUT 1 "Cout";
L_000002050dc28ce0 .functor XOR 1, L_000002050dc13ae0, L_000002050dc282d0, C4<0>, C4<0>;
L_000002050dc27af0 .functor XOR 1, L_000002050dc28ce0, L_000002050dc28f80, C4<0>, C4<0>;
L_000002050dc289d0 .functor AND 1, L_000002050dc13ae0, L_000002050dc282d0, C4<1>, C4<1>;
L_000002050dc29530 .functor AND 1, L_000002050dc13ae0, L_000002050dc28f80, C4<1>, C4<1>;
L_000002050dc28180 .functor OR 1, L_000002050dc289d0, L_000002050dc29530, C4<0>, C4<0>;
L_000002050dc28880 .functor AND 1, L_000002050dc282d0, L_000002050dc28f80, C4<1>, C4<1>;
L_000002050dc27b60 .functor OR 1, L_000002050dc28180, L_000002050dc28880, C4<0>, C4<0>;
v000002050dbdf6a0_0 .net "A", 0 0, L_000002050dc13ae0;  alias, 1 drivers
v000002050dbdf9c0_0 .net "B", 0 0, L_000002050dc282d0;  alias, 1 drivers
v000002050dbe08c0_0 .net "Cin", 0 0, L_000002050dc28f80;  alias, 1 drivers
v000002050dbde7a0_0 .net "Cout", 0 0, L_000002050dc27b60;  alias, 1 drivers
v000002050dbdf7e0_0 .net "Sum", 0 0, L_000002050dc27af0;  alias, 1 drivers
v000002050dbe00a0_0 .net *"_ivl_0", 0 0, L_000002050dc28ce0;  1 drivers
v000002050dbde8e0_0 .net *"_ivl_10", 0 0, L_000002050dc28880;  1 drivers
v000002050dbdfd80_0 .net *"_ivl_4", 0 0, L_000002050dc289d0;  1 drivers
v000002050dbdfe20_0 .net *"_ivl_6", 0 0, L_000002050dc29530;  1 drivers
v000002050dbe0500_0 .net *"_ivl_8", 0 0, L_000002050dc28180;  1 drivers
S_000002050da064b0 .scope module, "FA19" "full_adder" 4 225, 5 1 0, S_000002050db86d90;
 .timescale 0 0;
    .port_info 0 /INPUT 1 "A";
    .port_info 1 /INPUT 1 "B";
    .port_info 2 /INPUT 1 "Cin";
    .port_info 3 /OUTPUT 1 "Sum";
    .port_info 4 /OUTPUT 1 "Cout";
L_000002050dc288f0 .functor XOR 1, L_000002050dc13290, L_000002050dc28960, C4<0>, C4<0>;
L_000002050dc27e00 .functor XOR 1, L_000002050dc288f0, L_000002050dc27b60, C4<0>, C4<0>;
L_000002050dc27e70 .functor AND 1, L_000002050dc13290, L_000002050dc28960, C4<1>, C4<1>;
L_000002050dc28dc0 .functor AND 1, L_000002050dc13290, L_000002050dc27b60, C4<1>, C4<1>;
L_000002050dc28e30 .functor OR 1, L_000002050dc27e70, L_000002050dc28dc0, C4<0>, C4<0>;
L_000002050dc28ea0 .functor AND 1, L_000002050dc28960, L_000002050dc27b60, C4<1>, C4<1>;
L_000002050dc27ee0 .functor OR 1, L_000002050dc28e30, L_000002050dc28ea0, C4<0>, C4<0>;
v000002050dbe0960_0 .net "A", 0 0, L_000002050dc13290;  alias, 1 drivers
v000002050dbde840_0 .net "B", 0 0, L_000002050dc28960;  alias, 1 drivers
v000002050dbe05a0_0 .net "Cin", 0 0, L_000002050dc27b60;  alias, 1 drivers
v000002050dbdef20_0 .net "Cout", 0 0, L_000002050dc27ee0;  alias, 1 drivers
v000002050dbde980_0 .net "Sum", 0 0, L_000002050dc27e00;  alias, 1 drivers
v000002050dbdfec0_0 .net *"_ivl_0", 0 0, L_000002050dc288f0;  1 drivers
v000002050dbdff60_0 .net *"_ivl_10", 0 0, L_000002050dc28ea0;  1 drivers
v000002050dbe03c0_0 .net *"_ivl_4", 0 0, L_000002050dc27e70;  1 drivers
v000002050dbde5c0_0 .net *"_ivl_6", 0 0, L_000002050dc28dc0;  1 drivers
v000002050dbe0780_0 .net *"_ivl_8", 0 0, L_000002050dc28e30;  1 drivers
S_000002050da06640 .scope module, "FA2" "full_adder" 4 48, 5 1 0, S_000002050db86d90;
 .timescale 0 0;
    .port_info 0 /INPUT 1 "A";
    .port_info 1 /INPUT 1 "B";
    .port_info 2 /INPUT 1 "Cin";
    .port_info 3 /OUTPUT 1 "Sum";
    .port_info 4 /OUTPUT 1 "Cout";
L_000002050dc13ca0 .functor XOR 1, L_000002050dc12490, L_000002050dc12500, C4<0>, C4<0>;
L_000002050dc24fe0 .functor XOR 1, L_000002050dc13ca0, L_000002050dc13d10, C4<0>, C4<0>;
L_000002050dc243a0 .functor AND 1, L_000002050dc12490, L_000002050dc12500, C4<1>, C4<1>;
L_000002050dc246b0 .functor AND 1, L_000002050dc12490, L_000002050dc13d10, C4<1>, C4<1>;
L_000002050dc25600 .functor OR 1, L_000002050dc243a0, L_000002050dc246b0, C4<0>, C4<0>;
L_000002050dc24410 .functor AND 1, L_000002050dc12500, L_000002050dc13d10, C4<1>, C4<1>;
L_000002050dc24b80 .functor OR 1, L_000002050dc25600, L_000002050dc24410, C4<0>, C4<0>;
v000002050dbe0a00_0 .net "A", 0 0, L_000002050dc12490;  alias, 1 drivers
v000002050dbe0820_0 .net "B", 0 0, L_000002050dc12500;  alias, 1 drivers
v000002050dbe0aa0_0 .net "Cin", 0 0, L_000002050dc13d10;  alias, 1 drivers
v000002050dbdea20_0 .net "Cout", 0 0, L_000002050dc24b80;  alias, 1 drivers
v000002050dbdf740_0 .net "Sum", 0 0, L_000002050dc24fe0;  alias, 1 drivers
v000002050dbe0640_0 .net *"_ivl_0", 0 0, L_000002050dc13ca0;  1 drivers
v000002050dbdfa60_0 .net *"_ivl_10", 0 0, L_000002050dc24410;  1 drivers
v000002050dbe06e0_0 .net *"_ivl_4", 0 0, L_000002050dc243a0;  1 drivers
v000002050dbe0000_0 .net *"_ivl_6", 0 0, L_000002050dc246b0;  1 drivers
v000002050dbe0b40_0 .net *"_ivl_8", 0 0, L_000002050dc25600;  1 drivers
S_000002050db8d930 .scope module, "FA20" "full_adder" 4 234, 5 1 0, S_000002050db86d90;
 .timescale 0 0;
    .port_info 0 /INPUT 1 "A";
    .port_info 1 /INPUT 1 "B";
    .port_info 2 /INPUT 1 "Cin";
    .port_info 3 /OUTPUT 1 "Sum";
    .port_info 4 /OUTPUT 1 "Cout";
L_000002050dc281f0 .functor XOR 1, L_000002050dc12030, L_000002050dc28650, C4<0>, C4<0>;
L_000002050dc28260 .functor XOR 1, L_000002050dc281f0, L_000002050dc27ee0, C4<0>, C4<0>;
L_000002050dc28f10 .functor AND 1, L_000002050dc12030, L_000002050dc28650, C4<1>, C4<1>;
L_000002050dc28340 .functor AND 1, L_000002050dc12030, L_000002050dc27ee0, C4<1>, C4<1>;
L_000002050dc283b0 .functor OR 1, L_000002050dc28f10, L_000002050dc28340, C4<0>, C4<0>;
L_000002050dc29ae0 .functor AND 1, L_000002050dc28650, L_000002050dc27ee0, C4<1>, C4<1>;
L_000002050dc29760 .functor OR 1, L_000002050dc283b0, L_000002050dc29ae0, C4<0>, C4<0>;
v000002050dbe0be0_0 .net "A", 0 0, L_000002050dc12030;  alias, 1 drivers
v000002050dbdeca0_0 .net "B", 0 0, L_000002050dc28650;  alias, 1 drivers
v000002050dbdf880_0 .net "Cin", 0 0, L_000002050dc27ee0;  alias, 1 drivers
v000002050dbdfba0_0 .net "Cout", 0 0, L_000002050dc29760;  alias, 1 drivers
v000002050dbe0140_0 .net "Sum", 0 0, L_000002050dc28260;  alias, 1 drivers
v000002050dbdf380_0 .net *"_ivl_0", 0 0, L_000002050dc281f0;  1 drivers
v000002050dbdee80_0 .net *"_ivl_10", 0 0, L_000002050dc29ae0;  1 drivers
v000002050dbde700_0 .net *"_ivl_4", 0 0, L_000002050dc28f10;  1 drivers
v000002050dbde660_0 .net *"_ivl_6", 0 0, L_000002050dc28340;  1 drivers
v000002050dbe01e0_0 .net *"_ivl_8", 0 0, L_000002050dc283b0;  1 drivers
S_000002050db8dac0 .scope module, "FA21" "full_adder" 4 251, 5 1 0, S_000002050db86d90;
 .timescale 0 0;
    .port_info 0 /INPUT 1 "A";
    .port_info 1 /INPUT 1 "B";
    .port_info 2 /INPUT 1 "Cin";
    .port_info 3 /OUTPUT 1 "Sum";
    .port_info 4 /OUTPUT 1 "Cout";
L_000002050dc297d0 .functor XOR 1, L_000002050dc13840, L_000002050dc27f50, C4<0>, C4<0>;
L_000002050dc29ca0 .functor XOR 1, L_000002050dc297d0, L_000002050dc29a00, C4<0>, C4<0>;
L_000002050dc29c30 .functor AND 1, L_000002050dc13840, L_000002050dc27f50, C4<1>, C4<1>;
L_000002050dc29d10 .functor AND 1, L_000002050dc13840, L_000002050dc29a00, C4<1>, C4<1>;
L_000002050dc29bc0 .functor OR 1, L_000002050dc29c30, L_000002050dc29d10, C4<0>, C4<0>;
L_000002050dc29a70 .functor AND 1, L_000002050dc27f50, L_000002050dc29a00, C4<1>, C4<1>;
L_000002050dc29840 .functor OR 1, L_000002050dc29bc0, L_000002050dc29a70, C4<0>, C4<0>;
v000002050dbdf920_0 .net "A", 0 0, L_000002050dc13840;  alias, 1 drivers
v000002050dbe0280_0 .net "B", 0 0, L_000002050dc27f50;  alias, 1 drivers
v000002050dbdfc40_0 .net "Cin", 0 0, L_000002050dc29a00;  alias, 1 drivers
v000002050dbdefc0_0 .net "Cout", 0 0, L_000002050dc29840;  alias, 1 drivers
v000002050dbdf060_0 .net "Sum", 0 0, L_000002050dc29ca0;  alias, 1 drivers
v000002050dbded40_0 .net *"_ivl_0", 0 0, L_000002050dc297d0;  1 drivers
v000002050dbdfb00_0 .net *"_ivl_10", 0 0, L_000002050dc29a70;  1 drivers
v000002050dbe0c80_0 .net *"_ivl_4", 0 0, L_000002050dc29c30;  1 drivers
v000002050dbdfce0_0 .net *"_ivl_6", 0 0, L_000002050dc29d10;  1 drivers
v000002050dbe0320_0 .net *"_ivl_8", 0 0, L_000002050dc29bc0;  1 drivers
S_000002050dbe3240 .scope module, "FA22" "full_adder" 4 260, 5 1 0, S_000002050db86d90;
 .timescale 0 0;
    .port_info 0 /INPUT 1 "A";
    .port_info 1 /INPUT 1 "B";
    .port_info 2 /INPUT 1 "Cin";
    .port_info 3 /OUTPUT 1 "Sum";
    .port_info 4 /OUTPUT 1 "Cout";
L_000002050dc298b0 .functor XOR 1, L_000002050dc12e30, L_000002050dc29370, C4<0>, C4<0>;
L_000002050dc29920 .functor XOR 1, L_000002050dc298b0, L_000002050dc29840, C4<0>, C4<0>;
L_000002050dc29990 .functor AND 1, L_000002050dc12e30, L_000002050dc29370, C4<1>, C4<1>;
L_000002050dc29d80 .functor AND 1, L_000002050dc12e30, L_000002050dc29840, C4<1>, C4<1>;
L_000002050dc29680 .functor OR 1, L_000002050dc29990, L_000002050dc29d80, C4<0>, C4<0>;
L_000002050dc296f0 .functor AND 1, L_000002050dc29370, L_000002050dc29840, C4<1>, C4<1>;
L_000002050dc27380 .functor OR 1, L_000002050dc29680, L_000002050dc296f0, C4<0>, C4<0>;
v000002050dbe0d20_0 .net "A", 0 0, L_000002050dc12e30;  alias, 1 drivers
v000002050dbdf1a0_0 .net "B", 0 0, L_000002050dc29370;  alias, 1 drivers
v000002050dbdeac0_0 .net "Cin", 0 0, L_000002050dc29840;  alias, 1 drivers
v000002050dbdeb60_0 .net "Cout", 0 0, L_000002050dc27380;  alias, 1 drivers
v000002050dbdec00_0 .net "Sum", 0 0, L_000002050dc29920;  alias, 1 drivers
v000002050dbdede0_0 .net *"_ivl_0", 0 0, L_000002050dc298b0;  1 drivers
v000002050dbdf600_0 .net *"_ivl_10", 0 0, L_000002050dc296f0;  1 drivers
v000002050dbdf100_0 .net *"_ivl_4", 0 0, L_000002050dc29990;  1 drivers
v000002050dbdf240_0 .net *"_ivl_6", 0 0, L_000002050dc29d80;  1 drivers
v000002050dbdf2e0_0 .net *"_ivl_8", 0 0, L_000002050dc29680;  1 drivers
S_000002050dbe2c00 .scope module, "FA23" "full_adder" 4 269, 5 1 0, S_000002050db86d90;
 .timescale 0 0;
    .port_info 0 /INPUT 1 "A";
    .port_info 1 /INPUT 1 "B";
    .port_info 2 /INPUT 1 "Cin";
    .port_info 3 /OUTPUT 1 "Sum";
    .port_info 4 /OUTPUT 1 "Cout";
L_000002050dc27000 .functor XOR 1, L_000002050dc130d0, L_000002050dc28810, C4<0>, C4<0>;
L_000002050dc26c10 .functor XOR 1, L_000002050dc27000, L_000002050dc27380, C4<0>, C4<0>;
L_000002050dc271c0 .functor AND 1, L_000002050dc130d0, L_000002050dc28810, C4<1>, C4<1>;
L_000002050dc27a10 .functor AND 1, L_000002050dc130d0, L_000002050dc27380, C4<1>, C4<1>;
L_000002050dc27850 .functor OR 1, L_000002050dc271c0, L_000002050dc27a10, C4<0>, C4<0>;
L_000002050dc278c0 .functor AND 1, L_000002050dc28810, L_000002050dc27380, C4<1>, C4<1>;
L_000002050dc26660 .functor OR 1, L_000002050dc27850, L_000002050dc278c0, C4<0>, C4<0>;
v000002050dbdf420_0 .net "A", 0 0, L_000002050dc130d0;  alias, 1 drivers
v000002050dbdf4c0_0 .net "B", 0 0, L_000002050dc28810;  alias, 1 drivers
v000002050dbe10e0_0 .net "Cin", 0 0, L_000002050dc27380;  alias, 1 drivers
v000002050dbe21c0_0 .net "Cout", 0 0, L_000002050dc26660;  alias, 1 drivers
v000002050dbe1c20_0 .net "Sum", 0 0, L_000002050dc26c10;  alias, 1 drivers
v000002050dbe1540_0 .net *"_ivl_0", 0 0, L_000002050dc27000;  1 drivers
v000002050dbe1180_0 .net *"_ivl_10", 0 0, L_000002050dc278c0;  1 drivers
v000002050dbe0e60_0 .net *"_ivl_4", 0 0, L_000002050dc271c0;  1 drivers
v000002050dbe1040_0 .net *"_ivl_6", 0 0, L_000002050dc27a10;  1 drivers
v000002050dbe12c0_0 .net *"_ivl_8", 0 0, L_000002050dc27850;  1 drivers
S_000002050dbe30b0 .scope module, "FA24" "full_adder" 4 278, 5 1 0, S_000002050db86d90;
 .timescale 0 0;
    .port_info 0 /INPUT 1 "A";
    .port_info 1 /INPUT 1 "B";
    .port_info 2 /INPUT 1 "Cin";
    .port_info 3 /OUTPUT 1 "Sum";
    .port_info 4 /OUTPUT 1 "Cout";
L_000002050dc25f60 .functor XOR 1, L_000002050dc13450, L_000002050dc27af0, C4<0>, C4<0>;
L_000002050dc267b0 .functor XOR 1, L_000002050dc25f60, L_000002050dc26660, C4<0>, C4<0>;
L_000002050dc26740 .functor AND 1, L_000002050dc13450, L_000002050dc27af0, C4<1>, C4<1>;
L_000002050dc273f0 .functor AND 1, L_000002050dc13450, L_000002050dc26660, C4<1>, C4<1>;
L_000002050dc26c80 .functor OR 1, L_000002050dc26740, L_000002050dc273f0, C4<0>, C4<0>;
L_000002050dc26f20 .functor AND 1, L_000002050dc27af0, L_000002050dc26660, C4<1>, C4<1>;
L_000002050dc26e40 .functor OR 1, L_000002050dc26c80, L_000002050dc26f20, C4<0>, C4<0>;
v000002050dbe1680_0 .net "A", 0 0, L_000002050dc13450;  alias, 1 drivers
v000002050dbe1a40_0 .net "B", 0 0, L_000002050dc27af0;  alias, 1 drivers
v000002050dbe1ae0_0 .net "Cin", 0 0, L_000002050dc26660;  alias, 1 drivers
v000002050dbe2440_0 .net "Cout", 0 0, L_000002050dc26e40;  alias, 1 drivers
v000002050dbe1720_0 .net "Sum", 0 0, L_000002050dc267b0;  alias, 1 drivers
v000002050dbe1220_0 .net *"_ivl_0", 0 0, L_000002050dc25f60;  1 drivers
v000002050dbe17c0_0 .net *"_ivl_10", 0 0, L_000002050dc26f20;  1 drivers
v000002050dbe1fe0_0 .net *"_ivl_4", 0 0, L_000002050dc26740;  1 drivers
v000002050dbe1400_0 .net *"_ivl_6", 0 0, L_000002050dc273f0;  1 drivers
v000002050dbe2120_0 .net *"_ivl_8", 0 0, L_000002050dc26c80;  1 drivers
S_000002050dbe2d90 .scope module, "FA25" "full_adder" 4 287, 5 1 0, S_000002050db86d90;
 .timescale 0 0;
    .port_info 0 /INPUT 1 "A";
    .port_info 1 /INPUT 1 "B";
    .port_info 2 /INPUT 1 "Cin";
    .port_info 3 /OUTPUT 1 "Sum";
    .port_info 4 /OUTPUT 1 "Cout";
L_000002050dc26cf0 .functor XOR 1, L_000002050dc12340, L_000002050dc27e00, C4<0>, C4<0>;
L_000002050dc27070 .functor XOR 1, L_000002050dc26cf0, L_000002050dc26e40, C4<0>, C4<0>;
L_000002050dc26d60 .functor AND 1, L_000002050dc12340, L_000002050dc27e00, C4<1>, C4<1>;
L_000002050dc27930 .functor AND 1, L_000002050dc12340, L_000002050dc26e40, C4<1>, C4<1>;
L_000002050dc26a50 .functor OR 1, L_000002050dc26d60, L_000002050dc27930, C4<0>, C4<0>;
L_000002050dc26900 .functor AND 1, L_000002050dc27e00, L_000002050dc26e40, C4<1>, C4<1>;
L_000002050dc266d0 .functor OR 1, L_000002050dc26a50, L_000002050dc26900, C4<0>, C4<0>;
v000002050dbe0fa0_0 .net "A", 0 0, L_000002050dc12340;  alias, 1 drivers
v000002050dbe23a0_0 .net "B", 0 0, L_000002050dc27e00;  alias, 1 drivers
v000002050dbe1860_0 .net "Cin", 0 0, L_000002050dc26e40;  alias, 1 drivers
v000002050dbe1cc0_0 .net "Cout", 0 0, L_000002050dc266d0;  alias, 1 drivers
v000002050dbe2260_0 .net "Sum", 0 0, L_000002050dc27070;  alias, 1 drivers
v000002050dbe1900_0 .net *"_ivl_0", 0 0, L_000002050dc26cf0;  1 drivers
v000002050dbe19a0_0 .net *"_ivl_10", 0 0, L_000002050dc26900;  1 drivers
v000002050dbe1360_0 .net *"_ivl_4", 0 0, L_000002050dc26d60;  1 drivers
v000002050dbe2300_0 .net *"_ivl_6", 0 0, L_000002050dc27930;  1 drivers
v000002050dbe1b80_0 .net *"_ivl_8", 0 0, L_000002050dc26a50;  1 drivers
S_000002050dbe33d0 .scope module, "FA26" "full_adder" 4 296, 5 1 0, S_000002050db86d90;
 .timescale 0 0;
    .port_info 0 /INPUT 1 "A";
    .port_info 1 /INPUT 1 "B";
    .port_info 2 /INPUT 1 "Cin";
    .port_info 3 /OUTPUT 1 "Sum";
    .port_info 4 /OUTPUT 1 "Cout";
L_000002050dc26820 .functor XOR 1, L_000002050dc13300, L_000002050dc28260, C4<0>, C4<0>;
L_000002050dc25e80 .functor XOR 1, L_000002050dc26820, L_000002050dc266d0, C4<0>, C4<0>;
L_000002050dc26120 .functor AND 1, L_000002050dc13300, L_000002050dc28260, C4<1>, C4<1>;
L_000002050dc25ef0 .functor AND 1, L_000002050dc13300, L_000002050dc266d0, C4<1>, C4<1>;
L_000002050dc26eb0 .functor OR 1, L_000002050dc26120, L_000002050dc25ef0, C4<0>, C4<0>;
L_000002050dc263c0 .functor AND 1, L_000002050dc28260, L_000002050dc266d0, C4<1>, C4<1>;
L_000002050dc26f90 .functor OR 1, L_000002050dc26eb0, L_000002050dc263c0, C4<0>, C4<0>;
v000002050dbe14a0_0 .net "A", 0 0, L_000002050dc13300;  alias, 1 drivers
v000002050dbe0f00_0 .net "B", 0 0, L_000002050dc28260;  alias, 1 drivers
v000002050dbe0dc0_0 .net "Cin", 0 0, L_000002050dc266d0;  alias, 1 drivers
v000002050dbe15e0_0 .net "Cout", 0 0, L_000002050dc26f90;  alias, 1 drivers
v000002050dbe1d60_0 .net "Sum", 0 0, L_000002050dc25e80;  alias, 1 drivers
v000002050dbe1e00_0 .net *"_ivl_0", 0 0, L_000002050dc26820;  1 drivers
v000002050dbe1ea0_0 .net *"_ivl_10", 0 0, L_000002050dc263c0;  1 drivers
v000002050dbe1f40_0 .net *"_ivl_4", 0 0, L_000002050dc26120;  1 drivers
v000002050dbe2080_0 .net *"_ivl_6", 0 0, L_000002050dc25ef0;  1 drivers
v000002050dbe66a0_0 .net *"_ivl_8", 0 0, L_000002050dc26eb0;  1 drivers
S_000002050dbe2f20 .scope module, "FA27" "full_adder" 4 305, 5 1 0, S_000002050db86d90;
 .timescale 0 0;
    .port_info 0 /INPUT 1 "A";
    .port_info 1 /INPUT 1 "B";
    .port_info 2 /INPUT 1 "Cin";
    .port_info 3 /OUTPUT 1 "Sum";
    .port_info 4 /OUTPUT 1 "Cout";
L_000002050dc264a0 .functor XOR 1, L_000002050dc12180, L_000002050dc29760, C4<0>, C4<0>;
L_000002050dc26ac0 .functor XOR 1, L_000002050dc264a0, L_000002050dc26f90, C4<0>, C4<0>;
L_000002050dc270e0 .functor AND 1, L_000002050dc12180, L_000002050dc29760, C4<1>, C4<1>;
L_000002050dc26430 .functor AND 1, L_000002050dc12180, L_000002050dc26f90, C4<1>, C4<1>;
L_000002050dc25fd0 .functor OR 1, L_000002050dc270e0, L_000002050dc26430, C4<0>, C4<0>;
L_000002050dc27620 .functor AND 1, L_000002050dc29760, L_000002050dc26f90, C4<1>, C4<1>;
L_000002050dc27150 .functor OR 1, L_000002050dc25fd0, L_000002050dc27620, C4<0>, C4<0>;
v000002050dbe6f60_0 .net "A", 0 0, L_000002050dc12180;  alias, 1 drivers
v000002050dbe6740_0 .net "B", 0 0, L_000002050dc29760;  alias, 1 drivers
v000002050dbe6100_0 .net "Cin", 0 0, L_000002050dc26f90;  alias, 1 drivers
v000002050dbe6ec0_0 .net "Cout", 0 0, L_000002050dc27150;  alias, 1 drivers
v000002050dbe73c0_0 .net "Sum", 0 0, L_000002050dc26ac0;  alias, 1 drivers
v000002050dbe71e0_0 .net *"_ivl_0", 0 0, L_000002050dc264a0;  1 drivers
v000002050dbe67e0_0 .net *"_ivl_10", 0 0, L_000002050dc27620;  1 drivers
v000002050dbe6600_0 .net *"_ivl_4", 0 0, L_000002050dc270e0;  1 drivers
v000002050dbe6060_0 .net *"_ivl_6", 0 0, L_000002050dc26430;  1 drivers
v000002050dbe5f20_0 .net *"_ivl_8", 0 0, L_000002050dc25fd0;  1 drivers
S_000002050dbe25c0 .scope module, "FA28" "full_adder" 4 322, 5 1 0, S_000002050db86d90;
 .timescale 0 0;
    .port_info 0 /INPUT 1 "A";
    .port_info 1 /INPUT 1 "B";
    .port_info 2 /INPUT 1 "Cin";
    .port_info 3 /OUTPUT 1 "Sum";
    .port_info 4 /OUTPUT 1 "Cout";
L_000002050dc26890 .functor XOR 1, L_000002050dc12dc0, L_000002050dc29920, C4<0>, C4<0>;
L_000002050dc27230 .functor XOR 1, L_000002050dc26890, L_000002050dc26040, C4<0>, C4<0>;
L_000002050dc272a0 .functor AND 1, L_000002050dc12dc0, L_000002050dc29920, C4<1>, C4<1>;
L_000002050dc26b30 .functor AND 1, L_000002050dc12dc0, L_000002050dc26040, C4<1>, C4<1>;
L_000002050dc26970 .functor OR 1, L_000002050dc272a0, L_000002050dc26b30, C4<0>, C4<0>;
L_000002050dc27310 .functor AND 1, L_000002050dc29920, L_000002050dc26040, C4<1>, C4<1>;
L_000002050dc26dd0 .functor OR 1, L_000002050dc26970, L_000002050dc27310, C4<0>, C4<0>;
v000002050dbe5fc0_0 .net "A", 0 0, L_000002050dc12dc0;  alias, 1 drivers
v000002050dbe6e20_0 .net "B", 0 0, L_000002050dc29920;  alias, 1 drivers
v000002050dbe7000_0 .net "Cin", 0 0, L_000002050dc26040;  alias, 1 drivers
v000002050dbe6d80_0 .net "Cout", 0 0, L_000002050dc26dd0;  alias, 1 drivers
v000002050dbe70a0_0 .net "Sum", 0 0, L_000002050dc27230;  alias, 1 drivers
v000002050dbe6b00_0 .net *"_ivl_0", 0 0, L_000002050dc26890;  1 drivers
v000002050dbe6ba0_0 .net *"_ivl_10", 0 0, L_000002050dc27310;  1 drivers
v000002050dbe6560_0 .net *"_ivl_4", 0 0, L_000002050dc272a0;  1 drivers
v000002050dbe61a0_0 .net *"_ivl_6", 0 0, L_000002050dc26b30;  1 drivers
v000002050dbe6240_0 .net *"_ivl_8", 0 0, L_000002050dc26970;  1 drivers
S_000002050dbe2750 .scope module, "FA29" "full_adder" 4 331, 5 1 0, S_000002050db86d90;
 .timescale 0 0;
    .port_info 0 /INPUT 1 "A";
    .port_info 1 /INPUT 1 "B";
    .port_info 2 /INPUT 1 "Cin";
    .port_info 3 /OUTPUT 1 "Sum";
    .port_info 4 /OUTPUT 1 "Cout";
L_000002050dc26ba0 .functor XOR 1, L_000002050dc12b20, L_000002050dc26c10, C4<0>, C4<0>;
L_000002050dc26510 .functor XOR 1, L_000002050dc26ba0, L_000002050dc26dd0, C4<0>, C4<0>;
L_000002050dc279a0 .functor AND 1, L_000002050dc12b20, L_000002050dc26c10, C4<1>, C4<1>;
L_000002050dc275b0 .functor AND 1, L_000002050dc12b20, L_000002050dc26dd0, C4<1>, C4<1>;
L_000002050dc26580 .functor OR 1, L_000002050dc279a0, L_000002050dc275b0, C4<0>, C4<0>;
L_000002050dc265f0 .functor AND 1, L_000002050dc26c10, L_000002050dc26dd0, C4<1>, C4<1>;
L_000002050dc260b0 .functor OR 1, L_000002050dc26580, L_000002050dc265f0, C4<0>, C4<0>;
v000002050dbe69c0_0 .net "A", 0 0, L_000002050dc12b20;  alias, 1 drivers
v000002050dbe7140_0 .net "B", 0 0, L_000002050dc26c10;  alias, 1 drivers
v000002050dbe7280_0 .net "Cin", 0 0, L_000002050dc26dd0;  alias, 1 drivers
v000002050dbe62e0_0 .net "Cout", 0 0, L_000002050dc260b0;  alias, 1 drivers
v000002050dbe6880_0 .net "Sum", 0 0, L_000002050dc26510;  alias, 1 drivers
v000002050dbe7320_0 .net *"_ivl_0", 0 0, L_000002050dc26ba0;  1 drivers
v000002050dbe7460_0 .net *"_ivl_10", 0 0, L_000002050dc265f0;  1 drivers
v000002050dbe6ce0_0 .net *"_ivl_4", 0 0, L_000002050dc279a0;  1 drivers
v000002050dbe5de0_0 .net *"_ivl_6", 0 0, L_000002050dc275b0;  1 drivers
v000002050dbe6920_0 .net *"_ivl_8", 0 0, L_000002050dc26580;  1 drivers
S_000002050dbe28e0 .scope module, "FA3" "full_adder" 4 57, 5 1 0, S_000002050db86d90;
 .timescale 0 0;
    .port_info 0 /INPUT 1 "A";
    .port_info 1 /INPUT 1 "B";
    .port_info 2 /INPUT 1 "Cin";
    .port_info 3 /OUTPUT 1 "Sum";
    .port_info 4 /OUTPUT 1 "Cout";
L_000002050dc25050 .functor XOR 1, L_000002050dc138b0, L_000002050dc13920, C4<0>, C4<0>;
L_000002050dc25440 .functor XOR 1, L_000002050dc25050, L_000002050dc24b80, C4<0>, C4<0>;
L_000002050dc257c0 .functor AND 1, L_000002050dc138b0, L_000002050dc13920, C4<1>, C4<1>;
L_000002050dc253d0 .functor AND 1, L_000002050dc138b0, L_000002050dc24b80, C4<1>, C4<1>;
L_000002050dc23fb0 .functor OR 1, L_000002050dc257c0, L_000002050dc253d0, C4<0>, C4<0>;
L_000002050dc244f0 .functor AND 1, L_000002050dc13920, L_000002050dc24b80, C4<1>, C4<1>;
L_000002050dc24d40 .functor OR 1, L_000002050dc23fb0, L_000002050dc244f0, C4<0>, C4<0>;
v000002050dbe5e80_0 .net "A", 0 0, L_000002050dc138b0;  alias, 1 drivers
v000002050dbe6c40_0 .net "B", 0 0, L_000002050dc13920;  alias, 1 drivers
v000002050dbe6380_0 .net "Cin", 0 0, L_000002050dc24b80;  alias, 1 drivers
v000002050dbe6420_0 .net "Cout", 0 0, L_000002050dc24d40;  alias, 1 drivers
v000002050dbe64c0_0 .net "Sum", 0 0, L_000002050dc25440;  alias, 1 drivers
v000002050dbe6a60_0 .net *"_ivl_0", 0 0, L_000002050dc25050;  1 drivers
v000002050dbe4080_0 .net *"_ivl_10", 0 0, L_000002050dc244f0;  1 drivers
v000002050dbe4f80_0 .net *"_ivl_4", 0 0, L_000002050dc257c0;  1 drivers
v000002050dbe5d40_0 .net *"_ivl_6", 0 0, L_000002050dc253d0;  1 drivers
v000002050dbe4c60_0 .net *"_ivl_8", 0 0, L_000002050dc23fb0;  1 drivers
S_000002050dbe2a70 .scope module, "FA30" "full_adder" 4 340, 5 1 0, S_000002050db86d90;
 .timescale 0 0;
    .port_info 0 /INPUT 1 "A";
    .port_info 1 /INPUT 1 "B";
    .port_info 2 /INPUT 1 "Cin";
    .port_info 3 /OUTPUT 1 "Sum";
    .port_info 4 /OUTPUT 1 "Cout";
L_000002050dc274d0 .functor XOR 1, L_000002050dc133e0, L_000002050dc267b0, C4<0>, C4<0>;
L_000002050dc27540 .functor XOR 1, L_000002050dc274d0, L_000002050dc260b0, C4<0>, C4<0>;
L_000002050dc27690 .functor AND 1, L_000002050dc133e0, L_000002050dc267b0, C4<1>, C4<1>;
L_000002050dc269e0 .functor AND 1, L_000002050dc133e0, L_000002050dc260b0, C4<1>, C4<1>;
L_000002050dc27700 .functor OR 1, L_000002050dc27690, L_000002050dc269e0, C4<0>, C4<0>;
L_000002050dc27770 .functor AND 1, L_000002050dc267b0, L_000002050dc260b0, C4<1>, C4<1>;
L_000002050dc277e0 .functor OR 1, L_000002050dc27700, L_000002050dc27770, C4<0>, C4<0>;
v000002050dbe4620_0 .net "A", 0 0, L_000002050dc133e0;  alias, 1 drivers
v000002050dbe4940_0 .net "B", 0 0, L_000002050dc267b0;  alias, 1 drivers
v000002050dbe4da0_0 .net "Cin", 0 0, L_000002050dc260b0;  alias, 1 drivers
v000002050dbe5160_0 .net "Cout", 0 0, L_000002050dc277e0;  alias, 1 drivers
v000002050dbe46c0_0 .net "Sum", 0 0, L_000002050dc27540;  alias, 1 drivers
v000002050dbe4e40_0 .net *"_ivl_0", 0 0, L_000002050dc274d0;  1 drivers
v000002050dbe5b60_0 .net *"_ivl_10", 0 0, L_000002050dc27770;  1 drivers
v000002050dbe4760_0 .net *"_ivl_4", 0 0, L_000002050dc27690;  1 drivers
v000002050dbe3860_0 .net *"_ivl_6", 0 0, L_000002050dc269e0;  1 drivers
v000002050dbe44e0_0 .net *"_ivl_8", 0 0, L_000002050dc27700;  1 drivers
S_000002050dbf0bd0 .scope module, "FA31" "full_adder" 4 349, 5 1 0, S_000002050db86d90;
 .timescale 0 0;
    .port_info 0 /INPUT 1 "A";
    .port_info 1 /INPUT 1 "B";
    .port_info 2 /INPUT 1 "Cin";
    .port_info 3 /OUTPUT 1 "Sum";
    .port_info 4 /OUTPUT 1 "Cout";
L_000002050dc26190 .functor XOR 1, L_000002050dc12ab0, L_000002050dc27070, C4<0>, C4<0>;
L_000002050dc26200 .functor XOR 1, L_000002050dc26190, L_000002050dc277e0, C4<0>, C4<0>;
L_000002050dc26270 .functor AND 1, L_000002050dc12ab0, L_000002050dc27070, C4<1>, C4<1>;
L_000002050dc262e0 .functor AND 1, L_000002050dc12ab0, L_000002050dc277e0, C4<1>, C4<1>;
L_000002050dc26350 .functor OR 1, L_000002050dc26270, L_000002050dc262e0, C4<0>, C4<0>;
L_000002050dc2edf0 .functor AND 1, L_000002050dc27070, L_000002050dc277e0, C4<1>, C4<1>;
L_000002050dc2dea0 .functor OR 1, L_000002050dc26350, L_000002050dc2edf0, C4<0>, C4<0>;
v000002050dbe4ee0_0 .net "A", 0 0, L_000002050dc12ab0;  alias, 1 drivers
v000002050dbe4800_0 .net "B", 0 0, L_000002050dc27070;  alias, 1 drivers
v000002050dbe5020_0 .net "Cin", 0 0, L_000002050dc277e0;  alias, 1 drivers
v000002050dbe5a20_0 .net "Cout", 0 0, L_000002050dc2dea0;  alias, 1 drivers
v000002050dbe50c0_0 .net "Sum", 0 0, L_000002050dc26200;  alias, 1 drivers
v000002050dbe48a0_0 .net *"_ivl_0", 0 0, L_000002050dc26190;  1 drivers
v000002050dbe55c0_0 .net *"_ivl_10", 0 0, L_000002050dc2edf0;  1 drivers
v000002050dbe4580_0 .net *"_ivl_4", 0 0, L_000002050dc26270;  1 drivers
v000002050dbe5ac0_0 .net *"_ivl_6", 0 0, L_000002050dc262e0;  1 drivers
v000002050dbe5ca0_0 .net *"_ivl_8", 0 0, L_000002050dc26350;  1 drivers
S_000002050dbeff50 .scope module, "FA32" "full_adder" 4 358, 5 1 0, S_000002050db86d90;
 .timescale 0 0;
    .port_info 0 /INPUT 1 "A";
    .port_info 1 /INPUT 1 "B";
    .port_info 2 /INPUT 1 "Cin";
    .port_info 3 /OUTPUT 1 "Sum";
    .port_info 4 /OUTPUT 1 "Cout";
L_000002050dc2ed80 .functor XOR 1, L_000002050dc13140, L_000002050dc25e80, C4<0>, C4<0>;
L_000002050dc2fa30 .functor XOR 1, L_000002050dc2ed80, L_000002050dc2dea0, C4<0>, C4<0>;
L_000002050dc2ee60 .functor AND 1, L_000002050dc13140, L_000002050dc25e80, C4<1>, C4<1>;
L_000002050dc2dff0 .functor AND 1, L_000002050dc13140, L_000002050dc2dea0, C4<1>, C4<1>;
L_000002050dc2e8b0 .functor OR 1, L_000002050dc2ee60, L_000002050dc2dff0, C4<0>, C4<0>;
L_000002050dc2f8e0 .functor AND 1, L_000002050dc25e80, L_000002050dc2dea0, C4<1>, C4<1>;
L_000002050dc2e920 .functor OR 1, L_000002050dc2e8b0, L_000002050dc2f8e0, C4<0>, C4<0>;
v000002050dbe3f40_0 .net "A", 0 0, L_000002050dc13140;  alias, 1 drivers
v000002050dbe49e0_0 .net "B", 0 0, L_000002050dc25e80;  alias, 1 drivers
v000002050dbe3cc0_0 .net "Cin", 0 0, L_000002050dc2dea0;  alias, 1 drivers
v000002050dbe4120_0 .net "Cout", 0 0, L_000002050dc2e920;  alias, 1 drivers
v000002050dbe41c0_0 .net "Sum", 0 0, L_000002050dc2fa30;  alias, 1 drivers
v000002050dbe3d60_0 .net *"_ivl_0", 0 0, L_000002050dc2ed80;  1 drivers
v000002050dbe4a80_0 .net *"_ivl_10", 0 0, L_000002050dc2f8e0;  1 drivers
v000002050dbe5340_0 .net *"_ivl_4", 0 0, L_000002050dc2ee60;  1 drivers
v000002050dbe3e00_0 .net *"_ivl_6", 0 0, L_000002050dc2dff0;  1 drivers
v000002050dbe3b80_0 .net *"_ivl_8", 0 0, L_000002050dc2e8b0;  1 drivers
S_000002050dbef780 .scope module, "FA33" "full_adder" 4 367, 5 1 0, S_000002050db86d90;
 .timescale 0 0;
    .port_info 0 /INPUT 1 "A";
    .port_info 1 /INPUT 1 "B";
    .port_info 2 /INPUT 1 "Cin";
    .port_info 3 /OUTPUT 1 "Sum";
    .port_info 4 /OUTPUT 1 "Cout";
L_000002050dc2f410 .functor XOR 1, L_000002050dc13370, L_000002050dc26ac0, C4<0>, C4<0>;
L_000002050dc2f9c0 .functor XOR 1, L_000002050dc2f410, L_000002050dc2e920, C4<0>, C4<0>;
L_000002050dc2f800 .functor AND 1, L_000002050dc13370, L_000002050dc26ac0, C4<1>, C4<1>;
L_000002050dc2f090 .functor AND 1, L_000002050dc13370, L_000002050dc2e920, C4<1>, C4<1>;
L_000002050dc2eed0 .functor OR 1, L_000002050dc2f800, L_000002050dc2f090, C4<0>, C4<0>;
L_000002050dc2f640 .functor AND 1, L_000002050dc26ac0, L_000002050dc2e920, C4<1>, C4<1>;
L_000002050dc2ea00 .functor OR 1, L_000002050dc2eed0, L_000002050dc2f640, C4<0>, C4<0>;
v000002050dbe5200_0 .net "A", 0 0, L_000002050dc13370;  alias, 1 drivers
v000002050dbe53e0_0 .net "B", 0 0, L_000002050dc26ac0;  alias, 1 drivers
v000002050dbe52a0_0 .net "Cin", 0 0, L_000002050dc2e920;  alias, 1 drivers
v000002050dbe4b20_0 .net "Cout", 0 0, L_000002050dc2ea00;  alias, 1 drivers
v000002050dbe5480_0 .net "Sum", 0 0, L_000002050dc2f9c0;  alias, 1 drivers
v000002050dbe3ea0_0 .net *"_ivl_0", 0 0, L_000002050dc2f410;  1 drivers
v000002050dbe5520_0 .net *"_ivl_10", 0 0, L_000002050dc2f640;  1 drivers
v000002050dbe4d00_0 .net *"_ivl_4", 0 0, L_000002050dc2f800;  1 drivers
v000002050dbe5660_0 .net *"_ivl_6", 0 0, L_000002050dc2f090;  1 drivers
v000002050dbe5700_0 .net *"_ivl_8", 0 0, L_000002050dc2eed0;  1 drivers
S_000002050dbf1210 .scope module, "FA34" "full_adder" 4 376, 5 1 0, S_000002050db86d90;
 .timescale 0 0;
    .port_info 0 /INPUT 1 "A";
    .port_info 1 /INPUT 1 "B";
    .port_info 2 /INPUT 1 "Cin";
    .port_info 3 /OUTPUT 1 "Sum";
    .port_info 4 /OUTPUT 1 "Cout";
L_000002050dc2ea70 .functor XOR 1, L_000002050dc126c0, L_000002050dc27150, C4<0>, C4<0>;
L_000002050dc2e840 .functor XOR 1, L_000002050dc2ea70, L_000002050dc2ea00, C4<0>, C4<0>;
L_000002050dc2e760 .functor AND 1, L_000002050dc126c0, L_000002050dc27150, C4<1>, C4<1>;
L_000002050dc2e300 .functor AND 1, L_000002050dc126c0, L_000002050dc2ea00, C4<1>, C4<1>;
L_000002050dc2df10 .functor OR 1, L_000002050dc2e760, L_000002050dc2e300, C4<0>, C4<0>;
L_000002050dc2e3e0 .functor AND 1, L_000002050dc27150, L_000002050dc2ea00, C4<1>, C4<1>;
L_000002050dc2eae0 .functor OR 1, L_000002050dc2df10, L_000002050dc2e3e0, C4<0>, C4<0>;
v000002050dbe57a0_0 .net "A", 0 0, L_000002050dc126c0;  alias, 1 drivers
v000002050dbe4bc0_0 .net "B", 0 0, L_000002050dc27150;  alias, 1 drivers
v000002050dbe5840_0 .net "Cin", 0 0, L_000002050dc2ea00;  alias, 1 drivers
v000002050dbe58e0_0 .net "Cout", 0 0, L_000002050dc2eae0;  alias, 1 drivers
v000002050dbe4260_0 .net "Sum", 0 0, L_000002050dc2e840;  alias, 1 drivers
v000002050dbe3fe0_0 .net *"_ivl_0", 0 0, L_000002050dc2ea70;  1 drivers
v000002050dbe5980_0 .net *"_ivl_10", 0 0, L_000002050dc2e3e0;  1 drivers
v000002050dbe5c00_0 .net *"_ivl_4", 0 0, L_000002050dc2e760;  1 drivers
v000002050dbe35e0_0 .net *"_ivl_6", 0 0, L_000002050dc2e300;  1 drivers
v000002050dbe43a0_0 .net *"_ivl_8", 0 0, L_000002050dc2df10;  1 drivers
S_000002050dbf13a0 .scope module, "FA35" "full_adder" 4 393, 5 1 0, S_000002050db86d90;
 .timescale 0 0;
    .port_info 0 /INPUT 1 "A";
    .port_info 1 /INPUT 1 "B";
    .port_info 2 /INPUT 1 "Cin";
    .port_info 3 /OUTPUT 1 "Sum";
    .port_info 4 /OUTPUT 1 "Cout";
L_000002050dc2e5a0 .functor XOR 1, L_000002050dc12d50, L_000002050dc26510, C4<0>, C4<0>;
L_000002050dc2f560 .functor XOR 1, L_000002050dc2e5a0, L_000002050dc2e0d0, C4<0>, C4<0>;
L_000002050dc2e990 .functor AND 1, L_000002050dc12d50, L_000002050dc26510, C4<1>, C4<1>;
L_000002050dc2ef40 .functor AND 1, L_000002050dc12d50, L_000002050dc2e0d0, C4<1>, C4<1>;
L_000002050dc2f3a0 .functor OR 1, L_000002050dc2e990, L_000002050dc2ef40, C4<0>, C4<0>;
L_000002050dc2f4f0 .functor AND 1, L_000002050dc26510, L_000002050dc2e0d0, C4<1>, C4<1>;
L_000002050dc2efb0 .functor OR 1, L_000002050dc2f3a0, L_000002050dc2f4f0, C4<0>, C4<0>;
v000002050dbe3680_0 .net "A", 0 0, L_000002050dc12d50;  alias, 1 drivers
v000002050dbe3720_0 .net "B", 0 0, L_000002050dc26510;  alias, 1 drivers
v000002050dbe37c0_0 .net "Cin", 0 0, L_000002050dc2e0d0;  alias, 1 drivers
v000002050dbe3900_0 .net "Cout", 0 0, L_000002050dc2efb0;  alias, 1 drivers
v000002050dbe39a0_0 .net "Sum", 0 0, L_000002050dc2f560;  alias, 1 drivers
v000002050dbe3a40_0 .net *"_ivl_0", 0 0, L_000002050dc2e5a0;  1 drivers
v000002050dbe3ae0_0 .net *"_ivl_10", 0 0, L_000002050dc2f4f0;  1 drivers
v000002050dbe3c20_0 .net *"_ivl_4", 0 0, L_000002050dc2e990;  1 drivers
v000002050dbe4300_0 .net *"_ivl_6", 0 0, L_000002050dc2ef40;  1 drivers
v000002050dbe4440_0 .net *"_ivl_8", 0 0, L_000002050dc2f3a0;  1 drivers
S_000002050dbefaa0 .scope module, "FA36" "full_adder" 4 402, 5 1 0, S_000002050db86d90;
 .timescale 0 0;
    .port_info 0 /INPUT 1 "A";
    .port_info 1 /INPUT 1 "B";
    .port_info 2 /INPUT 1 "Cin";
    .port_info 3 /OUTPUT 1 "Sum";
    .port_info 4 /OUTPUT 1 "Cout";
L_000002050dc2f250 .functor XOR 1, L_000002050dc12ea0, L_000002050dc27540, C4<0>, C4<0>;
L_000002050dc2ebc0 .functor XOR 1, L_000002050dc2f250, L_000002050dc2efb0, C4<0>, C4<0>;
L_000002050dc2f870 .functor AND 1, L_000002050dc12ea0, L_000002050dc27540, C4<1>, C4<1>;
L_000002050dc2ec30 .functor AND 1, L_000002050dc12ea0, L_000002050dc2efb0, C4<1>, C4<1>;
L_000002050dc2eca0 .functor OR 1, L_000002050dc2f870, L_000002050dc2ec30, C4<0>, C4<0>;
L_000002050dc2e1b0 .functor AND 1, L_000002050dc27540, L_000002050dc2efb0, C4<1>, C4<1>;
L_000002050dc2df80 .functor OR 1, L_000002050dc2eca0, L_000002050dc2e1b0, C4<0>, C4<0>;
v000002050dbf31d0_0 .net "A", 0 0, L_000002050dc12ea0;  alias, 1 drivers
v000002050dbf25f0_0 .net "B", 0 0, L_000002050dc27540;  alias, 1 drivers
v000002050dbf24b0_0 .net "Cin", 0 0, L_000002050dc2efb0;  alias, 1 drivers
v000002050dbf2190_0 .net "Cout", 0 0, L_000002050dc2df80;  alias, 1 drivers
v000002050dbf39f0_0 .net "Sum", 0 0, L_000002050dc2ebc0;  alias, 1 drivers
v000002050dbf2910_0 .net *"_ivl_0", 0 0, L_000002050dc2f250;  1 drivers
v000002050dbf3ef0_0 .net *"_ivl_10", 0 0, L_000002050dc2e1b0;  1 drivers
v000002050dbf1c90_0 .net *"_ivl_4", 0 0, L_000002050dc2f870;  1 drivers
v000002050dbf2370_0 .net *"_ivl_6", 0 0, L_000002050dc2ec30;  1 drivers
v000002050dbf3270_0 .net *"_ivl_8", 0 0, L_000002050dc2eca0;  1 drivers
S_000002050dbf0d60 .scope module, "FA37" "full_adder" 4 411, 5 1 0, S_000002050db86d90;
 .timescale 0 0;
    .port_info 0 /INPUT 1 "A";
    .port_info 1 /INPUT 1 "B";
    .port_info 2 /INPUT 1 "Cin";
    .port_info 3 /OUTPUT 1 "Sum";
    .port_info 4 /OUTPUT 1 "Cout";
L_000002050dc2e140 .functor XOR 1, L_000002050dc12260, L_000002050dc26200, C4<0>, C4<0>;
L_000002050dc2f2c0 .functor XOR 1, L_000002050dc2e140, L_000002050dc2df80, C4<0>, C4<0>;
L_000002050dc2f950 .functor AND 1, L_000002050dc12260, L_000002050dc26200, C4<1>, C4<1>;
L_000002050dc2ed10 .functor AND 1, L_000002050dc12260, L_000002050dc2df80, C4<1>, C4<1>;
L_000002050dc2f020 .functor OR 1, L_000002050dc2f950, L_000002050dc2ed10, C4<0>, C4<0>;
L_000002050dc2f100 .functor AND 1, L_000002050dc26200, L_000002050dc2df80, C4<1>, C4<1>;
L_000002050dc2e450 .functor OR 1, L_000002050dc2f020, L_000002050dc2f100, C4<0>, C4<0>;
v000002050dbf20f0_0 .net "A", 0 0, L_000002050dc12260;  alias, 1 drivers
v000002050dbf2550_0 .net "B", 0 0, L_000002050dc26200;  alias, 1 drivers
v000002050dbf3630_0 .net "Cin", 0 0, L_000002050dc2df80;  alias, 1 drivers
v000002050dbf2870_0 .net "Cout", 0 0, L_000002050dc2e450;  alias, 1 drivers
v000002050dbf2c30_0 .net "Sum", 0 0, L_000002050dc2f2c0;  alias, 1 drivers
v000002050dbf3770_0 .net *"_ivl_0", 0 0, L_000002050dc2e140;  1 drivers
v000002050dbf2230_0 .net *"_ivl_10", 0 0, L_000002050dc2f100;  1 drivers
v000002050dbf22d0_0 .net *"_ivl_4", 0 0, L_000002050dc2f950;  1 drivers
v000002050dbf3e50_0 .net *"_ivl_6", 0 0, L_000002050dc2ed10;  1 drivers
v000002050dbf1d30_0 .net *"_ivl_8", 0 0, L_000002050dc2f020;  1 drivers
S_000002050dbf0a40 .scope module, "FA38" "full_adder" 4 420, 5 1 0, S_000002050db86d90;
 .timescale 0 0;
    .port_info 0 /INPUT 1 "A";
    .port_info 1 /INPUT 1 "B";
    .port_info 2 /INPUT 1 "Cin";
    .port_info 3 /OUTPUT 1 "Sum";
    .port_info 4 /OUTPUT 1 "Cout";
L_000002050dc2f6b0 .functor XOR 1, L_000002050dc13060, L_000002050dc2fa30, C4<0>, C4<0>;
L_000002050dc2e060 .functor XOR 1, L_000002050dc2f6b0, L_000002050dc2e450, C4<0>, C4<0>;
L_000002050dc2e220 .functor AND 1, L_000002050dc13060, L_000002050dc2fa30, C4<1>, C4<1>;
L_000002050dc2e290 .functor AND 1, L_000002050dc13060, L_000002050dc2e450, C4<1>, C4<1>;
L_000002050dc2f480 .functor OR 1, L_000002050dc2e220, L_000002050dc2e290, C4<0>, C4<0>;
L_000002050dc2f170 .functor AND 1, L_000002050dc2fa30, L_000002050dc2e450, C4<1>, C4<1>;
L_000002050dc2e610 .functor OR 1, L_000002050dc2f480, L_000002050dc2f170, C4<0>, C4<0>;
v000002050dbf3310_0 .net "A", 0 0, L_000002050dc13060;  alias, 1 drivers
v000002050dbf2a50_0 .net "B", 0 0, L_000002050dc2fa30;  alias, 1 drivers
v000002050dbf33b0_0 .net "Cin", 0 0, L_000002050dc2e450;  alias, 1 drivers
v000002050dbf3f90_0 .net "Cout", 0 0, L_000002050dc2e610;  alias, 1 drivers
v000002050dbf38b0_0 .net "Sum", 0 0, L_000002050dc2e060;  alias, 1 drivers
v000002050dbf3090_0 .net *"_ivl_0", 0 0, L_000002050dc2f6b0;  1 drivers
v000002050dbf3450_0 .net *"_ivl_10", 0 0, L_000002050dc2f170;  1 drivers
v000002050dbf2690_0 .net *"_ivl_4", 0 0, L_000002050dc2e220;  1 drivers
v000002050dbf2cd0_0 .net *"_ivl_6", 0 0, L_000002050dc2e290;  1 drivers
v000002050dbf2af0_0 .net *"_ivl_8", 0 0, L_000002050dc2f480;  1 drivers
S_000002050dbef910 .scope module, "FA39" "full_adder" 4 429, 5 1 0, S_000002050db86d90;
 .timescale 0 0;
    .port_info 0 /INPUT 1 "A";
    .port_info 1 /INPUT 1 "B";
    .port_info 2 /INPUT 1 "Cin";
    .port_info 3 /OUTPUT 1 "Sum";
    .port_info 4 /OUTPUT 1 "Cout";
L_000002050dc2e530 .functor XOR 1, L_000002050dc131b0, L_000002050dc2f9c0, C4<0>, C4<0>;
L_000002050dc2f1e0 .functor XOR 1, L_000002050dc2e530, L_000002050dc2e610, C4<0>, C4<0>;
L_000002050dc2f330 .functor AND 1, L_000002050dc131b0, L_000002050dc2f9c0, C4<1>, C4<1>;
L_000002050dc2f5d0 .functor AND 1, L_000002050dc131b0, L_000002050dc2e610, C4<1>, C4<1>;
L_000002050dc2f720 .functor OR 1, L_000002050dc2f330, L_000002050dc2f5d0, C4<0>, C4<0>;
L_000002050dc2e370 .functor AND 1, L_000002050dc2f9c0, L_000002050dc2e610, C4<1>, C4<1>;
L_000002050dc2f790 .functor OR 1, L_000002050dc2f720, L_000002050dc2e370, C4<0>, C4<0>;
v000002050dbf29b0_0 .net "A", 0 0, L_000002050dc131b0;  alias, 1 drivers
v000002050dbf34f0_0 .net "B", 0 0, L_000002050dc2f9c0;  alias, 1 drivers
v000002050dbf2730_0 .net "Cin", 0 0, L_000002050dc2e610;  alias, 1 drivers
v000002050dbf2410_0 .net "Cout", 0 0, L_000002050dc2f790;  alias, 1 drivers
v000002050dbf2ff0_0 .net "Sum", 0 0, L_000002050dc2f1e0;  alias, 1 drivers
v000002050dbf3130_0 .net *"_ivl_0", 0 0, L_000002050dc2e530;  1 drivers
v000002050dbf4170_0 .net *"_ivl_10", 0 0, L_000002050dc2e370;  1 drivers
v000002050dbf3bd0_0 .net *"_ivl_4", 0 0, L_000002050dc2f330;  1 drivers
v000002050dbf1a10_0 .net *"_ivl_6", 0 0, L_000002050dc2f5d0;  1 drivers
v000002050dbf4030_0 .net *"_ivl_8", 0 0, L_000002050dc2f720;  1 drivers
S_000002050dbefc30 .scope module, "FA4" "full_adder" 4 66, 5 1 0, S_000002050db86d90;
 .timescale 0 0;
    .port_info 0 /INPUT 1 "A";
    .port_info 1 /INPUT 1 "B";
    .port_info 2 /INPUT 1 "Cin";
    .port_info 3 /OUTPUT 1 "Sum";
    .port_info 4 /OUTPUT 1 "Cout";
L_000002050dc24170 .functor XOR 1, L_000002050dc12810, L_000002050dc12b90, C4<0>, C4<0>;
L_000002050dc256e0 .functor XOR 1, L_000002050dc24170, L_000002050dc24d40, C4<0>, C4<0>;
L_000002050dc25670 .functor AND 1, L_000002050dc12810, L_000002050dc12b90, C4<1>, C4<1>;
L_000002050dc25130 .functor AND 1, L_000002050dc12810, L_000002050dc24d40, C4<1>, C4<1>;
L_000002050dc25980 .functor OR 1, L_000002050dc25670, L_000002050dc25130, C4<0>, C4<0>;
L_000002050dc254b0 .functor AND 1, L_000002050dc12b90, L_000002050dc24d40, C4<1>, C4<1>;
L_000002050dc258a0 .functor OR 1, L_000002050dc25980, L_000002050dc254b0, C4<0>, C4<0>;
v000002050dbf36d0_0 .net "A", 0 0, L_000002050dc12810;  alias, 1 drivers
v000002050dbf2b90_0 .net "B", 0 0, L_000002050dc12b90;  alias, 1 drivers
v000002050dbf3950_0 .net "Cin", 0 0, L_000002050dc24d40;  alias, 1 drivers
v000002050dbf2eb0_0 .net "Cout", 0 0, L_000002050dc258a0;  alias, 1 drivers
v000002050dbf40d0_0 .net "Sum", 0 0, L_000002050dc256e0;  alias, 1 drivers
v000002050dbf2d70_0 .net *"_ivl_0", 0 0, L_000002050dc24170;  1 drivers
v000002050dbf3590_0 .net *"_ivl_10", 0 0, L_000002050dc254b0;  1 drivers
v000002050dbf1ab0_0 .net *"_ivl_4", 0 0, L_000002050dc25670;  1 drivers
v000002050dbf3810_0 .net *"_ivl_6", 0 0, L_000002050dc25130;  1 drivers
v000002050dbf3a90_0 .net *"_ivl_8", 0 0, L_000002050dc25980;  1 drivers
S_000002050dbf0720 .scope module, "FA40" "full_adder" 4 438, 5 1 0, S_000002050db86d90;
 .timescale 0 0;
    .port_info 0 /INPUT 1 "A";
    .port_info 1 /INPUT 1 "B";
    .port_info 2 /INPUT 1 "Cin";
    .port_info 3 /OUTPUT 1 "Sum";
    .port_info 4 /OUTPUT 1 "Cout";
L_000002050dc2e4c0 .functor XOR 1, L_000002050dc125e0, L_000002050dc2e840, C4<0>, C4<0>;
L_000002050dc2e680 .functor XOR 1, L_000002050dc2e4c0, L_000002050dc2f790, C4<0>, C4<0>;
L_000002050dc2e6f0 .functor AND 1, L_000002050dc125e0, L_000002050dc2e840, C4<1>, C4<1>;
L_000002050dc2e7d0 .functor AND 1, L_000002050dc125e0, L_000002050dc2f790, C4<1>, C4<1>;
L_000002050dc2ffe0 .functor OR 1, L_000002050dc2e6f0, L_000002050dc2e7d0, C4<0>, C4<0>;
L_000002050dc30600 .functor AND 1, L_000002050dc2e840, L_000002050dc2f790, C4<1>, C4<1>;
L_000002050dc2fb80 .functor OR 1, L_000002050dc2ffe0, L_000002050dc30600, C4<0>, C4<0>;
v000002050dbf3b30_0 .net "A", 0 0, L_000002050dc125e0;  alias, 1 drivers
v000002050dbf3c70_0 .net "B", 0 0, L_000002050dc2e840;  alias, 1 drivers
v000002050dbf27d0_0 .net "Cin", 0 0, L_000002050dc2f790;  alias, 1 drivers
v000002050dbf2e10_0 .net "Cout", 0 0, L_000002050dc2fb80;  alias, 1 drivers
v000002050dbf1b50_0 .net "Sum", 0 0, L_000002050dc2e680;  alias, 1 drivers
v000002050dbf1bf0_0 .net *"_ivl_0", 0 0, L_000002050dc2e4c0;  1 drivers
v000002050dbf3d10_0 .net *"_ivl_10", 0 0, L_000002050dc30600;  1 drivers
v000002050dbf2f50_0 .net *"_ivl_4", 0 0, L_000002050dc2e6f0;  1 drivers
v000002050dbf3db0_0 .net *"_ivl_6", 0 0, L_000002050dc2e7d0;  1 drivers
v000002050dbf1f10_0 .net *"_ivl_8", 0 0, L_000002050dc2ffe0;  1 drivers
S_000002050dbf00e0 .scope module, "FA41" "full_adder" 4 447, 5 1 0, S_000002050db86d90;
 .timescale 0 0;
    .port_info 0 /INPUT 1 "A";
    .port_info 1 /INPUT 1 "B";
    .port_info 2 /INPUT 1 "Cin";
    .port_info 3 /OUTPUT 1 "Sum";
    .port_info 4 /OUTPUT 1 "Cout";
L_000002050dc303d0 .functor XOR 1, L_000002050dc123b0, L_000002050dc2eae0, C4<0>, C4<0>;
L_000002050dc30360 .functor XOR 1, L_000002050dc303d0, L_000002050dc2fb80, C4<0>, C4<0>;
L_000002050dc30fa0 .functor AND 1, L_000002050dc123b0, L_000002050dc2eae0, C4<1>, C4<1>;
L_000002050dc309f0 .functor AND 1, L_000002050dc123b0, L_000002050dc2fb80, C4<1>, C4<1>;
L_000002050dc30c90 .functor OR 1, L_000002050dc30fa0, L_000002050dc309f0, C4<0>, C4<0>;
L_000002050dc30b40 .functor AND 1, L_000002050dc2eae0, L_000002050dc2fb80, C4<1>, C4<1>;
L_000002050dc30830 .functor OR 1, L_000002050dc30c90, L_000002050dc30b40, C4<0>, C4<0>;
v000002050dbf1dd0_0 .net "A", 0 0, L_000002050dc123b0;  alias, 1 drivers
v000002050dbf1e70_0 .net "B", 0 0, L_000002050dc2eae0;  alias, 1 drivers
v000002050dbf1fb0_0 .net "Cin", 0 0, L_000002050dc2fb80;  alias, 1 drivers
v000002050dbf2050_0 .net "Cout", 0 0, L_000002050dc30830;  alias, 1 drivers
v000002050dbf4d50_0 .net "Sum", 0 0, L_000002050dc30360;  alias, 1 drivers
v000002050dbf4990_0 .net *"_ivl_0", 0 0, L_000002050dc303d0;  1 drivers
v000002050dbf5430_0 .net *"_ivl_10", 0 0, L_000002050dc30b40;  1 drivers
v000002050dbf5f70_0 .net *"_ivl_4", 0 0, L_000002050dc30fa0;  1 drivers
v000002050dbf4a30_0 .net *"_ivl_6", 0 0, L_000002050dc309f0;  1 drivers
v000002050dbf47b0_0 .net *"_ivl_8", 0 0, L_000002050dc30c90;  1 drivers
S_000002050dbefdc0 .scope module, "FA42" "full_adder" 4 464, 5 1 0, S_000002050db86d90;
 .timescale 0 0;
    .port_info 0 /INPUT 1 "A";
    .port_info 1 /INPUT 1 "B";
    .port_info 2 /INPUT 1 "Cin";
    .port_info 3 /OUTPUT 1 "Sum";
    .port_info 4 /OUTPUT 1 "Cout";
L_000002050dc302f0 .functor XOR 1, L_000002050dc12a40, L_000002050dc2ebc0, C4<0>, C4<0>;
L_000002050dc30670 .functor XOR 1, L_000002050dc302f0, L_000002050dc30980, C4<0>, C4<0>;
L_000002050dc30520 .functor AND 1, L_000002050dc12a40, L_000002050dc2ebc0, C4<1>, C4<1>;
L_000002050dc31390 .functor AND 1, L_000002050dc12a40, L_000002050dc30980, C4<1>, C4<1>;
L_000002050dc30280 .functor OR 1, L_000002050dc30520, L_000002050dc31390, C4<0>, C4<0>;
L_000002050dc30440 .functor AND 1, L_000002050dc2ebc0, L_000002050dc30980, C4<1>, C4<1>;
L_000002050dc31470 .functor OR 1, L_000002050dc30280, L_000002050dc30440, C4<0>, C4<0>;
v000002050dbf5bb0_0 .net "A", 0 0, L_000002050dc12a40;  alias, 1 drivers
v000002050dbf6010_0 .net "B", 0 0, L_000002050dc2ebc0;  alias, 1 drivers
v000002050dbf5a70_0 .net "Cin", 0 0, L_000002050dc30980;  alias, 1 drivers
v000002050dbf5250_0 .net "Cout", 0 0, L_000002050dc31470;  alias, 1 drivers
v000002050dbf5ed0_0 .net "Sum", 0 0, L_000002050dc30670;  1 drivers
v000002050dbf4ad0_0 .net *"_ivl_0", 0 0, L_000002050dc302f0;  1 drivers
v000002050dbf60b0_0 .net *"_ivl_10", 0 0, L_000002050dc30440;  1 drivers
v000002050dbf5890_0 .net *"_ivl_4", 0 0, L_000002050dc30520;  1 drivers
v000002050dbf5b10_0 .net *"_ivl_6", 0 0, L_000002050dc31390;  1 drivers
v000002050dbf6150_0 .net *"_ivl_8", 0 0, L_000002050dc30280;  1 drivers
S_000002050dbef5f0 .scope module, "FA43" "full_adder" 4 473, 5 1 0, S_000002050db86d90;
 .timescale 0 0;
    .port_info 0 /INPUT 1 "A";
    .port_info 1 /INPUT 1 "B";
    .port_info 2 /INPUT 1 "Cin";
    .port_info 3 /OUTPUT 1 "Sum";
    .port_info 4 /OUTPUT 1 "Cout";
L_000002050dc30a60 .functor XOR 1, L_000002050dc12f10, L_000002050dc2f2c0, C4<0>, C4<0>;
L_000002050dc30bb0 .functor XOR 1, L_000002050dc30a60, L_000002050dc31470, C4<0>, C4<0>;
L_000002050dc2fd40 .functor AND 1, L_000002050dc12f10, L_000002050dc2f2c0, C4<1>, C4<1>;
L_000002050dc31630 .functor AND 1, L_000002050dc12f10, L_000002050dc31470, C4<1>, C4<1>;
L_000002050dc30ad0 .functor OR 1, L_000002050dc2fd40, L_000002050dc31630, C4<0>, C4<0>;
L_000002050dc30050 .functor AND 1, L_000002050dc2f2c0, L_000002050dc31470, C4<1>, C4<1>;
L_000002050dc30d00 .functor OR 1, L_000002050dc30ad0, L_000002050dc30050, C4<0>, C4<0>;
v000002050dbf63d0_0 .net "A", 0 0, L_000002050dc12f10;  alias, 1 drivers
v000002050dbf5110_0 .net "B", 0 0, L_000002050dc2f2c0;  alias, 1 drivers
v000002050dbf51b0_0 .net "Cin", 0 0, L_000002050dc31470;  alias, 1 drivers
v000002050dbf5cf0_0 .net "Cout", 0 0, L_000002050dc30d00;  alias, 1 drivers
v000002050dbf4df0_0 .net "Sum", 0 0, L_000002050dc30bb0;  1 drivers
v000002050dbf4c10_0 .net *"_ivl_0", 0 0, L_000002050dc30a60;  1 drivers
v000002050dbf57f0_0 .net *"_ivl_10", 0 0, L_000002050dc30050;  1 drivers
v000002050dbf5930_0 .net *"_ivl_4", 0 0, L_000002050dc2fd40;  1 drivers
v000002050dbf6970_0 .net *"_ivl_6", 0 0, L_000002050dc31630;  1 drivers
v000002050dbf4fd0_0 .net *"_ivl_8", 0 0, L_000002050dc30ad0;  1 drivers
S_000002050dbf0270 .scope module, "FA44" "full_adder" 4 482, 5 1 0, S_000002050db86d90;
 .timescale 0 0;
    .port_info 0 /INPUT 1 "A";
    .port_info 1 /INPUT 1 "B";
    .port_info 2 /INPUT 1 "Cin";
    .port_info 3 /OUTPUT 1 "Sum";
    .port_info 4 /OUTPUT 1 "Cout";
L_000002050dc300c0 .functor XOR 1, L_000002050dc121f0, L_000002050dc2e060, C4<0>, C4<0>;
L_000002050dc306e0 .functor XOR 1, L_000002050dc300c0, L_000002050dc30d00, C4<0>, C4<0>;
L_000002050dc30d70 .functor AND 1, L_000002050dc121f0, L_000002050dc2e060, C4<1>, C4<1>;
L_000002050dc30910 .functor AND 1, L_000002050dc121f0, L_000002050dc30d00, C4<1>, C4<1>;
L_000002050dc2ff70 .functor OR 1, L_000002050dc30d70, L_000002050dc30910, C4<0>, C4<0>;
L_000002050dc2fe90 .functor AND 1, L_000002050dc2e060, L_000002050dc30d00, C4<1>, C4<1>;
L_000002050dc31320 .functor OR 1, L_000002050dc2ff70, L_000002050dc2fe90, C4<0>, C4<0>;
v000002050dbf5610_0 .net "A", 0 0, L_000002050dc121f0;  alias, 1 drivers
v000002050dbf6330_0 .net "B", 0 0, L_000002050dc2e060;  alias, 1 drivers
v000002050dbf5e30_0 .net "Cin", 0 0, L_000002050dc30d00;  alias, 1 drivers
v000002050dbf5390_0 .net "Cout", 0 0, L_000002050dc31320;  alias, 1 drivers
v000002050dbf4530_0 .net "Sum", 0 0, L_000002050dc306e0;  1 drivers
v000002050dbf45d0_0 .net *"_ivl_0", 0 0, L_000002050dc300c0;  1 drivers
v000002050dbf68d0_0 .net *"_ivl_10", 0 0, L_000002050dc2fe90;  1 drivers
v000002050dbf52f0_0 .net *"_ivl_4", 0 0, L_000002050dc30d70;  1 drivers
v000002050dbf5c50_0 .net *"_ivl_6", 0 0, L_000002050dc30910;  1 drivers
v000002050dbf5d90_0 .net *"_ivl_8", 0 0, L_000002050dc2ff70;  1 drivers
S_000002050dbf0400 .scope module, "FA45" "full_adder" 4 491, 5 1 0, S_000002050db86d90;
 .timescale 0 0;
    .port_info 0 /INPUT 1 "A";
    .port_info 1 /INPUT 1 "B";
    .port_info 2 /INPUT 1 "Cin";
    .port_info 3 /OUTPUT 1 "Sum";
    .port_info 4 /OUTPUT 1 "Cout";
L_000002050dc307c0 .functor XOR 1, L_000002050dc136f0, L_000002050dc2f1e0, C4<0>, C4<0>;
L_000002050dc30de0 .functor XOR 1, L_000002050dc307c0, L_000002050dc31320, C4<0>, C4<0>;
L_000002050dc308a0 .functor AND 1, L_000002050dc136f0, L_000002050dc2f1e0, C4<1>, C4<1>;
L_000002050dc31400 .functor AND 1, L_000002050dc136f0, L_000002050dc31320, C4<1>, C4<1>;
L_000002050dc31010 .functor OR 1, L_000002050dc308a0, L_000002050dc31400, C4<0>, C4<0>;
L_000002050dc314e0 .functor AND 1, L_000002050dc2f1e0, L_000002050dc31320, C4<1>, C4<1>;
L_000002050dc301a0 .functor OR 1, L_000002050dc31010, L_000002050dc314e0, C4<0>, C4<0>;
v000002050dbf48f0_0 .net "A", 0 0, L_000002050dc136f0;  alias, 1 drivers
v000002050dbf54d0_0 .net "B", 0 0, L_000002050dc2f1e0;  alias, 1 drivers
v000002050dbf59d0_0 .net "Cin", 0 0, L_000002050dc31320;  alias, 1 drivers
v000002050dbf6290_0 .net "Cout", 0 0, L_000002050dc301a0;  alias, 1 drivers
v000002050dbf5070_0 .net "Sum", 0 0, L_000002050dc30de0;  1 drivers
v000002050dbf4b70_0 .net *"_ivl_0", 0 0, L_000002050dc307c0;  1 drivers
v000002050dbf4350_0 .net *"_ivl_10", 0 0, L_000002050dc314e0;  1 drivers
v000002050dbf4210_0 .net *"_ivl_4", 0 0, L_000002050dc308a0;  1 drivers
v000002050dbf61f0_0 .net *"_ivl_6", 0 0, L_000002050dc31400;  1 drivers
v000002050dbf6470_0 .net *"_ivl_8", 0 0, L_000002050dc31010;  1 drivers
S_000002050dbf0590 .scope module, "FA46" "full_adder" 4 500, 5 1 0, S_000002050db86d90;
 .timescale 0 0;
    .port_info 0 /INPUT 1 "A";
    .port_info 1 /INPUT 1 "B";
    .port_info 2 /INPUT 1 "Cin";
    .port_info 3 /OUTPUT 1 "Sum";
    .port_info 4 /OUTPUT 1 "Cout";
L_000002050dc2faa0 .functor XOR 1, L_000002050dc12c70, L_000002050dc2e680, C4<0>, C4<0>;
L_000002050dc30e50 .functor XOR 1, L_000002050dc2faa0, L_000002050dc301a0, C4<0>, C4<0>;
L_000002050dc2ff00 .functor AND 1, L_000002050dc12c70, L_000002050dc2e680, C4<1>, C4<1>;
L_000002050dc30210 .functor AND 1, L_000002050dc12c70, L_000002050dc301a0, C4<1>, C4<1>;
L_000002050dc2fbf0 .functor OR 1, L_000002050dc2ff00, L_000002050dc30210, C4<0>, C4<0>;
L_000002050dc30750 .functor AND 1, L_000002050dc2e680, L_000002050dc301a0, C4<1>, C4<1>;
L_000002050dc31550 .functor OR 1, L_000002050dc2fbf0, L_000002050dc30750, C4<0>, C4<0>;
v000002050dbf5570_0 .net "A", 0 0, L_000002050dc12c70;  alias, 1 drivers
v000002050dbf56b0_0 .net "B", 0 0, L_000002050dc2e680;  alias, 1 drivers
v000002050dbf4cb0_0 .net "Cin", 0 0, L_000002050dc301a0;  alias, 1 drivers
v000002050dbf4e90_0 .net "Cout", 0 0, L_000002050dc31550;  alias, 1 drivers
v000002050dbf5750_0 .net "Sum", 0 0, L_000002050dc30e50;  1 drivers
v000002050dbf6510_0 .net *"_ivl_0", 0 0, L_000002050dc2faa0;  1 drivers
v000002050dbf4f30_0 .net *"_ivl_10", 0 0, L_000002050dc30750;  1 drivers
v000002050dbf6650_0 .net *"_ivl_4", 0 0, L_000002050dc2ff00;  1 drivers
v000002050dbf65b0_0 .net *"_ivl_6", 0 0, L_000002050dc30210;  1 drivers
v000002050dbf66f0_0 .net *"_ivl_8", 0 0, L_000002050dc2fbf0;  1 drivers
S_000002050dbf08b0 .scope module, "FA47" "full_adder" 4 509, 5 1 0, S_000002050db86d90;
 .timescale 0 0;
    .port_info 0 /INPUT 1 "A";
    .port_info 1 /INPUT 1 "B";
    .port_info 2 /INPUT 1 "Cin";
    .port_info 3 /OUTPUT 1 "Sum";
    .port_info 4 /OUTPUT 1 "Cout";
L_000002050dc2fb10 .functor XOR 1, L_000002050dc13b50, L_000002050dc30360, C4<0>, C4<0>;
L_000002050dc315c0 .functor XOR 1, L_000002050dc2fb10, L_000002050dc31550, C4<0>, C4<0>;
L_000002050dc2fdb0 .functor AND 1, L_000002050dc13b50, L_000002050dc30360, C4<1>, C4<1>;
L_000002050dc30ec0 .functor AND 1, L_000002050dc13b50, L_000002050dc31550, C4<1>, C4<1>;
L_000002050dc30f30 .functor OR 1, L_000002050dc2fdb0, L_000002050dc30ec0, C4<0>, C4<0>;
L_000002050dc30130 .functor AND 1, L_000002050dc30360, L_000002050dc31550, C4<1>, C4<1>;
L_000002050dc2fc60 .functor OR 1, L_000002050dc30f30, L_000002050dc30130, C4<0>, C4<0>;
v000002050dbf6790_0 .net "A", 0 0, L_000002050dc13b50;  alias, 1 drivers
v000002050dbf42b0_0 .net "B", 0 0, L_000002050dc30360;  alias, 1 drivers
v000002050dbf6830_0 .net "Cin", 0 0, L_000002050dc31550;  alias, 1 drivers
v000002050dbf43f0_0 .net "Cout", 0 0, L_000002050dc2fc60;  alias, 1 drivers
v000002050dbf4490_0 .net "Sum", 0 0, L_000002050dc315c0;  1 drivers
v000002050dbf4670_0 .net *"_ivl_0", 0 0, L_000002050dc2fb10;  1 drivers
v000002050dbf4710_0 .net *"_ivl_10", 0 0, L_000002050dc30130;  1 drivers
v000002050dbf4850_0 .net *"_ivl_4", 0 0, L_000002050dc2fdb0;  1 drivers
v000002050dbf84f0_0 .net *"_ivl_6", 0 0, L_000002050dc30ec0;  1 drivers
v000002050dbf75f0_0 .net *"_ivl_8", 0 0, L_000002050dc30f30;  1 drivers
S_000002050dbf0ef0 .scope module, "FA48" "full_adder" 4 518, 5 1 0, S_000002050db86d90;
 .timescale 0 0;
    .port_info 0 /INPUT 1 "A";
    .port_info 1 /INPUT 1 "B";
    .port_info 2 /INPUT 1 "Cin";
    .port_info 3 /OUTPUT 1 "Sum";
    .port_info 4 /OUTPUT 1 "Cout";
L_000002050dc31080 .functor XOR 1, L_000002050dc12650, L_000002050dc30830, C4<0>, C4<0>;
L_000002050dc2fcd0 .functor XOR 1, L_000002050dc31080, L_000002050dc2fc60, C4<0>, C4<0>;
L_000002050dc304b0 .functor AND 1, L_000002050dc12650, L_000002050dc30830, C4<1>, C4<1>;
L_000002050dc310f0 .functor AND 1, L_000002050dc12650, L_000002050dc2fc60, C4<1>, C4<1>;
L_000002050dc30590 .functor OR 1, L_000002050dc304b0, L_000002050dc310f0, C4<0>, C4<0>;
L_000002050dc31160 .functor AND 1, L_000002050dc30830, L_000002050dc2fc60, C4<1>, C4<1>;
L_000002050dc311d0 .functor OR 1, L_000002050dc30590, L_000002050dc31160, C4<0>, C4<0>;
v000002050dbf7050_0 .net "A", 0 0, L_000002050dc12650;  alias, 1 drivers
v000002050dbf77d0_0 .net "B", 0 0, L_000002050dc30830;  alias, 1 drivers
v000002050dbf8d10_0 .net "Cin", 0 0, L_000002050dc2fc60;  alias, 1 drivers
v000002050dbf8ef0_0 .net "Cout", 0 0, L_000002050dc311d0;  1 drivers
v000002050dbf7870_0 .net "Sum", 0 0, L_000002050dc2fcd0;  1 drivers
v000002050dbf8db0_0 .net *"_ivl_0", 0 0, L_000002050dc31080;  1 drivers
v000002050dbf8bd0_0 .net *"_ivl_10", 0 0, L_000002050dc31160;  1 drivers
v000002050dbf8f90_0 .net *"_ivl_4", 0 0, L_000002050dc304b0;  1 drivers
v000002050dbf6bf0_0 .net *"_ivl_6", 0 0, L_000002050dc310f0;  1 drivers
v000002050dbf6d30_0 .net *"_ivl_8", 0 0, L_000002050dc30590;  1 drivers
S_000002050dbf1080 .scope module, "FA5" "full_adder" 4 75, 5 1 0, S_000002050db86d90;
 .timescale 0 0;
    .port_info 0 /INPUT 1 "A";
    .port_info 1 /INPUT 1 "B";
    .port_info 2 /INPUT 1 "Cin";
    .port_info 3 /OUTPUT 1 "Sum";
    .port_info 4 /OUTPUT 1 "Cout";
L_000002050dc24090 .functor XOR 1, L_000002050dc13a70, L_000002050dc12960, C4<0>, C4<0>;
L_000002050dc24cd0 .functor XOR 1, L_000002050dc24090, L_000002050dc258a0, C4<0>, C4<0>;
L_000002050dc248e0 .functor AND 1, L_000002050dc13a70, L_000002050dc12960, C4<1>, C4<1>;
L_000002050dc259f0 .functor AND 1, L_000002050dc13a70, L_000002050dc258a0, C4<1>, C4<1>;
L_000002050dc25360 .functor OR 1, L_000002050dc248e0, L_000002050dc259f0, C4<0>, C4<0>;
L_000002050dc25590 .functor AND 1, L_000002050dc12960, L_000002050dc258a0, C4<1>, C4<1>;
L_000002050dc24330 .functor OR 1, L_000002050dc25360, L_000002050dc25590, C4<0>, C4<0>;
v000002050dbf7f50_0 .net "A", 0 0, L_000002050dc13a70;  alias, 1 drivers
v000002050dbf83b0_0 .net "B", 0 0, L_000002050dc12960;  alias, 1 drivers
v000002050dbf8810_0 .net "Cin", 0 0, L_000002050dc258a0;  alias, 1 drivers
v000002050dbf8590_0 .net "Cout", 0 0, L_000002050dc24330;  alias, 1 drivers
v000002050dbf8450_0 .net "Sum", 0 0, L_000002050dc24cd0;  alias, 1 drivers
v000002050dbf9170_0 .net *"_ivl_0", 0 0, L_000002050dc24090;  1 drivers
v000002050dbf7a50_0 .net *"_ivl_10", 0 0, L_000002050dc25590;  1 drivers
v000002050dbf8130_0 .net *"_ivl_4", 0 0, L_000002050dc248e0;  1 drivers
v000002050dbf9030_0 .net *"_ivl_6", 0 0, L_000002050dc259f0;  1 drivers
v000002050dbf7910_0 .net *"_ivl_8", 0 0, L_000002050dc25360;  1 drivers
S_000002050dbfb4a0 .scope module, "FA6" "full_adder" 4 84, 5 1 0, S_000002050db86d90;
 .timescale 0 0;
    .port_info 0 /INPUT 1 "A";
    .port_info 1 /INPUT 1 "B";
    .port_info 2 /INPUT 1 "Cin";
    .port_info 3 /OUTPUT 1 "Sum";
    .port_info 4 /OUTPUT 1 "Cout";
L_000002050dc24020 .functor XOR 1, L_000002050dc12420, L_000002050dc135a0, C4<0>, C4<0>;
L_000002050dc25750 .functor XOR 1, L_000002050dc24020, L_000002050dc24330, C4<0>, C4<0>;
L_000002050dc24480 .functor AND 1, L_000002050dc12420, L_000002050dc135a0, C4<1>, C4<1>;
L_000002050dc24100 .functor AND 1, L_000002050dc12420, L_000002050dc24330, C4<1>, C4<1>;
L_000002050dc25520 .functor OR 1, L_000002050dc24480, L_000002050dc24100, C4<0>, C4<0>;
L_000002050dc24c60 .functor AND 1, L_000002050dc135a0, L_000002050dc24330, C4<1>, C4<1>;
L_000002050dc251a0 .functor OR 1, L_000002050dc25520, L_000002050dc24c60, C4<0>, C4<0>;
v000002050dbf7af0_0 .net "A", 0 0, L_000002050dc12420;  alias, 1 drivers
v000002050dbf8e50_0 .net "B", 0 0, L_000002050dc135a0;  alias, 1 drivers
v000002050dbf7410_0 .net "Cin", 0 0, L_000002050dc24330;  alias, 1 drivers
v000002050dbf8630_0 .net "Cout", 0 0, L_000002050dc251a0;  alias, 1 drivers
v000002050dbf7d70_0 .net "Sum", 0 0, L_000002050dc25750;  alias, 1 drivers
v000002050dbf86d0_0 .net *"_ivl_0", 0 0, L_000002050dc24020;  1 drivers
v000002050dbf79b0_0 .net *"_ivl_10", 0 0, L_000002050dc24c60;  1 drivers
v000002050dbf7c30_0 .net *"_ivl_4", 0 0, L_000002050dc24480;  1 drivers
v000002050dbf8770_0 .net *"_ivl_6", 0 0, L_000002050dc24100;  1 drivers
v000002050dbf88b0_0 .net *"_ivl_8", 0 0, L_000002050dc25520;  1 drivers
S_000002050dbfa9b0 .scope module, "FA7" "full_adder" 4 109, 5 1 0, S_000002050db86d90;
 .timescale 0 0;
    .port_info 0 /INPUT 1 "A";
    .port_info 1 /INPUT 1 "B";
    .port_info 2 /INPUT 1 "Cin";
    .port_info 3 /OUTPUT 1 "Sum";
    .port_info 4 /OUTPUT 1 "Cout";
L_000002050dc24db0 .functor XOR 1, L_000002050dc13990, L_000002050dc24fe0, C4<0>, C4<0>;
L_000002050dc24f70 .functor XOR 1, L_000002050dc24db0, L_000002050dc24f00, C4<0>, C4<0>;
L_000002050dc250c0 .functor AND 1, L_000002050dc13990, L_000002050dc24fe0, C4<1>, C4<1>;
L_000002050dc25210 .functor AND 1, L_000002050dc13990, L_000002050dc24f00, C4<1>, C4<1>;
L_000002050dc25280 .functor OR 1, L_000002050dc250c0, L_000002050dc25210, C4<0>, C4<0>;
L_000002050dc252f0 .functor AND 1, L_000002050dc24fe0, L_000002050dc24f00, C4<1>, C4<1>;
L_000002050dc23e60 .functor OR 1, L_000002050dc25280, L_000002050dc252f0, C4<0>, C4<0>;
v000002050dbf7690_0 .net "A", 0 0, L_000002050dc13990;  alias, 1 drivers
v000002050dbf74b0_0 .net "B", 0 0, L_000002050dc24fe0;  alias, 1 drivers
v000002050dbf7190_0 .net "Cin", 0 0, L_000002050dc24f00;  alias, 1 drivers
v000002050dbf8270_0 .net "Cout", 0 0, L_000002050dc23e60;  alias, 1 drivers
v000002050dbf7b90_0 .net "Sum", 0 0, L_000002050dc24f70;  alias, 1 drivers
v000002050dbf90d0_0 .net *"_ivl_0", 0 0, L_000002050dc24db0;  1 drivers
v000002050dbf6c90_0 .net *"_ivl_10", 0 0, L_000002050dc252f0;  1 drivers
v000002050dbf7370_0 .net *"_ivl_4", 0 0, L_000002050dc250c0;  1 drivers
v000002050dbf6e70_0 .net *"_ivl_6", 0 0, L_000002050dc25210;  1 drivers
v000002050dbf7730_0 .net *"_ivl_8", 0 0, L_000002050dc25280;  1 drivers
S_000002050dbfb180 .scope module, "FA8" "full_adder" 4 118, 5 1 0, S_000002050db86d90;
 .timescale 0 0;
    .port_info 0 /INPUT 1 "A";
    .port_info 1 /INPUT 1 "B";
    .port_info 2 /INPUT 1 "Cin";
    .port_info 3 /OUTPUT 1 "Sum";
    .port_info 4 /OUTPUT 1 "Cout";
L_000002050dc24560 .functor XOR 1, L_000002050dc137d0, L_000002050dc25440, C4<0>, C4<0>;
L_000002050dc24950 .functor XOR 1, L_000002050dc24560, L_000002050dc23e60, C4<0>, C4<0>;
L_000002050dc23ed0 .functor AND 1, L_000002050dc137d0, L_000002050dc25440, C4<1>, C4<1>;
L_000002050dc24bf0 .functor AND 1, L_000002050dc137d0, L_000002050dc23e60, C4<1>, C4<1>;
L_000002050dc23f40 .functor OR 1, L_000002050dc23ed0, L_000002050dc24bf0, C4<0>, C4<0>;
L_000002050dc245d0 .functor AND 1, L_000002050dc25440, L_000002050dc23e60, C4<1>, C4<1>;
L_000002050dc24250 .functor OR 1, L_000002050dc23f40, L_000002050dc245d0, C4<0>, C4<0>;
v000002050dbf7550_0 .net "A", 0 0, L_000002050dc137d0;  alias, 1 drivers
v000002050dbf8950_0 .net "B", 0 0, L_000002050dc25440;  alias, 1 drivers
v000002050dbf7cd0_0 .net "Cin", 0 0, L_000002050dc23e60;  alias, 1 drivers
v000002050dbf6fb0_0 .net "Cout", 0 0, L_000002050dc24250;  alias, 1 drivers
v000002050dbf89f0_0 .net "Sum", 0 0, L_000002050dc24950;  alias, 1 drivers
v000002050dbf7230_0 .net *"_ivl_0", 0 0, L_000002050dc24560;  1 drivers
v000002050dbf72d0_0 .net *"_ivl_10", 0 0, L_000002050dc245d0;  1 drivers
v000002050dbf6a10_0 .net *"_ivl_4", 0 0, L_000002050dc23ed0;  1 drivers
v000002050dbf8310_0 .net *"_ivl_6", 0 0, L_000002050dc24bf0;  1 drivers
v000002050dbf6dd0_0 .net *"_ivl_8", 0 0, L_000002050dc23f40;  1 drivers
S_000002050dbfaff0 .scope module, "FA9" "full_adder" 4 127, 5 1 0, S_000002050db86d90;
 .timescale 0 0;
    .port_info 0 /INPUT 1 "A";
    .port_info 1 /INPUT 1 "B";
    .port_info 2 /INPUT 1 "Cin";
    .port_info 3 /OUTPUT 1 "Sum";
    .port_info 4 /OUTPUT 1 "Cout";
L_000002050dc249c0 .functor XOR 1, L_000002050dc12880, L_000002050dc256e0, C4<0>, C4<0>;
L_000002050dc24640 .functor XOR 1, L_000002050dc249c0, L_000002050dc24250, C4<0>, C4<0>;
L_000002050dc24e20 .functor AND 1, L_000002050dc12880, L_000002050dc256e0, C4<1>, C4<1>;
L_000002050dc242c0 .functor AND 1, L_000002050dc12880, L_000002050dc24250, C4<1>, C4<1>;
L_000002050dc24aa0 .functor OR 1, L_000002050dc24e20, L_000002050dc242c0, C4<0>, C4<0>;
L_000002050dc24720 .functor AND 1, L_000002050dc256e0, L_000002050dc24250, C4<1>, C4<1>;
L_000002050dc24790 .functor OR 1, L_000002050dc24aa0, L_000002050dc24720, C4<0>, C4<0>;
v000002050dbf7e10_0 .net "A", 0 0, L_000002050dc12880;  alias, 1 drivers
v000002050dbf8a90_0 .net "B", 0 0, L_000002050dc256e0;  alias, 1 drivers
v000002050dbf6ab0_0 .net "Cin", 0 0, L_000002050dc24250;  alias, 1 drivers
v000002050dbf7eb0_0 .net "Cout", 0 0, L_000002050dc24790;  alias, 1 drivers
v000002050dbf8090_0 .net "Sum", 0 0, L_000002050dc24640;  alias, 1 drivers
v000002050dbf8b30_0 .net *"_ivl_0", 0 0, L_000002050dc249c0;  1 drivers
v000002050dbf7ff0_0 .net *"_ivl_10", 0 0, L_000002050dc24720;  1 drivers
v000002050dbf81d0_0 .net *"_ivl_4", 0 0, L_000002050dc24e20;  1 drivers
v000002050dbf6b50_0 .net *"_ivl_6", 0 0, L_000002050dc242c0;  1 drivers
v000002050dbf6f10_0 .net *"_ivl_8", 0 0, L_000002050dc24aa0;  1 drivers
S_000002050dbfb310 .scope module, "HA1" "half_adder" 4 31, 6 1 0, S_000002050db86d90;
 .timescale 0 0;
    .port_info 0 /INPUT 1 "A";
    .port_info 1 /INPUT 1 "B";
    .port_info 2 /OUTPUT 1 "Sum";
    .port_info 3 /OUTPUT 1 "Cout";
L_000002050dc128f0 .functor XOR 1, L_000002050db74550, L_000002050dc13220, C4<0>, C4<0>;
L_000002050dc127a0 .functor AND 1, L_000002050db74550, L_000002050dc13220, C4<1>, C4<1>;
v000002050dbf8c70_0 .net "A", 0 0, L_000002050db74550;  alias, 1 drivers
v000002050dbf70f0_0 .net "B", 0 0, L_000002050dc13220;  alias, 1 drivers
v000002050dbf9530_0 .net "Cout", 0 0, L_000002050dc127a0;  alias, 1 drivers
v000002050dbf93f0_0 .net "Sum", 0 0, L_000002050dc128f0;  1 drivers
S_000002050dbfb630 .scope module, "HA2" "half_adder" 4 93, 6 1 0, S_000002050db86d90;
 .timescale 0 0;
    .port_info 0 /INPUT 1 "A";
    .port_info 1 /INPUT 1 "B";
    .port_info 2 /OUTPUT 1 "Sum";
    .port_info 3 /OUTPUT 1 "Cout";
L_000002050dc241e0 .functor XOR 1, L_000002050dc11fc0, L_000002050dc251a0, C4<0>, C4<0>;
L_000002050dc25830 .functor AND 1, L_000002050dc11fc0, L_000002050dc251a0, C4<1>, C4<1>;
v000002050dbf9350_0 .net "A", 0 0, L_000002050dc11fc0;  alias, 1 drivers
v000002050dbf98f0_0 .net "B", 0 0, L_000002050dc251a0;  alias, 1 drivers
v000002050dbf95d0_0 .net "Cout", 0 0, L_000002050dc25830;  alias, 1 drivers
v000002050dbf9210_0 .net "Sum", 0 0, L_000002050dc241e0;  alias, 1 drivers
S_000002050dbfb7c0 .scope module, "HA3" "half_adder" 4 101, 6 1 0, S_000002050db86d90;
 .timescale 0 0;
    .port_info 0 /INPUT 1 "A";
    .port_info 1 /INPUT 1 "B";
    .port_info 2 /OUTPUT 1 "Sum";
    .port_info 3 /OUTPUT 1 "Cout";
L_000002050dc25910 .functor XOR 1, L_000002050db745c0, L_000002050dc13d80, C4<0>, C4<0>;
L_000002050dc24f00 .functor AND 1, L_000002050db745c0, L_000002050dc13d80, C4<1>, C4<1>;
v000002050dbf92b0_0 .net "A", 0 0, L_000002050db745c0;  alias, 1 drivers
v000002050dbf9670_0 .net "B", 0 0, L_000002050dc13d80;  alias, 1 drivers
v000002050dbf9490_0 .net "Cout", 0 0, L_000002050dc24f00;  alias, 1 drivers
v000002050dbf9710_0 .net "Sum", 0 0, L_000002050dc25910;  1 drivers
S_000002050dbf9a10 .scope module, "HA4" "half_adder" 4 172, 6 1 0, S_000002050db86d90;
 .timescale 0 0;
    .port_info 0 /INPUT 1 "A";
    .port_info 1 /INPUT 1 "B";
    .port_info 2 /OUTPUT 1 "Sum";
    .port_info 3 /OUTPUT 1 "Cout";
L_000002050dc28730 .functor XOR 1, L_000002050dc122d0, L_000002050dc24f70, C4<0>, C4<0>;
L_000002050dc28110 .functor AND 1, L_000002050dc122d0, L_000002050dc24f70, C4<1>, C4<1>;
v000002050dbf97b0_0 .net "A", 0 0, L_000002050dc122d0;  alias, 1 drivers
v000002050dbf9850_0 .net "B", 0 0, L_000002050dc24f70;  alias, 1 drivers
v000002050dc020b0_0 .net "Cout", 0 0, L_000002050dc28110;  alias, 1 drivers
v000002050dc01570_0 .net "Sum", 0 0, L_000002050dc28730;  1 drivers
S_000002050dbf9ec0 .scope module, "HA5" "half_adder" 4 243, 6 1 0, S_000002050db86d90;
 .timescale 0 0;
    .port_info 0 /INPUT 1 "A";
    .port_info 1 /INPUT 1 "B";
    .port_info 2 /OUTPUT 1 "Sum";
    .port_info 3 /OUTPUT 1 "Cout";
L_000002050dc29b50 .functor XOR 1, L_000002050dc12f80, L_000002050dc28570, C4<0>, C4<0>;
L_000002050dc29a00 .functor AND 1, L_000002050dc12f80, L_000002050dc28570, C4<1>, C4<1>;
v000002050dc01110_0 .net "A", 0 0, L_000002050dc12f80;  alias, 1 drivers
v000002050dc014d0_0 .net "B", 0 0, L_000002050dc28570;  alias, 1 drivers
v000002050dc01250_0 .net "Cout", 0 0, L_000002050dc29a00;  alias, 1 drivers
v000002050dc01390_0 .net "Sum", 0 0, L_000002050dc29b50;  1 drivers
S_000002050dbfa050 .scope module, "HA6" "half_adder" 4 314, 6 1 0, S_000002050db86d90;
 .timescale 0 0;
    .port_info 0 /INPUT 1 "A";
    .port_info 1 /INPUT 1 "B";
    .port_info 2 /OUTPUT 1 "Sum";
    .port_info 3 /OUTPUT 1 "Cout";
L_000002050dc27460 .functor XOR 1, L_000002050dc13530, L_000002050dc29ca0, C4<0>, C4<0>;
L_000002050dc26040 .functor AND 1, L_000002050dc13530, L_000002050dc29ca0, C4<1>, C4<1>;
v000002050dc025b0_0 .net "A", 0 0, L_000002050dc13530;  alias, 1 drivers
v000002050dc026f0_0 .net "B", 0 0, L_000002050dc29ca0;  alias, 1 drivers
v000002050dc01430_0 .net "Cout", 0 0, L_000002050dc26040;  alias, 1 drivers
v000002050dc02790_0 .net "Sum", 0 0, L_000002050dc27460;  1 drivers
S_000002050dbfab40 .scope module, "HA7" "half_adder" 4 385, 6 1 0, S_000002050db86d90;
 .timescale 0 0;
    .port_info 0 /INPUT 1 "A";
    .port_info 1 /INPUT 1 "B";
    .port_info 2 /OUTPUT 1 "Sum";
    .port_info 3 /OUTPUT 1 "Cout";
L_000002050dc2eb50 .functor XOR 1, L_000002050dc12ce0, L_000002050dc27230, C4<0>, C4<0>;
L_000002050dc2e0d0 .functor AND 1, L_000002050dc12ce0, L_000002050dc27230, C4<1>, C4<1>;
v000002050dc00ad0_0 .net "A", 0 0, L_000002050dc12ce0;  alias, 1 drivers
v000002050dc019d0_0 .net "B", 0 0, L_000002050dc27230;  alias, 1 drivers
v000002050dc02bf0_0 .net "Cout", 0 0, L_000002050dc2e0d0;  alias, 1 drivers
v000002050dc01e30_0 .net "Sum", 0 0, L_000002050dc2eb50;  1 drivers
S_000002050dbf9ba0 .scope module, "HA8" "half_adder" 4 456, 6 1 0, S_000002050db86d90;
 .timescale 0 0;
    .port_info 0 /INPUT 1 "A";
    .port_info 1 /INPUT 1 "B";
    .port_info 2 /OUTPUT 1 "Sum";
    .port_info 3 /OUTPUT 1 "Cout";
L_000002050dc30c20 .functor XOR 1, L_000002050dc13610, L_000002050dc2f560, C4<0>, C4<0>;
L_000002050dc30980 .functor AND 1, L_000002050dc13610, L_000002050dc2f560, C4<1>, C4<1>;
v000002050dc00c10_0 .net "A", 0 0, L_000002050dc13610;  alias, 1 drivers
v000002050dc028d0_0 .net "B", 0 0, L_000002050dc2f560;  alias, 1 drivers
v000002050dc01610_0 .net "Cout", 0 0, L_000002050dc30980;  alias, 1 drivers
v000002050dc016b0_0 .net "Sum", 0 0, L_000002050dc30c20;  1 drivers
S_000002050dbfacd0 .scope generate, "ROW[0]" "ROW[0]" 4 20, 4 20 0, S_000002050db86d90;
 .timescale 0 0;
P_000002050db7a810 .param/l "i" 1 4 20, +C4<00>;
S_000002050dbfae60 .scope generate, "COL[0]" "COL[0]" 4 21, 4 21 0, S_000002050dbfacd0;
 .timescale 0 0;
P_000002050db799d0 .param/l "j" 1 4 21, +C4<00>;
L_000002050db74710 .functor AND 1, L_000002050dc005d0, L_000002050dbfeb90, C4<1>, C4<1>;
v000002050dc02f10_0 .net *"_ivl_1", 0 0, L_000002050dc005d0;  1 drivers
v000002050dc01750_0 .net *"_ivl_2", 0 0, L_000002050dbfeb90;  1 drivers
S_000002050dbf9d30 .scope generate, "COL[1]" "COL[1]" 4 21, 4 21 0, S_000002050dbfacd0;
 .timescale 0 0;
P_000002050db79b10 .param/l "j" 1 4 21, +C4<01>;
L_000002050db74550 .functor AND 1, L_000002050dbfe5f0, L_000002050dbfe7d0, C4<1>, C4<1>;
v000002050dc01bb0_0 .net *"_ivl_1", 0 0, L_000002050dbfe5f0;  1 drivers
v000002050dc02d30_0 .net *"_ivl_2", 0 0, L_000002050dbfe7d0;  1 drivers
S_000002050dbfa1e0 .scope generate, "COL[2]" "COL[2]" 4 21, 4 21 0, S_000002050dbfacd0;
 .timescale 0 0;
P_000002050db7a1d0 .param/l "j" 1 4 21, +C4<010>;
L_000002050db745c0 .functor AND 1, L_000002050dbfed70, L_000002050dbff090, C4<1>, C4<1>;
v000002050dc02dd0_0 .net *"_ivl_1", 0 0, L_000002050dbfed70;  1 drivers
v000002050dc02830_0 .net *"_ivl_2", 0 0, L_000002050dbff090;  1 drivers
S_000002050dbfa370 .scope generate, "COL[3]" "COL[3]" 4 21, 4 21 0, S_000002050dbfacd0;
 .timescale 0 0;
P_000002050db79d10 .param/l "j" 1 4 21, +C4<011>;
L_000002050dc122d0 .functor AND 1, L_000002050dbfea50, L_000002050dc00670, C4<1>, C4<1>;
v000002050dc011b0_0 .net *"_ivl_1", 0 0, L_000002050dbfea50;  1 drivers
v000002050dc02150_0 .net *"_ivl_2", 0 0, L_000002050dc00670;  1 drivers
S_000002050dbfa500 .scope generate, "COL[4]" "COL[4]" 4 21, 4 21 0, S_000002050dbfacd0;
 .timescale 0 0;
P_000002050db79d50 .param/l "j" 1 4 21, +C4<0100>;
L_000002050dc12f80 .functor AND 1, L_000002050dbff770, L_000002050dbfe550, C4<1>, C4<1>;
v000002050dc017f0_0 .net *"_ivl_1", 0 0, L_000002050dbff770;  1 drivers
v000002050dc01a70_0 .net *"_ivl_2", 0 0, L_000002050dbfe550;  1 drivers
S_000002050dbfa690 .scope generate, "COL[5]" "COL[5]" 4 21, 4 21 0, S_000002050dbfacd0;
 .timescale 0 0;
P_000002050db7a290 .param/l "j" 1 4 21, +C4<0101>;
L_000002050dc13530 .functor AND 1, L_000002050dbffef0, L_000002050dbfeaf0, C4<1>, C4<1>;
v000002050dc01890_0 .net *"_ivl_1", 0 0, L_000002050dbffef0;  1 drivers
v000002050dc02fb0_0 .net *"_ivl_2", 0 0, L_000002050dbfeaf0;  1 drivers
S_000002050dbfa820 .scope generate, "COL[6]" "COL[6]" 4 21, 4 21 0, S_000002050dbfacd0;
 .timescale 0 0;
P_000002050db79f90 .param/l "j" 1 4 21, +C4<0110>;
L_000002050dc12ce0 .functor AND 1, L_000002050dbffb30, L_000002050dbfee10, C4<1>, C4<1>;
v000002050dc01930_0 .net *"_ivl_1", 0 0, L_000002050dbffb30;  1 drivers
v000002050dc01b10_0 .net *"_ivl_2", 0 0, L_000002050dbfee10;  1 drivers
S_000002050dc03a30 .scope generate, "COL[7]" "COL[7]" 4 21, 4 21 0, S_000002050dbfacd0;
 .timescale 0 0;
P_000002050db7a210 .param/l "j" 1 4 21, +C4<0111>;
L_000002050dc13610 .functor AND 1, L_000002050dbfec30, L_000002050dc00490, C4<1>, C4<1>;
v000002050dc03050_0 .net *"_ivl_1", 0 0, L_000002050dbfec30;  1 drivers
v000002050dc01d90_0 .net *"_ivl_2", 0 0, L_000002050dc00490;  1 drivers
S_000002050dc04840 .scope generate, "ROW[1]" "ROW[1]" 4 20, 4 20 0, S_000002050db86d90;
 .timescale 0 0;
P_000002050db7a410 .param/l "i" 1 4 20, +C4<01>;
S_000002050dc049d0 .scope generate, "COL[0]" "COL[0]" 4 21, 4 21 0, S_000002050dc04840;
 .timescale 0 0;
P_000002050db7a4d0 .param/l "j" 1 4 21, +C4<00>;
L_000002050dc13220 .functor AND 1, L_000002050dbffd10, L_000002050dbff130, C4<1>, C4<1>;
v000002050dc021f0_0 .net *"_ivl_1", 0 0, L_000002050dbffd10;  1 drivers
v000002050dc01c50_0 .net *"_ivl_2", 0 0, L_000002050dbff130;  1 drivers
S_000002050dc04b60 .scope generate, "COL[1]" "COL[1]" 4 21, 4 21 0, S_000002050dc04840;
 .timescale 0 0;
P_000002050db7a510 .param/l "j" 1 4 21, +C4<01>;
L_000002050dc13760 .functor AND 1, L_000002050dbff950, L_000002050dc00530, C4<1>, C4<1>;
v000002050dc012f0_0 .net *"_ivl_1", 0 0, L_000002050dbff950;  1 drivers
v000002050dc01cf0_0 .net *"_ivl_2", 0 0, L_000002050dc00530;  1 drivers
S_000002050dc057e0 .scope generate, "COL[2]" "COL[2]" 4 21, 4 21 0, S_000002050dc04840;
 .timescale 0 0;
P_000002050db7b7d0 .param/l "j" 1 4 21, +C4<010>;
L_000002050dc13990 .functor AND 1, L_000002050dbff1d0, L_000002050dbfecd0, C4<1>, C4<1>;
v000002050dc01f70_0 .net *"_ivl_1", 0 0, L_000002050dbff1d0;  1 drivers
v000002050dc01ed0_0 .net *"_ivl_2", 0 0, L_000002050dbfecd0;  1 drivers
S_000002050dc03ee0 .scope generate, "COL[3]" "COL[3]" 4 21, 4 21 0, S_000002050dc04840;
 .timescale 0 0;
P_000002050db7aa50 .param/l "j" 1 4 21, +C4<011>;
L_000002050dc12ff0 .functor AND 1, L_000002050dbff630, L_000002050dbff810, C4<1>, C4<1>;
v000002050dc02ab0_0 .net *"_ivl_1", 0 0, L_000002050dbff630;  1 drivers
v000002050dc02b50_0 .net *"_ivl_2", 0 0, L_000002050dbff810;  1 drivers
S_000002050dc04070 .scope generate, "COL[4]" "COL[4]" 4 21, 4 21 0, S_000002050dc04840;
 .timescale 0 0;
P_000002050db7aa90 .param/l "j" 1 4 21, +C4<0100>;
L_000002050dc13840 .functor AND 1, L_000002050dc00710, L_000002050dbfe870, C4<1>, C4<1>;
v000002050dc02010_0 .net *"_ivl_1", 0 0, L_000002050dc00710;  1 drivers
v000002050dc02290_0 .net *"_ivl_2", 0 0, L_000002050dbfe870;  1 drivers
S_000002050dc05650 .scope generate, "COL[5]" "COL[5]" 4 21, 4 21 0, S_000002050dc04840;
 .timescale 0 0;
P_000002050db7a950 .param/l "j" 1 4 21, +C4<0101>;
L_000002050dc12dc0 .functor AND 1, L_000002050dc008f0, L_000002050dc007b0, C4<1>, C4<1>;
v000002050dc00e90_0 .net *"_ivl_1", 0 0, L_000002050dc008f0;  1 drivers
v000002050dc00b70_0 .net *"_ivl_2", 0 0, L_000002050dc007b0;  1 drivers
S_000002050dc051a0 .scope generate, "COL[6]" "COL[6]" 4 21, 4 21 0, S_000002050dc04840;
 .timescale 0 0;
P_000002050db7ad10 .param/l "j" 1 4 21, +C4<0110>;
L_000002050dc12d50 .functor AND 1, L_000002050dc00850, L_000002050dbfe2d0, C4<1>, C4<1>;
v000002050dc02330_0 .net *"_ivl_1", 0 0, L_000002050dc00850;  1 drivers
v000002050dc02e70_0 .net *"_ivl_2", 0 0, L_000002050dbfe2d0;  1 drivers
S_000002050dc04cf0 .scope generate, "COL[7]" "COL[7]" 4 21, 4 21 0, S_000002050dc04840;
 .timescale 0 0;
P_000002050db7b290 .param/l "j" 1 4 21, +C4<0111>;
L_000002050dc12a40 .functor AND 1, L_000002050dbfe230, L_000002050dbfe370, C4<1>, C4<1>;
v000002050dc02970_0 .net *"_ivl_1", 0 0, L_000002050dbfe230;  1 drivers
v000002050dc023d0_0 .net *"_ivl_2", 0 0, L_000002050dbfe370;  1 drivers
S_000002050dc04200 .scope generate, "ROW[2]" "ROW[2]" 4 20, 4 20 0, S_000002050db86d90;
 .timescale 0 0;
P_000002050db7b510 .param/l "i" 1 4 20, +C4<010>;
S_000002050dc03d50 .scope generate, "COL[0]" "COL[0]" 4 21, 4 21 0, S_000002050dc04200;
 .timescale 0 0;
P_000002050db7af10 .param/l "j" 1 4 21, +C4<00>;
L_000002050dc134c0 .functor AND 1, L_000002050dbfe690, L_000002050dbff8b0, C4<1>, C4<1>;
v000002050dc00d50_0 .net *"_ivl_1", 0 0, L_000002050dbfe690;  1 drivers
v000002050dc02470_0 .net *"_ivl_2", 0 0, L_000002050dbff8b0;  1 drivers
S_000002050dc04e80 .scope generate, "COL[1]" "COL[1]" 4 21, 4 21 0, S_000002050dc04200;
 .timescale 0 0;
P_000002050db7a850 .param/l "j" 1 4 21, +C4<01>;
L_000002050dc12490 .functor AND 1, L_000002050dbfeeb0, L_000002050dbfef50, C4<1>, C4<1>;
v000002050dc02c90_0 .net *"_ivl_1", 0 0, L_000002050dbfeeb0;  1 drivers
v000002050dc030f0_0 .net *"_ivl_2", 0 0, L_000002050dbfef50;  1 drivers
S_000002050dc05330 .scope generate, "COL[2]" "COL[2]" 4 21, 4 21 0, S_000002050dc04200;
 .timescale 0 0;
P_000002050db7b690 .param/l "j" 1 4 21, +C4<010>;
L_000002050dc137d0 .functor AND 1, L_000002050dbff310, L_000002050dbff270, C4<1>, C4<1>;
v000002050dc02510_0 .net *"_ivl_1", 0 0, L_000002050dbff310;  1 drivers
v000002050dc02650_0 .net *"_ivl_2", 0 0, L_000002050dbff270;  1 drivers
S_000002050dc05010 .scope generate, "COL[3]" "COL[3]" 4 21, 4 21 0, S_000002050dc04200;
 .timescale 0 0;
P_000002050db7b6d0 .param/l "j" 1 4 21, +C4<011>;
L_000002050dc12110 .functor AND 1, L_000002050dbff3b0, L_000002050dbff450, C4<1>, C4<1>;
v000002050dc03190_0 .net *"_ivl_1", 0 0, L_000002050dbff3b0;  1 drivers
v000002050dc02a10_0 .net *"_ivl_2", 0 0, L_000002050dbff450;  1 drivers
S_000002050dc03bc0 .scope generate, "COL[4]" "COL[4]" 4 21, 4 21 0, S_000002050dc04200;
 .timescale 0 0;
P_000002050db7b410 .param/l "j" 1 4 21, +C4<0100>;
L_000002050dc12e30 .functor AND 1, L_000002050dbffc70, L_000002050dbff4f0, C4<1>, C4<1>;
v000002050dc00a30_0 .net *"_ivl_1", 0 0, L_000002050dbffc70;  1 drivers
v000002050dc00cb0_0 .net *"_ivl_2", 0 0, L_000002050dbff4f0;  1 drivers
S_000002050dc054c0 .scope generate, "COL[5]" "COL[5]" 4 21, 4 21 0, S_000002050dc04200;
 .timescale 0 0;
P_000002050db7b2d0 .param/l "j" 1 4 21, +C4<0101>;
L_000002050dc12b20 .functor AND 1, L_000002050dbffdb0, L_000002050dbffe50, C4<1>, C4<1>;
v000002050dc00df0_0 .net *"_ivl_1", 0 0, L_000002050dbffdb0;  1 drivers
v000002050dc00f30_0 .net *"_ivl_2", 0 0, L_000002050dbffe50;  1 drivers
S_000002050dc04390 .scope generate, "COL[6]" "COL[6]" 4 21, 4 21 0, S_000002050dc04200;
 .timescale 0 0;
P_000002050db7b550 .param/l "j" 1 4 21, +C4<0110>;
L_000002050dc12ea0 .functor AND 1, L_000002050dbfff90, L_000002050dc1a000, C4<1>, C4<1>;
v000002050dc00fd0_0 .net *"_ivl_1", 0 0, L_000002050dbfff90;  1 drivers
v000002050dc01070_0 .net *"_ivl_2", 0 0, L_000002050dc1a000;  1 drivers
S_000002050dc04520 .scope generate, "COL[7]" "COL[7]" 4 21, 4 21 0, S_000002050dc04200;
 .timescale 0 0;
P_000002050db7b310 .param/l "j" 1 4 21, +C4<0111>;
L_000002050dc12f10 .functor AND 1, L_000002050dc19d80, L_000002050dc1a3c0, C4<1>, C4<1>;
v000002050dc035f0_0 .net *"_ivl_1", 0 0, L_000002050dc19d80;  1 drivers
v000002050dc03690_0 .net *"_ivl_2", 0 0, L_000002050dc1a3c0;  1 drivers
S_000002050dc046b0 .scope generate, "ROW[3]" "ROW[3]" 4 20, 4 20 0, S_000002050db86d90;
 .timescale 0 0;
P_000002050db7b150 .param/l "i" 1 4 20, +C4<011>;
S_000002050dc05ef0 .scope generate, "COL[0]" "COL[0]" 4 21, 4 21 0, S_000002050dc046b0;
 .timescale 0 0;
P_000002050db7af50 .param/l "j" 1 4 21, +C4<00>;
L_000002050dc12500 .functor AND 1, L_000002050dc1adc0, L_000002050dc1b900, C4<1>, C4<1>;
v000002050dc034b0_0 .net *"_ivl_1", 0 0, L_000002050dc1adc0;  1 drivers
v000002050dc037d0_0 .net *"_ivl_2", 0 0, L_000002050dc1b900;  1 drivers
S_000002050dc06080 .scope generate, "COL[1]" "COL[1]" 4 21, 4 21 0, S_000002050dc046b0;
 .timescale 0 0;
P_000002050db7b350 .param/l "j" 1 4 21, +C4<01>;
L_000002050dc138b0 .functor AND 1, L_000002050dc1b9a0, L_000002050dc1bae0, C4<1>, C4<1>;
v000002050dc03410_0 .net *"_ivl_1", 0 0, L_000002050dc1b9a0;  1 drivers
v000002050dc03550_0 .net *"_ivl_2", 0 0, L_000002050dc1bae0;  1 drivers
S_000002050dc06e90 .scope generate, "COL[2]" "COL[2]" 4 21, 4 21 0, S_000002050dc046b0;
 .timescale 0 0;
P_000002050db7afd0 .param/l "j" 1 4 21, +C4<010>;
L_000002050dc12880 .functor AND 1, L_000002050dc1af00, L_000002050dc19600, C4<1>, C4<1>;
v000002050dc03730_0 .net *"_ivl_1", 0 0, L_000002050dc1af00;  1 drivers
v000002050dc03870_0 .net *"_ivl_2", 0 0, L_000002050dc19600;  1 drivers
S_000002050dc06b70 .scope generate, "COL[3]" "COL[3]" 4 21, 4 21 0, S_000002050dc046b0;
 .timescale 0 0;
P_000002050db7aad0 .param/l "j" 1 4 21, +C4<011>;
L_000002050dc13680 .functor AND 1, L_000002050dc19b00, L_000002050dc1bd60, C4<1>, C4<1>;
v000002050dc03910_0 .net *"_ivl_1", 0 0, L_000002050dc19b00;  1 drivers
v000002050dc03230_0 .net *"_ivl_2", 0 0, L_000002050dc1bd60;  1 drivers
S_000002050dc066c0 .scope generate, "COL[4]" "COL[4]" 4 21, 4 21 0, S_000002050dc046b0;
 .timescale 0 0;
P_000002050db7b590 .param/l "j" 1 4 21, +C4<0100>;
L_000002050dc130d0 .functor AND 1, L_000002050dc1b220, L_000002050dc19e20, C4<1>, C4<1>;
v000002050dc03370_0 .net *"_ivl_1", 0 0, L_000002050dc1b220;  1 drivers
v000002050dc032d0_0 .net *"_ivl_2", 0 0, L_000002050dc19e20;  1 drivers
S_000002050dc06d00 .scope generate, "COL[5]" "COL[5]" 4 21, 4 21 0, S_000002050dc046b0;
 .timescale 0 0;
P_000002050db7b5d0 .param/l "j" 1 4 21, +C4<0101>;
L_000002050dc133e0 .functor AND 1, L_000002050dc197e0, L_000002050dc1a640, C4<1>, C4<1>;
v000002050dbfd830_0 .net *"_ivl_1", 0 0, L_000002050dc197e0;  1 drivers
v000002050dbfdab0_0 .net *"_ivl_2", 0 0, L_000002050dc1a640;  1 drivers
S_000002050dc077f0 .scope generate, "COL[6]" "COL[6]" 4 21, 4 21 0, S_000002050dc046b0;
 .timescale 0 0;
P_000002050db7b710 .param/l "j" 1 4 21, +C4<0110>;
L_000002050dc12260 .functor AND 1, L_000002050dc19880, L_000002050dc1afa0, C4<1>, C4<1>;
v000002050dbfd650_0 .net *"_ivl_1", 0 0, L_000002050dc19880;  1 drivers
v000002050dbfd290_0 .net *"_ivl_2", 0 0, L_000002050dc1afa0;  1 drivers
S_000002050dc07020 .scope generate, "COL[7]" "COL[7]" 4 21, 4 21 0, S_000002050dc046b0;
 .timescale 0 0;
P_000002050db7abd0 .param/l "j" 1 4 21, +C4<0111>;
L_000002050dc121f0 .functor AND 1, L_000002050dc19920, L_000002050dc1a1e0, C4<1>, C4<1>;
v000002050dbfbfd0_0 .net *"_ivl_1", 0 0, L_000002050dc19920;  1 drivers
v000002050dbfc390_0 .net *"_ivl_2", 0 0, L_000002050dc1a1e0;  1 drivers
S_000002050dc063a0 .scope generate, "ROW[4]" "ROW[4]" 4 20, 4 20 0, S_000002050db86d90;
 .timescale 0 0;
P_000002050db7ad90 .param/l "i" 1 4 20, +C4<0100>;
S_000002050dc071b0 .scope generate, "COL[0]" "COL[0]" 4 21, 4 21 0, S_000002050dc063a0;
 .timescale 0 0;
P_000002050db7b790 .param/l "j" 1 4 21, +C4<00>;
L_000002050dc13920 .functor AND 1, L_000002050dc1ae60, L_000002050dc19ec0, C4<1>, C4<1>;
v000002050dbfc930_0 .net *"_ivl_1", 0 0, L_000002050dc1ae60;  1 drivers
v000002050dbfc1b0_0 .net *"_ivl_2", 0 0, L_000002050dc19ec0;  1 drivers
S_000002050dc06850 .scope generate, "COL[1]" "COL[1]" 4 21, 4 21 0, S_000002050dc063a0;
 .timescale 0 0;
P_000002050db7a890 .param/l "j" 1 4 21, +C4<01>;
L_000002050dc12810 .functor AND 1, L_000002050dc196a0, L_000002050dc199c0, C4<1>, C4<1>;
v000002050dbfc610_0 .net *"_ivl_1", 0 0, L_000002050dc196a0;  1 drivers
v000002050dbfc9d0_0 .net *"_ivl_2", 0 0, L_000002050dc199c0;  1 drivers
S_000002050dc07660 .scope generate, "COL[2]" "COL[2]" 4 21, 4 21 0, S_000002050dc063a0;
 .timescale 0 0;
P_000002050db7b810 .param/l "j" 1 4 21, +C4<010>;
L_000002050dc13a00 .functor AND 1, L_000002050dc1ba40, L_000002050dc1bb80, C4<1>, C4<1>;
v000002050dbfbc10_0 .net *"_ivl_1", 0 0, L_000002050dc1ba40;  1 drivers
v000002050dbfca70_0 .net *"_ivl_2", 0 0, L_000002050dc1bb80;  1 drivers
S_000002050dc05bd0 .scope generate, "COL[3]" "COL[3]" 4 21, 4 21 0, S_000002050dc063a0;
 .timescale 0 0;
P_000002050db7a8d0 .param/l "j" 1 4 21, +C4<011>;
L_000002050dc120a0 .functor AND 1, L_000002050dc19a60, L_000002050dc1aaa0, C4<1>, C4<1>;
v000002050dbfd010_0 .net *"_ivl_1", 0 0, L_000002050dc19a60;  1 drivers
v000002050dbfdd30_0 .net *"_ivl_2", 0 0, L_000002050dc1aaa0;  1 drivers
S_000002050dc069e0 .scope generate, "COL[4]" "COL[4]" 4 21, 4 21 0, S_000002050dc063a0;
 .timescale 0 0;
P_000002050db7a910 .param/l "j" 1 4 21, +C4<0100>;
L_000002050dc13450 .functor AND 1, L_000002050dc1bc20, L_000002050dc19ba0, C4<1>, C4<1>;
v000002050dbfdf10_0 .net *"_ivl_1", 0 0, L_000002050dc1bc20;  1 drivers
v000002050dbfc6b0_0 .net *"_ivl_2", 0 0, L_000002050dc19ba0;  1 drivers
S_000002050dc05a40 .scope generate, "COL[5]" "COL[5]" 4 21, 4 21 0, S_000002050dc063a0;
 .timescale 0 0;
P_000002050db7aa10 .param/l "j" 1 4 21, +C4<0101>;
L_000002050dc12ab0 .functor AND 1, L_000002050dc1b4a0, L_000002050dc1b0e0, C4<1>, C4<1>;
v000002050dbfde70_0 .net *"_ivl_1", 0 0, L_000002050dc1b4a0;  1 drivers
v000002050dbfd330_0 .net *"_ivl_2", 0 0, L_000002050dc1b0e0;  1 drivers
S_000002050dc06530 .scope generate, "COL[6]" "COL[6]" 4 21, 4 21 0, S_000002050dc063a0;
 .timescale 0 0;
P_000002050db7b010 .param/l "j" 1 4 21, +C4<0110>;
L_000002050dc13060 .functor AND 1, L_000002050dc1b540, L_000002050dc1a8c0, C4<1>, C4<1>;
v000002050dbfc7f0_0 .net *"_ivl_1", 0 0, L_000002050dc1b540;  1 drivers
v000002050dbfdfb0_0 .net *"_ivl_2", 0 0, L_000002050dc1a8c0;  1 drivers
S_000002050dc05d60 .scope generate, "COL[7]" "COL[7]" 4 21, 4 21 0, S_000002050dc063a0;
 .timescale 0 0;
P_000002050db7b050 .param/l "j" 1 4 21, +C4<0111>;
L_000002050dc136f0 .functor AND 1, L_000002050dc1bcc0, L_000002050dc1a0a0, C4<1>, C4<1>;
v000002050dbfba30_0 .net *"_ivl_1", 0 0, L_000002050dc1bcc0;  1 drivers
v000002050dbfcb10_0 .net *"_ivl_2", 0 0, L_000002050dc1a0a0;  1 drivers
S_000002050dc07340 .scope generate, "ROW[5]" "ROW[5]" 4 20, 4 20 0, S_000002050db86d90;
 .timescale 0 0;
P_000002050db7b110 .param/l "i" 1 4 20, +C4<0101>;
S_000002050dc074d0 .scope generate, "COL[0]" "COL[0]" 4 21, 4 21 0, S_000002050dc07340;
 .timescale 0 0;
P_000002050db7c110 .param/l "j" 1 4 21, +C4<00>;
L_000002050dc12b90 .functor AND 1, L_000002050dc1b180, L_000002050dc1b2c0, C4<1>, C4<1>;
v000002050dbfcc50_0 .net *"_ivl_1", 0 0, L_000002050dc1b180;  1 drivers
v000002050dbfd970_0 .net *"_ivl_2", 0 0, L_000002050dc1b2c0;  1 drivers
S_000002050dc06210 .scope generate, "COL[1]" "COL[1]" 4 21, 4 21 0, S_000002050dc07340;
 .timescale 0 0;
P_000002050db7c610 .param/l "j" 1 4 21, +C4<01>;
L_000002050dc13a70 .functor AND 1, L_000002050dc19c40, L_000002050dc1b400, C4<1>, C4<1>;
v000002050dbfbcb0_0 .net *"_ivl_1", 0 0, L_000002050dc19c40;  1 drivers
v000002050dbfbe90_0 .net *"_ivl_2", 0 0, L_000002050dc1b400;  1 drivers
S_000002050dc07be0 .scope generate, "COL[2]" "COL[2]" 4 21, 4 21 0, S_000002050dc07340;
 .timescale 0 0;
P_000002050db7b990 .param/l "j" 1 4 21, +C4<010>;
L_000002050dc12c00 .functor AND 1, L_000002050dc1a460, L_000002050dc19740, C4<1>, C4<1>;
v000002050dbfcbb0_0 .net *"_ivl_1", 0 0, L_000002050dc1a460;  1 drivers
v000002050dbfc250_0 .net *"_ivl_2", 0 0, L_000002050dc19740;  1 drivers
S_000002050dc08860 .scope generate, "COL[3]" "COL[3]" 4 21, 4 21 0, S_000002050dc07340;
 .timescale 0 0;
P_000002050db7be50 .param/l "j" 1 4 21, +C4<011>;
L_000002050dc13ae0 .functor AND 1, L_000002050dc1a280, L_000002050dc1a320, C4<1>, C4<1>;
v000002050dbfccf0_0 .net *"_ivl_1", 0 0, L_000002050dc1a280;  1 drivers
v000002050dbfcd90_0 .net *"_ivl_2", 0 0, L_000002050dc1a320;  1 drivers
S_000002050dc086d0 .scope generate, "COL[4]" "COL[4]" 4 21, 4 21 0, S_000002050dc07340;
 .timescale 0 0;
P_000002050db7c5d0 .param/l "j" 1 4 21, +C4<0100>;
L_000002050dc12340 .functor AND 1, L_000002050dc1a500, L_000002050dc1b360, C4<1>, C4<1>;
v000002050dbfda10_0 .net *"_ivl_1", 0 0, L_000002050dc1a500;  1 drivers
v000002050dbfd8d0_0 .net *"_ivl_2", 0 0, L_000002050dc1b360;  1 drivers
S_000002050dc08ea0 .scope generate, "COL[5]" "COL[5]" 4 21, 4 21 0, S_000002050dc07340;
 .timescale 0 0;
P_000002050db7bc90 .param/l "j" 1 4 21, +C4<0101>;
L_000002050dc13140 .functor AND 1, L_000002050dc19ce0, L_000002050dc19f60, C4<1>, C4<1>;
v000002050dbfd1f0_0 .net *"_ivl_1", 0 0, L_000002050dc19ce0;  1 drivers
v000002050dbfd150_0 .net *"_ivl_2", 0 0, L_000002050dc19f60;  1 drivers
S_000002050dc07f00 .scope generate, "COL[6]" "COL[6]" 4 21, 4 21 0, S_000002050dc07340;
 .timescale 0 0;
P_000002050db7bd90 .param/l "j" 1 4 21, +C4<0110>;
L_000002050dc131b0 .functor AND 1, L_000002050dc1b040, L_000002050dc1b5e0, C4<1>, C4<1>;
v000002050dbfce30_0 .net *"_ivl_1", 0 0, L_000002050dc1b040;  1 drivers
v000002050dbfc890_0 .net *"_ivl_2", 0 0, L_000002050dc1b5e0;  1 drivers
S_000002050dc083b0 .scope generate, "COL[7]" "COL[7]" 4 21, 4 21 0, S_000002050dc07340;
 .timescale 0 0;
P_000002050db7bb10 .param/l "j" 1 4 21, +C4<0111>;
L_000002050dc12c70 .functor AND 1, L_000002050dc1b7c0, L_000002050dc1a140, C4<1>, C4<1>;
v000002050dbfd6f0_0 .net *"_ivl_1", 0 0, L_000002050dc1b7c0;  1 drivers
v000002050dbfced0_0 .net *"_ivl_2", 0 0, L_000002050dc1a140;  1 drivers
S_000002050dc07d70 .scope generate, "ROW[6]" "ROW[6]" 4 20, 4 20 0, S_000002050db86d90;
 .timescale 0 0;
P_000002050db7c710 .param/l "i" 1 4 20, +C4<0110>;
S_000002050dc08d10 .scope generate, "COL[0]" "COL[0]" 4 21, 4 21 0, S_000002050dc07d70;
 .timescale 0 0;
P_000002050db7c590 .param/l "j" 1 4 21, +C4<00>;
L_000002050dc12960 .functor AND 1, L_000002050dc1a5a0, L_000002050dc1b720, C4<1>, C4<1>;
v000002050dbfd790_0 .net *"_ivl_1", 0 0, L_000002050dc1a5a0;  1 drivers
v000002050dbfd5b0_0 .net *"_ivl_2", 0 0, L_000002050dc1b720;  1 drivers
S_000002050dc094e0 .scope generate, "COL[1]" "COL[1]" 4 21, 4 21 0, S_000002050dc07d70;
 .timescale 0 0;
P_000002050db7be90 .param/l "j" 1 4 21, +C4<01>;
L_000002050dc12420 .functor AND 1, L_000002050dc1a6e0, L_000002050dc1b680, C4<1>, C4<1>;
v000002050dbfbd50_0 .net *"_ivl_1", 0 0, L_000002050dc1a6e0;  1 drivers
v000002050dbfdb50_0 .net *"_ivl_2", 0 0, L_000002050dc1b680;  1 drivers
S_000002050dc089f0 .scope generate, "COL[2]" "COL[2]" 4 21, 4 21 0, S_000002050dc07d70;
 .timescale 0 0;
P_000002050db7b890 .param/l "j" 1 4 21, +C4<010>;
L_000002050dc12570 .functor AND 1, L_000002050dc1a780, L_000002050dc1a820, C4<1>, C4<1>;
v000002050dbfc070_0 .net *"_ivl_1", 0 0, L_000002050dc1a780;  1 drivers
v000002050dbfbad0_0 .net *"_ivl_2", 0 0, L_000002050dc1a820;  1 drivers
S_000002050dc09030 .scope generate, "COL[3]" "COL[3]" 4 21, 4 21 0, S_000002050dc07d70;
 .timescale 0 0;
P_000002050db7c150 .param/l "j" 1 4 21, +C4<011>;
L_000002050dc13290 .functor AND 1, L_000002050dc1abe0, L_000002050dc1b860, C4<1>, C4<1>;
v000002050dbfd0b0_0 .net *"_ivl_1", 0 0, L_000002050dc1abe0;  1 drivers
v000002050dbfd3d0_0 .net *"_ivl_2", 0 0, L_000002050dc1b860;  1 drivers
S_000002050dc08b80 .scope generate, "COL[4]" "COL[4]" 4 21, 4 21 0, S_000002050dc07d70;
 .timescale 0 0;
P_000002050db7bd10 .param/l "j" 1 4 21, +C4<0100>;
L_000002050dc13300 .functor AND 1, L_000002050dc1a960, L_000002050dc1aa00, C4<1>, C4<1>;
v000002050dbfdbf0_0 .net *"_ivl_1", 0 0, L_000002050dc1a960;  1 drivers
v000002050dbfd470_0 .net *"_ivl_2", 0 0, L_000002050dc1aa00;  1 drivers
S_000002050dc08220 .scope generate, "COL[5]" "COL[5]" 4 21, 4 21 0, S_000002050dc07d70;
 .timescale 0 0;
P_000002050db7bb50 .param/l "j" 1 4 21, +C4<0101>;
L_000002050dc13370 .functor AND 1, L_000002050dc1ab40, L_000002050dc1ac80, C4<1>, C4<1>;
v000002050dbfc110_0 .net *"_ivl_1", 0 0, L_000002050dc1ab40;  1 drivers
v000002050dbfc2f0_0 .net *"_ivl_2", 0 0, L_000002050dc1ac80;  1 drivers
S_000002050dc08090 .scope generate, "COL[6]" "COL[6]" 4 21, 4 21 0, S_000002050dc07d70;
 .timescale 0 0;
P_000002050db7c650 .param/l "j" 1 4 21, +C4<0110>;
L_000002050dc125e0 .functor AND 1, L_000002050dc1ad20, L_000002050dc1c440, C4<1>, C4<1>;
v000002050dbfbdf0_0 .net *"_ivl_1", 0 0, L_000002050dc1ad20;  1 drivers
v000002050dbfbf30_0 .net *"_ivl_2", 0 0, L_000002050dc1c440;  1 drivers
S_000002050dc07a50 .scope generate, "COL[7]" "COL[7]" 4 21, 4 21 0, S_000002050dc07d70;
 .timescale 0 0;
P_000002050db7bcd0 .param/l "j" 1 4 21, +C4<0111>;
L_000002050dc13b50 .functor AND 1, L_000002050dc1c4e0, L_000002050dc1be00, C4<1>, C4<1>;
v000002050dbfdc90_0 .net *"_ivl_1", 0 0, L_000002050dc1c4e0;  1 drivers
v000002050dbfd510_0 .net *"_ivl_2", 0 0, L_000002050dc1be00;  1 drivers
S_000002050dc08540 .scope generate, "ROW[7]" "ROW[7]" 4 20, 4 20 0, S_000002050db86d90;
 .timescale 0 0;
P_000002050db7c250 .param/l "i" 1 4 20, +C4<0111>;
S_000002050dc091c0 .scope generate, "COL[0]" "COL[0]" 4 21, 4 21 0, S_000002050dc08540;
 .timescale 0 0;
P_000002050db7c410 .param/l "j" 1 4 21, +C4<00>;
L_000002050dc135a0 .functor AND 1, L_000002050dc1bf40, L_000002050dc1c3a0, C4<1>, C4<1>;
v000002050dbfcf70_0 .net *"_ivl_1", 0 0, L_000002050dc1bf40;  1 drivers
v000002050dbfc430_0 .net *"_ivl_2", 0 0, L_000002050dc1c3a0;  1 drivers
S_000002050dc09350 .scope generate, "COL[1]" "COL[1]" 4 21, 4 21 0, S_000002050dc08540;
 .timescale 0 0;
P_000002050db7be10 .param/l "j" 1 4 21, +C4<01>;
L_000002050dc11fc0 .functor AND 1, L_000002050dc1bea0, L_000002050dc1bfe0, C4<1>, C4<1>;
v000002050dbfddd0_0 .net *"_ivl_1", 0 0, L_000002050dc1bea0;  1 drivers
v000002050dbfc750_0 .net *"_ivl_2", 0 0, L_000002050dc1bfe0;  1 drivers
S_000002050dc09670 .scope generate, "COL[2]" "COL[2]" 4 21, 4 21 0, S_000002050dc08540;
 .timescale 0 0;
P_000002050db7c390 .param/l "j" 1 4 21, +C4<010>;
L_000002050dc129d0 .functor AND 1, L_000002050dc1c260, L_000002050dc1c080, C4<1>, C4<1>;
v000002050dbfe190_0 .net *"_ivl_1", 0 0, L_000002050dc1c260;  1 drivers
v000002050dbfe050_0 .net *"_ivl_2", 0 0, L_000002050dc1c080;  1 drivers
S_000002050dc09800 .scope generate, "COL[3]" "COL[3]" 4 21, 4 21 0, S_000002050dc08540;
 .timescale 0 0;
P_000002050db7c450 .param/l "j" 1 4 21, +C4<011>;
L_000002050dc12030 .functor AND 1, L_000002050dc1c120, L_000002050dc1c1c0, C4<1>, C4<1>;
v000002050dbfe0f0_0 .net *"_ivl_1", 0 0, L_000002050dc1c120;  1 drivers
v000002050dbfc4d0_0 .net *"_ivl_2", 0 0, L_000002050dc1c1c0;  1 drivers
S_000002050dc0e560 .scope generate, "COL[4]" "COL[4]" 4 21, 4 21 0, S_000002050dc08540;
 .timescale 0 0;
P_000002050db7b9d0 .param/l "j" 1 4 21, +C4<0100>;
L_000002050dc12180 .functor AND 1, L_000002050dc1c300, L_000002050dc15be0, C4<1>, C4<1>;
v000002050dbfbb70_0 .net *"_ivl_1", 0 0, L_000002050dc1c300;  1 drivers
v000002050dbfc570_0 .net *"_ivl_2", 0 0, L_000002050dc15be0;  1 drivers
S_000002050dc0ed30 .scope generate, "COL[5]" "COL[5]" 4 21, 4 21 0, S_000002050dc08540;
 .timescale 0 0;
P_000002050db7c750 .param/l "j" 1 4 21, +C4<0101>;
L_000002050dc126c0 .functor AND 1, L_000002050dc14920, L_000002050dc15dc0, C4<1>, C4<1>;
v000002050dc00030_0 .net *"_ivl_1", 0 0, L_000002050dc14920;  1 drivers
v000002050dbfe910_0 .net *"_ivl_2", 0 0, L_000002050dc15dc0;  1 drivers
S_000002050dc0f820 .scope generate, "COL[6]" "COL[6]" 4 21, 4 21 0, S_000002050dc08540;
 .timescale 0 0;
P_000002050db7bed0 .param/l "j" 1 4 21, +C4<0110>;
L_000002050dc123b0 .functor AND 1, L_000002050dc15d20, L_000002050dc14d80, C4<1>, C4<1>;
v000002050dbfe410_0 .net *"_ivl_1", 0 0, L_000002050dc15d20;  1 drivers
v000002050dc00350_0 .net *"_ivl_2", 0 0, L_000002050dc14d80;  1 drivers
S_000002050dc0e6f0 .scope generate, "COL[7]" "COL[7]" 4 21, 4 21 0, S_000002050dc08540;
 .timescale 0 0;
P_000002050db7bd50 .param/l "j" 1 4 21, +C4<0111>;
L_000002050dc12650 .functor AND 1, L_000002050dc151e0, L_000002050dc15e60, C4<1>, C4<1>;
v000002050dbfe4b0_0 .net *"_ivl_1", 0 0, L_000002050dc151e0;  1 drivers
v000002050dc00210_0 .net *"_ivl_2", 0 0, L_000002050dc15e60;  1 drivers
    .scope S_000002050db86c00;
T_0 ;
    %vpi_call/w 3 20 "$dumpfile", "waves/braun_multiplier_8x8.vcd" {0 0 0};
    %vpi_call/w 3 21 "$dumpvars", 32'sb00000000000000000000000000000000, S_000002050db86c00 {0 0 0};
    %pushi/vec4 0, 0, 32;
    %store/vec4 v000002050dbfe9b0_0, 0, 32;
    %vpi_call/w 3 25 "$display", "----------------------------------------------" {0 0 0};
    %vpi_call/w 3 26 "$display", "Testing 8x8 Braun Multiplier" {0 0 0};
    %vpi_call/w 3 27 "$display", "----------------------------------------------" {0 0 0};
    %pushi/vec4 0, 0, 32;
    %store/vec4 v000002050dbffa90_0, 0, 32;
T_0.0 ; Top of for-loop
    %load/vec4 v000002050dbffa90_0;
    %cmpi/s 256, 0, 32;
	  %jmp/0xz T_0.1, 5;
    %pushi/vec4 0, 0, 32;
    %store/vec4 v000002050dbfe730_0, 0, 32;
T_0.3 ; Top of for-loop
    %load/vec4 v000002050dbfe730_0;
    %cmpi/s 256, 0, 32;
	  %jmp/0xz T_0.4, 5;
    %load/vec4 v000002050dbffa90_0;
    %pad/s 8;
    %store/vec4 v000002050dbfeff0_0, 0, 8;
    %load/vec4 v000002050dbfe730_0;
    %pad/s 8;
    %store/vec4 v000002050dbff6d0_0, 0, 8;
    %delay 1000, 0;
    %load/vec4 v000002050dbff9f0_0;
    %pad/u 32;
    %load/vec4 v000002050dbffa90_0;
    %load/vec4 v000002050dbfe730_0;
    %mul;
    %cmp/ne;
    %jmp/0xz  T_0.6, 6;
    %load/vec4 v000002050dbffa90_0;
    %load/vec4 v000002050dbfe730_0;
    %mul;
    %vpi_call/w 3 38 "$display", "ERROR : A=%0d B=%0d Expected=%0d Got=%0d", v000002050dbffa90_0, v000002050dbfe730_0, S<0,vec4,s32>, v000002050dbff9f0_0 {1 0 0};
    %load/vec4 v000002050dbfe9b0_0;
    %addi 1, 0, 32;
    %store/vec4 v000002050dbfe9b0_0, 0, 32;
T_0.6 ;
T_0.5 ; for-loop step statement
    %load/vec4 v000002050dbfe730_0;
    %addi 1, 0, 32;
    %store/vec4 v000002050dbfe730_0, 0, 32;
    %jmp T_0.3;
T_0.4 ; for-loop exit label
T_0.2 ; for-loop step statement
    %load/vec4 v000002050dbffa90_0;
    %addi 1, 0, 32;
    %store/vec4 v000002050dbffa90_0, 0, 32;
    %jmp T_0.0;
T_0.1 ; for-loop exit label
    %vpi_call/w 3 46 "$display", "----------------------------------------------" {0 0 0};
    %load/vec4 v000002050dbfe9b0_0;
    %cmpi/e 0, 0, 32;
    %jmp/0xz  T_0.8, 4;
    %vpi_call/w 3 49 "$display", "All 65536 test cases PASSED!" {0 0 0};
    %jmp T_0.9;
T_0.8 ;
    %vpi_call/w 3 51 "$display", "FAILED! Total Errors = %0d", v000002050dbfe9b0_0 {0 0 0};
T_0.9 ;
    %vpi_call/w 3 53 "$display", "----------------------------------------------" {0 0 0};
    %vpi_call/w 3 55 "$finish" {0 0 0};
    %end;
    .thread T_0;
# The file index is used to find the file name in the following table.
:file_names 7;
    "N/A";
    "<interactive>";
    "-";
    "tb\tb_braun_multiplier_8x8.sv";
    "rtl\braun_multiplier_8x8.sv";
    "rtl\full_adder.sv";
    "rtl\half_adder.sv";
