#! 
:ivl_version "14.0 (devel)" "(s20260301-322-ga4989d023-dirty)";
:ivl_delay_selection "TYPICAL";
:vpi_time_precision - 12;
:vpi_module "E:\OSS-CA~1\lib\ivl\system.vpi";
:vpi_module "E:\OSS-CA~1\lib\ivl\vhdl_sys.vpi";
:vpi_module "E:\OSS-CA~1\lib\ivl\vhdl_textio.vpi";
:vpi_module "E:\OSS-CA~1\lib\ivl\v2005_math.vpi";
:vpi_module "E:\OSS-CA~1\lib\ivl\va_math.vpi";
:vpi_module "E:\OSS-CA~1\lib\ivl\v2009.vpi";
S_000001f67dd740c0 .scope package, "$unit" "$unit" 2 1;
 .timescale 0 0;
S_000001f67dd74250 .scope module, "tb_mac_exact" "tb_mac_exact" 3 3;
 .timescale -9 -12;
v000001f67dfc1290_0 .var "A", 7 0;
v000001f67dfc0d90_0 .net "Acc", 15 0, L_000001f67dfd1900;  1 drivers
v000001f67dfbef90_0 .var "B", 7 0;
v000001f67dfbfcb0_0 .net "Overflow", 0 0, L_000001f67dfee290;  1 drivers
v000001f67dfc0e30_0 .var "clk", 0 0;
v000001f67dfc0ed0_0 .var "rst", 0 0;
S_000001f67dd743e0 .scope module, "DUT" "mac_exact" 3 22, 4 1 0, S_000001f67dd74250;
 .timescale 0 0;
    .port_info 0 /INPUT 1 "clk";
    .port_info 1 /INPUT 1 "rst";
    .port_info 2 /INPUT 8 "A";
    .port_info 3 /INPUT 8 "B";
    .port_info 4 /OUTPUT 16 "Acc";
    .port_info 5 /OUTPUT 1 "Overflow";
L_000001f67dfee290 .functor BUFZ 1, L_000001f67dfd1400, C4<0>, C4<0>, C4<0>;
v000001f67dfbfd50_0 .net "A", 7 0, v000001f67dfc1290_0;  1 drivers
v000001f67dfbfad0_0 .net "Acc", 15 0, L_000001f67dfd1900;  alias, 1 drivers
v000001f67dfbf0d0_0 .net "B", 7 0, v000001f67dfbef90_0;  1 drivers
v000001f67dfbfb70_0 .net "Cout", 0 0, L_000001f67dfd1400;  1 drivers
v000001f67dfbfc10_0 .net "Overflow", 0 0, L_000001f67dfee290;  alias, 1 drivers
v000001f67dfbfdf0_0 .net "Product", 15 0, L_000001f67dfce5c0;  1 drivers
v000001f67dfbff30_0 .net "Sum", 15 0, L_000001f67dfd1180;  1 drivers
v000001f67dfbf350_0 .net "clk", 0 0, v000001f67dfc0e30_0;  1 drivers
v000001f67dfc1010_0 .net "rst", 0 0, v000001f67dfc0ed0_0;  1 drivers
S_000001f67dd3e750 .scope module, "ACC_REG" "register_16" 4 53, 5 1 0, S_000001f67dd743e0;
 .timescale 0 0;
    .port_info 0 /INPUT 1 "clk";
    .port_info 1 /INPUT 1 "rst";
    .port_info 2 /INPUT 16 "D";
    .port_info 3 /OUTPUT 16 "Q";
v000001f67df20c40_0 .net "D", 15 0, L_000001f67dfd1180;  alias, 1 drivers
v000001f67df1fde0_0 .net "Q", 15 0, L_000001f67dfd1900;  alias, 1 drivers
v000001f67df20920_0 .net "clk", 0 0, v000001f67dfc0e30_0;  alias, 1 drivers
v000001f67df20e20_0 .net "rst", 0 0, v000001f67dfc0ed0_0;  alias, 1 drivers
L_000001f67dfd1860 .part L_000001f67dfd1180, 0, 1;
L_000001f67dfd2940 .part L_000001f67dfd1180, 1, 1;
L_000001f67dfd14a0 .part L_000001f67dfd1180, 2, 1;
L_000001f67dfd1220 .part L_000001f67dfd1180, 3, 1;
L_000001f67dfd0aa0 .part L_000001f67dfd1180, 4, 1;
L_000001f67dfd0500 .part L_000001f67dfd1180, 5, 1;
L_000001f67dfd0780 .part L_000001f67dfd1180, 6, 1;
L_000001f67dfd2580 .part L_000001f67dfd1180, 7, 1;
L_000001f67dfd15e0 .part L_000001f67dfd1180, 8, 1;
L_000001f67dfd1680 .part L_000001f67dfd1180, 9, 1;
L_000001f67dfd28a0 .part L_000001f67dfd1180, 10, 1;
L_000001f67dfd1ea0 .part L_000001f67dfd1180, 11, 1;
L_000001f67dfd2620 .part L_000001f67dfd1180, 12, 1;
L_000001f67dfd0b40 .part L_000001f67dfd1180, 13, 1;
L_000001f67dfd29e0 .part L_000001f67dfd1180, 14, 1;
L_000001f67dfd1720 .part L_000001f67dfd1180, 15, 1;
LS_000001f67dfd1900_0_0 .concat8 [ 1 1 1 1], v000001f67df1ebc0_0, v000001f67df1e1c0_0, v000001f67df1e440_0, v000001f67df1e580_0;
LS_000001f67dfd1900_0_4 .concat8 [ 1 1 1 1], v000001f67df1f200_0, v000001f67df1f7a0_0, v000001f67df1f160_0, v000001f67df1dd60_0;
LS_000001f67dfd1900_0_8 .concat8 [ 1 1 1 1], v000001f67df1f5c0_0, v000001f67df1d5e0_0, v000001f67df1d900_0, v000001f67df1d9a0_0;
LS_000001f67dfd1900_0_12 .concat8 [ 1 1 1 1], v000001f67df1ee40_0, v000001f67df20ce0_0, v000001f67df211e0_0, v000001f67df20240_0;
L_000001f67dfd1900 .concat8 [ 4 4 4 4], LS_000001f67dfd1900_0_0, LS_000001f67dfd1900_0_4, LS_000001f67dfd1900_0_8, LS_000001f67dfd1900_0_12;
S_000001f67dd3e8e0 .scope generate, "REG_BITS[0]" "REG_BITS[0]" 5 14, 5 14 0, S_000001f67dd3e750;
 .timescale 0 0;
P_000001f67dedb340 .param/l "i" 1 5 14, +C4<00>;
S_000001f67dd3ea70 .scope module, "DFF" "d_flip_flop" 5 16, 6 1 0, S_000001f67dd3e8e0;
 .timescale 0 0;
    .port_info 0 /INPUT 1 "clk";
    .port_info 1 /INPUT 1 "rst";
    .port_info 2 /INPUT 1 "D";
    .port_info 3 /OUTPUT 1 "Q";
v000001f67df1fc00_0 .net "D", 0 0, L_000001f67dfd1860;  1 drivers
v000001f67df1ebc0_0 .var "Q", 0 0;
v000001f67df1dc20_0 .net "clk", 0 0, v000001f67dfc0e30_0;  alias, 1 drivers
v000001f67df1de00_0 .net "rst", 0 0, v000001f67dfc0ed0_0;  alias, 1 drivers
E_000001f67dedb180 .event posedge, v000001f67df1de00_0, v000001f67df1dc20_0;
S_000001f67dd70b40 .scope generate, "REG_BITS[1]" "REG_BITS[1]" 5 14, 5 14 0, S_000001f67dd3e750;
 .timescale 0 0;
P_000001f67dedb540 .param/l "i" 1 5 14, +C4<01>;
S_000001f67dd70cd0 .scope module, "DFF" "d_flip_flop" 5 16, 6 1 0, S_000001f67dd70b40;
 .timescale 0 0;
    .port_info 0 /INPUT 1 "clk";
    .port_info 1 /INPUT 1 "rst";
    .port_info 2 /INPUT 1 "D";
    .port_info 3 /OUTPUT 1 "Q";
v000001f67df1e4e0_0 .net "D", 0 0, L_000001f67dfd2940;  1 drivers
v000001f67df1e1c0_0 .var "Q", 0 0;
v000001f67df1ec60_0 .net "clk", 0 0, v000001f67dfc0e30_0;  alias, 1 drivers
v000001f67df1f340_0 .net "rst", 0 0, v000001f67dfc0ed0_0;  alias, 1 drivers
S_000001f67dd70e60 .scope generate, "REG_BITS[2]" "REG_BITS[2]" 5 14, 5 14 0, S_000001f67dd3e750;
 .timescale 0 0;
P_000001f67dedafc0 .param/l "i" 1 5 14, +C4<010>;
S_000001f67dd3a2e0 .scope module, "DFF" "d_flip_flop" 5 16, 6 1 0, S_000001f67dd70e60;
 .timescale 0 0;
    .port_info 0 /INPUT 1 "clk";
    .port_info 1 /INPUT 1 "rst";
    .port_info 2 /INPUT 1 "D";
    .port_info 3 /OUTPUT 1 "Q";
v000001f67df1f980_0 .net "D", 0 0, L_000001f67dfd14a0;  1 drivers
v000001f67df1e440_0 .var "Q", 0 0;
v000001f67df1f020_0 .net "clk", 0 0, v000001f67dfc0e30_0;  alias, 1 drivers
v000001f67df1f480_0 .net "rst", 0 0, v000001f67dfc0ed0_0;  alias, 1 drivers
S_000001f67dd3a470 .scope generate, "REG_BITS[3]" "REG_BITS[3]" 5 14, 5 14 0, S_000001f67dd3e750;
 .timescale 0 0;
P_000001f67dedb140 .param/l "i" 1 5 14, +C4<011>;
S_000001f67dd3a600 .scope module, "DFF" "d_flip_flop" 5 16, 6 1 0, S_000001f67dd3a470;
 .timescale 0 0;
    .port_info 0 /INPUT 1 "clk";
    .port_info 1 /INPUT 1 "rst";
    .port_info 2 /INPUT 1 "D";
    .port_info 3 /OUTPUT 1 "Q";
v000001f67df1e080_0 .net "D", 0 0, L_000001f67dfd1220;  1 drivers
v000001f67df1e580_0 .var "Q", 0 0;
v000001f67df1e620_0 .net "clk", 0 0, v000001f67dfc0e30_0;  alias, 1 drivers
v000001f67df1e6c0_0 .net "rst", 0 0, v000001f67dfc0ed0_0;  alias, 1 drivers
S_000001f67de0ceb0 .scope generate, "REG_BITS[4]" "REG_BITS[4]" 5 14, 5 14 0, S_000001f67dd3e750;
 .timescale 0 0;
P_000001f67dedb3c0 .param/l "i" 1 5 14, +C4<0100>;
S_000001f67de0d040 .scope module, "DFF" "d_flip_flop" 5 16, 6 1 0, S_000001f67de0ceb0;
 .timescale 0 0;
    .port_info 0 /INPUT 1 "clk";
    .port_info 1 /INPUT 1 "rst";
    .port_info 2 /INPUT 1 "D";
    .port_info 3 /OUTPUT 1 "Q";
v000001f67df1d4a0_0 .net "D", 0 0, L_000001f67dfd0aa0;  1 drivers
v000001f67df1f200_0 .var "Q", 0 0;
v000001f67df1dea0_0 .net "clk", 0 0, v000001f67dfc0e30_0;  alias, 1 drivers
v000001f67df1eee0_0 .net "rst", 0 0, v000001f67dfc0ed0_0;  alias, 1 drivers
S_000001f67de0d1d0 .scope generate, "REG_BITS[5]" "REG_BITS[5]" 5 14, 5 14 0, S_000001f67dd3e750;
 .timescale 0 0;
P_000001f67dedb840 .param/l "i" 1 5 14, +C4<0101>;
S_000001f67dd42a00 .scope module, "DFF" "d_flip_flop" 5 16, 6 1 0, S_000001f67de0d1d0;
 .timescale 0 0;
    .port_info 0 /INPUT 1 "clk";
    .port_info 1 /INPUT 1 "rst";
    .port_info 2 /INPUT 1 "D";
    .port_info 3 /OUTPUT 1 "Q";
v000001f67df1dcc0_0 .net "D", 0 0, L_000001f67dfd0500;  1 drivers
v000001f67df1f7a0_0 .var "Q", 0 0;
v000001f67df1e760_0 .net "clk", 0 0, v000001f67dfc0e30_0;  alias, 1 drivers
v000001f67df1eda0_0 .net "rst", 0 0, v000001f67dfc0ed0_0;  alias, 1 drivers
S_000001f67dd42b90 .scope generate, "REG_BITS[6]" "REG_BITS[6]" 5 14, 5 14 0, S_000001f67dd3e750;
 .timescale 0 0;
P_000001f67deda9c0 .param/l "i" 1 5 14, +C4<0110>;
S_000001f67df7b1d0 .scope module, "DFF" "d_flip_flop" 5 16, 6 1 0, S_000001f67dd42b90;
 .timescale 0 0;
    .port_info 0 /INPUT 1 "clk";
    .port_info 1 /INPUT 1 "rst";
    .port_info 2 /INPUT 1 "D";
    .port_info 3 /OUTPUT 1 "Q";
v000001f67df1df40_0 .net "D", 0 0, L_000001f67dfd0780;  1 drivers
v000001f67df1f160_0 .var "Q", 0 0;
v000001f67df1e120_0 .net "clk", 0 0, v000001f67dfc0e30_0;  alias, 1 drivers
v000001f67df1e800_0 .net "rst", 0 0, v000001f67dfc0ed0_0;  alias, 1 drivers
S_000001f67df7ab90 .scope generate, "REG_BITS[7]" "REG_BITS[7]" 5 14, 5 14 0, S_000001f67dd3e750;
 .timescale 0 0;
P_000001f67dedb080 .param/l "i" 1 5 14, +C4<0111>;
S_000001f67df7ad20 .scope module, "DFF" "d_flip_flop" 5 16, 6 1 0, S_000001f67df7ab90;
 .timescale 0 0;
    .port_info 0 /INPUT 1 "clk";
    .port_info 1 /INPUT 1 "rst";
    .port_info 2 /INPUT 1 "D";
    .port_info 3 /OUTPUT 1 "Q";
v000001f67df1f2a0_0 .net "D", 0 0, L_000001f67dfd2580;  1 drivers
v000001f67df1dd60_0 .var "Q", 0 0;
v000001f67df1d540_0 .net "clk", 0 0, v000001f67dfc0e30_0;  alias, 1 drivers
v000001f67df1f520_0 .net "rst", 0 0, v000001f67dfc0ed0_0;  alias, 1 drivers
S_000001f67df7b040 .scope generate, "REG_BITS[8]" "REG_BITS[8]" 5 14, 5 14 0, S_000001f67dd3e750;
 .timescale 0 0;
P_000001f67dedb8c0 .param/l "i" 1 5 14, +C4<01000>;
S_000001f67df7aa00 .scope module, "DFF" "d_flip_flop" 5 16, 6 1 0, S_000001f67df7b040;
 .timescale 0 0;
    .port_info 0 /INPUT 1 "clk";
    .port_info 1 /INPUT 1 "rst";
    .port_info 2 /INPUT 1 "D";
    .port_info 3 /OUTPUT 1 "Q";
v000001f67df1d7c0_0 .net "D", 0 0, L_000001f67dfd15e0;  1 drivers
v000001f67df1f5c0_0 .var "Q", 0 0;
v000001f67df1dfe0_0 .net "clk", 0 0, v000001f67dfc0e30_0;  alias, 1 drivers
v000001f67df1e8a0_0 .net "rst", 0 0, v000001f67dfc0ed0_0;  alias, 1 drivers
S_000001f67df7b360 .scope generate, "REG_BITS[9]" "REG_BITS[9]" 5 14, 5 14 0, S_000001f67dd3e750;
 .timescale 0 0;
P_000001f67dedab80 .param/l "i" 1 5 14, +C4<01001>;
S_000001f67df7b810 .scope module, "DFF" "d_flip_flop" 5 16, 6 1 0, S_000001f67df7b360;
 .timescale 0 0;
    .port_info 0 /INPUT 1 "clk";
    .port_info 1 /INPUT 1 "rst";
    .port_info 2 /INPUT 1 "D";
    .port_info 3 /OUTPUT 1 "Q";
v000001f67df1e940_0 .net "D", 0 0, L_000001f67dfd1680;  1 drivers
v000001f67df1d5e0_0 .var "Q", 0 0;
v000001f67df1f8e0_0 .net "clk", 0 0, v000001f67dfc0e30_0;  alias, 1 drivers
v000001f67df1f700_0 .net "rst", 0 0, v000001f67dfc0ed0_0;  alias, 1 drivers
S_000001f67df7b4f0 .scope generate, "REG_BITS[10]" "REG_BITS[10]" 5 14, 5 14 0, S_000001f67dd3e750;
 .timescale 0 0;
P_000001f67dedaac0 .param/l "i" 1 5 14, +C4<01010>;
S_000001f67df7aeb0 .scope module, "DFF" "d_flip_flop" 5 16, 6 1 0, S_000001f67df7b4f0;
 .timescale 0 0;
    .port_info 0 /INPUT 1 "clk";
    .port_info 1 /INPUT 1 "rst";
    .port_info 2 /INPUT 1 "D";
    .port_info 3 /OUTPUT 1 "Q";
v000001f67df1d860_0 .net "D", 0 0, L_000001f67dfd28a0;  1 drivers
v000001f67df1d900_0 .var "Q", 0 0;
v000001f67df1e9e0_0 .net "clk", 0 0, v000001f67dfc0e30_0;  alias, 1 drivers
v000001f67df1ea80_0 .net "rst", 0 0, v000001f67dfc0ed0_0;  alias, 1 drivers
S_000001f67df7b680 .scope generate, "REG_BITS[11]" "REG_BITS[11]" 5 14, 5 14 0, S_000001f67dd3e750;
 .timescale 0 0;
P_000001f67dedb580 .param/l "i" 1 5 14, +C4<01011>;
S_000001f67df7cff0 .scope module, "DFF" "d_flip_flop" 5 16, 6 1 0, S_000001f67df7b680;
 .timescale 0 0;
    .port_info 0 /INPUT 1 "clk";
    .port_info 1 /INPUT 1 "rst";
    .port_info 2 /INPUT 1 "D";
    .port_info 3 /OUTPUT 1 "Q";
v000001f67df1f840_0 .net "D", 0 0, L_000001f67dfd1ea0;  1 drivers
v000001f67df1d9a0_0 .var "Q", 0 0;
v000001f67df1da40_0 .net "clk", 0 0, v000001f67dfc0e30_0;  alias, 1 drivers
v000001f67df1eb20_0 .net "rst", 0 0, v000001f67dfc0ed0_0;  alias, 1 drivers
S_000001f67df7bec0 .scope generate, "REG_BITS[12]" "REG_BITS[12]" 5 14, 5 14 0, S_000001f67dd3e750;
 .timescale 0 0;
P_000001f67dedad80 .param/l "i" 1 5 14, +C4<01100>;
S_000001f67df7ce60 .scope module, "DFF" "d_flip_flop" 5 16, 6 1 0, S_000001f67df7bec0;
 .timescale 0 0;
    .port_info 0 /INPUT 1 "clk";
    .port_info 1 /INPUT 1 "rst";
    .port_info 2 /INPUT 1 "D";
    .port_info 3 /OUTPUT 1 "Q";
v000001f67df1ed00_0 .net "D", 0 0, L_000001f67dfd2620;  1 drivers
v000001f67df1ee40_0 .var "Q", 0 0;
v000001f67df1fa20_0 .net "clk", 0 0, v000001f67dfc0e30_0;  alias, 1 drivers
v000001f67df1fac0_0 .net "rst", 0 0, v000001f67dfc0ed0_0;  alias, 1 drivers
S_000001f67df7d180 .scope generate, "REG_BITS[13]" "REG_BITS[13]" 5 14, 5 14 0, S_000001f67dd3e750;
 .timescale 0 0;
P_000001f67dedb440 .param/l "i" 1 5 14, +C4<01101>;
S_000001f67df7d7c0 .scope module, "DFF" "d_flip_flop" 5 16, 6 1 0, S_000001f67df7d180;
 .timescale 0 0;
    .port_info 0 /INPUT 1 "clk";
    .port_info 1 /INPUT 1 "rst";
    .port_info 2 /INPUT 1 "D";
    .port_info 3 /OUTPUT 1 "Q";
v000001f67df1ef80_0 .net "D", 0 0, L_000001f67dfd0b40;  1 drivers
v000001f67df20ce0_0 .var "Q", 0 0;
v000001f67df20100_0 .net "clk", 0 0, v000001f67dfc0e30_0;  alias, 1 drivers
v000001f67df210a0_0 .net "rst", 0 0, v000001f67dfc0ed0_0;  alias, 1 drivers
S_000001f67df7c820 .scope generate, "REG_BITS[14]" "REG_BITS[14]" 5 14, 5 14 0, S_000001f67dd3e750;
 .timescale 0 0;
P_000001f67dedaa80 .param/l "i" 1 5 14, +C4<01110>;
S_000001f67df7c050 .scope module, "DFF" "d_flip_flop" 5 16, 6 1 0, S_000001f67df7c820;
 .timescale 0 0;
    .port_info 0 /INPUT 1 "clk";
    .port_info 1 /INPUT 1 "rst";
    .port_info 2 /INPUT 1 "D";
    .port_info 3 /OUTPUT 1 "Q";
v000001f67df20380_0 .net "D", 0 0, L_000001f67dfd29e0;  1 drivers
v000001f67df211e0_0 .var "Q", 0 0;
v000001f67df20d80_0 .net "clk", 0 0, v000001f67dfc0e30_0;  alias, 1 drivers
v000001f67df20ba0_0 .net "rst", 0 0, v000001f67dfc0ed0_0;  alias, 1 drivers
S_000001f67df7ba10 .scope generate, "REG_BITS[15]" "REG_BITS[15]" 5 14, 5 14 0, S_000001f67dd3e750;
 .timescale 0 0;
P_000001f67dedb200 .param/l "i" 1 5 14, +C4<01111>;
S_000001f67df7c9b0 .scope module, "DFF" "d_flip_flop" 5 16, 6 1 0, S_000001f67df7ba10;
 .timescale 0 0;
    .port_info 0 /INPUT 1 "clk";
    .port_info 1 /INPUT 1 "rst";
    .port_info 2 /INPUT 1 "D";
    .port_info 3 /OUTPUT 1 "Q";
v000001f67df206a0_0 .net "D", 0 0, L_000001f67dfd1720;  1 drivers
v000001f67df20240_0 .var "Q", 0 0;
v000001f67df20740_0 .net "clk", 0 0, v000001f67dfc0e30_0;  alias, 1 drivers
v000001f67df20600_0 .net "rst", 0 0, v000001f67dfc0ed0_0;  alias, 1 drivers
S_000001f67df7c500 .scope module, "MULT" "braun_multiplier_8x8" 4 26, 7 1 0, S_000001f67dd743e0;
 .timescale 0 0;
    .port_info 0 /INPUT 8 "A";
    .port_info 1 /INPUT 8 "B";
    .port_info 2 /OUTPUT 16 "Product";
L_000001f67df1abc0 .functor BUFZ 1, L_000001f67df1bdb0, C4<0>, C4<0>, C4<0>;
v000001f67dfa0be0_0 .net "A", 7 0, v000001f67dfc1290_0;  alias, 1 drivers
v000001f67dfa0d20_0 .net "B", 7 0, v000001f67dfbef90_0;  alias, 1 drivers
v000001f67dfa0dc0 .array "C", 55 1;
v000001f67dfa0dc0_0 .net v000001f67dfa0dc0 0, 0 0, L_000001f67df19ab0; 1 drivers
v000001f67dfa0dc0_1 .net v000001f67dfa0dc0 1, 0 0, L_000001f67df1ae60; 1 drivers
v000001f67dfa0dc0_2 .net v000001f67dfa0dc0 2, 0 0, L_000001f67df19500; 1 drivers
v000001f67dfa0dc0_3 .net v000001f67dfa0dc0 3, 0 0, L_000001f67df19c70; 1 drivers
v000001f67dfa0dc0_4 .net v000001f67dfa0dc0 4, 0 0, L_000001f67df19730; 1 drivers
v000001f67dfa0dc0_5 .net v000001f67dfa0dc0 5, 0 0, L_000001f67df1a4c0; 1 drivers
v000001f67dfa0dc0_6 .net v000001f67dfa0dc0 6, 0 0, L_000001f67df1ab50; 1 drivers
v000001f67dfa0dc0_7 .net v000001f67dfa0dc0 7, 0 0, L_000001f67df04c80; 1 drivers
v000001f67dfa0dc0_8 .net v000001f67dfa0dc0 8, 0 0, L_000001f67df04cf0; 1 drivers
v000001f67dfa0dc0_9 .net v000001f67dfa0dc0 9, 0 0, L_000001f67dfe1150; 1 drivers
v000001f67dfa0dc0_10 .net v000001f67dfa0dc0 10, 0 0, L_000001f67dfe0120; 1 drivers
v000001f67dfa0dc0_11 .net v000001f67dfa0dc0 11, 0 0, L_000001f67dfe07b0; 1 drivers
v000001f67dfa0dc0_12 .net v000001f67dfa0dc0 12, 0 0, L_000001f67dfe0190; 1 drivers
v000001f67dfa0dc0_13 .net v000001f67dfa0dc0 13, 0 0, L_000001f67dfdfe80; 1 drivers
v000001f67dfa0dc0_14 .net v000001f67dfa0dc0 14, 0 0, L_000001f67dfe0890; 1 drivers
v000001f67dfa0dc0_15 .net v000001f67dfa0dc0 15, 0 0, L_000001f67dfe1850; 1 drivers
v000001f67dfa0dc0_16 .net v000001f67dfa0dc0 16, 0 0, L_000001f67dfe10e0; 1 drivers
v000001f67dfa0dc0_17 .net v000001f67dfa0dc0 17, 0 0, L_000001f67dfe05f0; 1 drivers
v000001f67dfa0dc0_18 .net v000001f67dfa0dc0 18, 0 0, L_000001f67dfe0b30; 1 drivers
v000001f67dfa0dc0_19 .net v000001f67dfa0dc0 19, 0 0, L_000001f67dfe3530; 1 drivers
v000001f67dfa0dc0_20 .net v000001f67dfa0dc0 20, 0 0, L_000001f67dfe2f80; 1 drivers
v000001f67dfa0dc0_21 .net v000001f67dfa0dc0 21, 0 0, L_000001f67dfe22d0; 1 drivers
v000001f67dfa0dc0_22 .net v000001f67dfa0dc0 22, 0 0, L_000001f67dfe29d0; 1 drivers
v000001f67dfa0dc0_23 .net v000001f67dfa0dc0 23, 0 0, L_000001f67dfe1fc0; 1 drivers
v000001f67dfa0dc0_24 .net v000001f67dfa0dc0 24, 0 0, L_000001f67dfe3060; 1 drivers
v000001f67dfa0dc0_25 .net v000001f67dfa0dc0 25, 0 0, L_000001f67dfe2730; 1 drivers
v000001f67dfa0dc0_26 .net v000001f67dfa0dc0 26, 0 0, L_000001f67dfe2650; 1 drivers
v000001f67dfa0dc0_27 .net v000001f67dfa0dc0 27, 0 0, L_000001f67dfe3450; 1 drivers
v000001f67dfa0dc0_28 .net v000001f67dfa0dc0 28, 0 0, L_000001f67dfe3370; 1 drivers
v000001f67dfa0dc0_29 .net v000001f67dfa0dc0 29, 0 0, L_000001f67dfe3920; 1 drivers
v000001f67dfa0dc0_30 .net v000001f67dfa0dc0 30, 0 0, L_000001f67dfe3840; 1 drivers
v000001f67dfa0dc0_31 .net v000001f67dfa0dc0 31, 0 0, L_000001f67dfe8c30; 1 drivers
v000001f67dfa0dc0_32 .net v000001f67dfa0dc0 32, 0 0, L_000001f67dfe9800; 1 drivers
v000001f67dfa0dc0_33 .net v000001f67dfa0dc0 33, 0 0, L_000001f67dfe9720; 1 drivers
v000001f67dfa0dc0_34 .net v000001f67dfa0dc0 34, 0 0, L_000001f67dfe9170; 1 drivers
v000001f67dfa0dc0_35 .net v000001f67dfa0dc0 35, 0 0, L_000001f67dfe8990; 1 drivers
v000001f67dfa0dc0_36 .net v000001f67dfa0dc0 36, 0 0, L_000001f67dfe7ea0; 1 drivers
v000001f67dfa0dc0_37 .net v000001f67dfa0dc0 37, 0 0, L_000001f67dfe95d0; 1 drivers
v000001f67dfa0dc0_38 .net v000001f67dfa0dc0 38, 0 0, L_000001f67dfe9250; 1 drivers
v000001f67dfa0dc0_39 .net v000001f67dfa0dc0 39, 0 0, L_000001f67dfe81b0; 1 drivers
v000001f67dfa0dc0_40 .net v000001f67dfa0dc0 40, 0 0, L_000001f67dfe8ed0; 1 drivers
v000001f67dfa0dc0_41 .net v000001f67dfa0dc0 41, 0 0, L_000001f67dfe84c0; 1 drivers
v000001f67dfa0dc0_42 .net v000001f67dfa0dc0 42, 0 0, L_000001f67dfeaf30; 1 drivers
v000001f67dfa0dc0_43 .net v000001f67dfa0dc0 43, 0 0, L_000001f67dfeb550; 1 drivers
v000001f67dfa0dc0_44 .net v000001f67dfa0dc0 44, 0 0, L_000001f67dfeb390; 1 drivers
v000001f67dfa0dc0_45 .net v000001f67dfa0dc0 45, 0 0, L_000001f67dfea360; 1 drivers
v000001f67dfa0dc0_46 .net v000001f67dfa0dc0 46, 0 0, L_000001f67dfeb080; 1 drivers
v000001f67dfa0dc0_47 .net v000001f67dfa0dc0 47, 0 0, L_000001f67dfea670; 1 drivers
v000001f67dfa0dc0_48 .net v000001f67dfa0dc0 48, 0 0, L_000001f67dfeb4e0; 1 drivers
v000001f67dfa0dc0_49 .net v000001f67dfa0dc0 49, 0 0, L_000001f67dfeac20; 1 drivers
v000001f67dfa0dc0_50 .net v000001f67dfa0dc0 50, 0 0, L_000001f67dfeb470; 1 drivers
v000001f67dfa0dc0_51 .net v000001f67dfa0dc0 51, 0 0, L_000001f67dfea130; 1 drivers
v000001f67dfa0dc0_52 .net v000001f67dfa0dc0 52, 0 0, L_000001f67dfeb940; 1 drivers
v000001f67dfa0dc0_53 .net v000001f67dfa0dc0 53, 0 0, L_000001f67dfebcc0; 1 drivers
v000001f67dfa0dc0_54 .net v000001f67dfa0dc0 54, 0 0, L_000001f67dfec3f0; 1 drivers
v000001f67dfa0e60_0 .net "Product", 15 0, L_000001f67dfce5c0;  alias, 1 drivers
v000001f67dfa0f00 .array "S", 42 1;
v000001f67dfa0f00_0 .net v000001f67dfa0f00 0, 0 0, L_000001f67df1aca0; 1 drivers
v000001f67dfa0f00_1 .net v000001f67dfa0f00 1, 0 0, L_000001f67df19d50; 1 drivers
v000001f67dfa0f00_2 .net v000001f67dfa0f00 2, 0 0, L_000001f67df1a6f0; 1 drivers
v000001f67dfa0f00_3 .net v000001f67dfa0f00 3, 0 0, L_000001f67df195e0; 1 drivers
v000001f67dfa0f00_4 .net v000001f67dfa0f00 4, 0 0, L_000001f67df1a370; 1 drivers
v000001f67dfa0f00_5 .net v000001f67dfa0f00 5, 0 0, L_000001f67df1a530; 1 drivers
v000001f67dfa0f00_6 .net v000001f67dfa0f00 6, 0 0, L_000001f67df1ac30; 1 drivers
v000001f67dfa0f00_7 .net v000001f67dfa0f00 7, 0 0, L_000001f67df03320; 1 drivers
v000001f67dfa0f00_8 .net v000001f67dfa0f00 8, 0 0, L_000001f67dfe1380; 1 drivers
v000001f67dfa0f00_9 .net v000001f67dfa0f00 9, 0 0, L_000001f67dfe1460; 1 drivers
v000001f67dfa0f00_10 .net v000001f67dfa0f00 10, 0 0, L_000001f67dfe0740; 1 drivers
v000001f67dfa0f00_11 .net v000001f67dfa0f00 11, 0 0, L_000001f67dfe14d0; 1 drivers
v000001f67dfa0f00_12 .net v000001f67dfa0f00 12, 0 0, L_000001f67dfe1770; 1 drivers
v000001f67dfa0f00_13 .net v000001f67dfa0f00 13, 0 0, L_000001f67dfe0900; 1 drivers
v000001f67dfa0f00_14 .net v000001f67dfa0f00 14, 0 0, L_000001f67dfe19a0; 1 drivers
v000001f67dfa0f00_15 .net v000001f67dfa0f00 15, 0 0, L_000001f67dfe0510; 1 drivers
v000001f67dfa0f00_16 .net v000001f67dfa0f00 16, 0 0, L_000001f67dfe0f20; 1 drivers
v000001f67dfa0f00_17 .net v000001f67dfa0f00 17, 0 0, L_000001f67dfe1a80; 1 drivers
v000001f67dfa0f00_18 .net v000001f67dfa0f00 18, 0 0, L_000001f67dfe2960; 1 drivers
v000001f67dfa0f00_19 .net v000001f67dfa0f00 19, 0 0, L_000001f67dfe2340; 1 drivers
v000001f67dfa0f00_20 .net v000001f67dfa0f00 20, 0 0, L_000001f67dfe1af0; 1 drivers
v000001f67dfa0f00_21 .net v000001f67dfa0f00 21, 0 0, L_000001f67dfe21f0; 1 drivers
v000001f67dfa0f00_22 .net v000001f67dfa0f00 22, 0 0, L_000001f67dfe2030; 1 drivers
v000001f67dfa0f00_23 .net v000001f67dfa0f00 23, 0 0, L_000001f67dfe1e00; 1 drivers
v000001f67dfa0f00_24 .net v000001f67dfa0f00 24, 0 0, L_000001f67dfe2c70; 1 drivers
v000001f67dfa0f00_25 .net v000001f67dfa0f00 25, 0 0, L_000001f67dfe3ca0; 1 drivers
v000001f67dfa0f00_26 .net v000001f67dfa0f00 26, 0 0, L_000001f67dfe36f0; 1 drivers
v000001f67dfa0f00_27 .net v000001f67dfa0f00 27, 0 0, L_000001f67dfe3990; 1 drivers
v000001f67dfa0f00_28 .net v000001f67dfa0f00 28, 0 0, L_000001f67dfe9790; 1 drivers
v000001f67dfa0f00_29 .net v000001f67dfa0f00 29, 0 0, L_000001f67dfe8760; 1 drivers
v000001f67dfa0f00_30 .net v000001f67dfa0f00 30, 0 0, L_000001f67dfe9480; 1 drivers
v000001f67dfa0f00_31 .net v000001f67dfa0f00 31, 0 0, L_000001f67dfe8e60; 1 drivers
v000001f67dfa0f00_32 .net v000001f67dfa0f00 32, 0 0, L_000001f67dfe8370; 1 drivers
v000001f67dfa0f00_33 .net v000001f67dfa0f00 33, 0 0, L_000001f67dfe8610; 1 drivers
v000001f67dfa0f00_34 .net v000001f67dfa0f00 34, 0 0, L_000001f67dfe8d10; 1 drivers
v000001f67dfa0f00_35 .net v000001f67dfa0f00 35, 0 0, L_000001f67dfe9330; 1 drivers
v000001f67dfa0f00_36 .net v000001f67dfa0f00 36, 0 0, L_000001f67dfea210; 1 drivers
v000001f67dfa0f00_37 .net v000001f67dfa0f00 37, 0 0, L_000001f67dfe9fe0; 1 drivers
v000001f67dfa0f00_38 .net v000001f67dfa0f00 38, 0 0, L_000001f67dfea590; 1 drivers
v000001f67dfa0f00_39 .net v000001f67dfa0f00 39, 0 0, L_000001f67dfea7c0; 1 drivers
v000001f67dfa0f00_40 .net v000001f67dfa0f00 40, 0 0, L_000001f67dfea9f0; 1 drivers
v000001f67dfa0f00_41 .net v000001f67dfa0f00 41, 0 0, L_000001f67dfe9d40; 1 drivers
v000001f67dfa3660_0 .net *"_ivl_132", 0 0, L_000001f67df1abc0;  1 drivers
v000001f67dfa3980 .array "pp", 63 0;
v000001f67dfa3980_0 .net v000001f67dfa3980 0, 0 0, L_000001f67df1bdb0; 1 drivers
v000001f67dfa3980_1 .net v000001f67dfa3980 1, 0 0, L_000001f67df1b330; 1 drivers
v000001f67dfa3980_2 .net v000001f67dfa3980 2, 0 0, L_000001f67df1b100; 1 drivers
v000001f67dfa3980_3 .net v000001f67dfa3980 3, 0 0, L_000001f67df1c670; 1 drivers
v000001f67dfa3980_4 .net v000001f67dfa3980 4, 0 0, L_000001f67df1c3d0; 1 drivers
v000001f67dfa3980_5 .net v000001f67dfa3980 5, 0 0, L_000001f67df1be20; 1 drivers
v000001f67dfa3980_6 .net v000001f67dfa3980 6, 0 0, L_000001f67df1c0c0; 1 drivers
v000001f67dfa3980_7 .net v000001f67dfa3980 7, 0 0, L_000001f67df1cc20; 1 drivers
v000001f67dfa3980_8 .net v000001f67dfa3980 8, 0 0, L_000001f67df1b790; 1 drivers
v000001f67dfa3980_9 .net v000001f67dfa3980 9, 0 0, L_000001f67df1b800; 1 drivers
v000001f67dfa3980_10 .net v000001f67dfa3980 10, 0 0, L_000001f67df1b950; 1 drivers
v000001f67dfa3980_11 .net v000001f67dfa3980 11, 0 0, L_000001f67df1b870; 1 drivers
v000001f67dfa3980_12 .net v000001f67dfa3980 12, 0 0, L_000001f67df1c9f0; 1 drivers
v000001f67dfa3980_13 .net v000001f67dfa3980 13, 0 0, L_000001f67df1cb40; 1 drivers
v000001f67dfa3980_14 .net v000001f67dfa3980 14, 0 0, L_000001f67df1c130; 1 drivers
v000001f67dfa3980_15 .net v000001f67dfa3980 15, 0 0, L_000001f67df1c750; 1 drivers
v000001f67dfa3980_16 .net v000001f67dfa3980 16, 0 0, L_000001f67df1b2c0; 1 drivers
v000001f67dfa3980_17 .net v000001f67dfa3980 17, 0 0, L_000001f67df1c830; 1 drivers
v000001f67dfa3980_18 .net v000001f67dfa3980 18, 0 0, L_000001f67df1c8a0; 1 drivers
v000001f67dfa3980_19 .net v000001f67dfa3980 19, 0 0, L_000001f67df1b3a0; 1 drivers
v000001f67dfa3980_20 .net v000001f67dfa3980 20, 0 0, L_000001f67df1b1e0; 1 drivers
v000001f67dfa3980_21 .net v000001f67dfa3980 21, 0 0, L_000001f67df1c980; 1 drivers
v000001f67dfa3980_22 .net v000001f67dfa3980 22, 0 0, L_000001f67df1c910; 1 drivers
v000001f67dfa3980_23 .net v000001f67dfa3980 23, 0 0, L_000001f67df1ca60; 1 drivers
v000001f67dfa3980_24 .net v000001f67dfa3980 24, 0 0, L_000001f67df1b480; 1 drivers
v000001f67dfa3980_25 .net v000001f67dfa3980 25, 0 0, L_000001f67df1b8e0; 1 drivers
v000001f67dfa3980_26 .net v000001f67dfa3980 26, 0 0, L_000001f67df1cad0; 1 drivers
v000001f67dfa3980_27 .net v000001f67dfa3980 27, 0 0, L_000001f67df1cbb0; 1 drivers
v000001f67dfa3980_28 .net v000001f67dfa3980 28, 0 0, L_000001f67df1b170; 1 drivers
v000001f67dfa3980_29 .net v000001f67dfa3980 29, 0 0, L_000001f67df1cc90; 1 drivers
v000001f67dfa3980_30 .net v000001f67dfa3980 30, 0 0, L_000001f67df1cd70; 1 drivers
v000001f67dfa3980_31 .net v000001f67dfa3980 31, 0 0, L_000001f67df1d240; 1 drivers
v000001f67dfa3980_32 .net v000001f67dfa3980 32, 0 0, L_000001f67df1cd00; 1 drivers
v000001f67dfa3980_33 .net v000001f67dfa3980 33, 0 0, L_000001f67df1cde0; 1 drivers
v000001f67dfa3980_34 .net v000001f67dfa3980 34, 0 0, L_000001f67df1cfa0; 1 drivers
v000001f67dfa3980_35 .net v000001f67dfa3980 35, 0 0, L_000001f67df1cf30; 1 drivers
v000001f67dfa3980_36 .net v000001f67dfa3980 36, 0 0, L_000001f67df1d010; 1 drivers
v000001f67dfa3980_37 .net v000001f67dfa3980 37, 0 0, L_000001f67df1d1d0; 1 drivers
v000001f67dfa3980_38 .net v000001f67dfa3980 38, 0 0, L_000001f67df1ce50; 1 drivers
v000001f67dfa3980_39 .net v000001f67dfa3980 39, 0 0, L_000001f67df1d160; 1 drivers
v000001f67dfa3980_40 .net v000001f67dfa3980 40, 0 0, L_000001f67df1d2b0; 1 drivers
v000001f67dfa3980_41 .net v000001f67dfa3980 41, 0 0, L_000001f67df1cec0; 1 drivers
v000001f67dfa3980_42 .net v000001f67dfa3980 42, 0 0, L_000001f67df1d320; 1 drivers
v000001f67dfa3980_43 .net v000001f67dfa3980 43, 0 0, L_000001f67df1d080; 1 drivers
v000001f67dfa3980_44 .net v000001f67dfa3980 44, 0 0, L_000001f67df1d390; 1 drivers
v000001f67dfa3980_45 .net v000001f67dfa3980 45, 0 0, L_000001f67df1d0f0; 1 drivers
v000001f67dfa3980_46 .net v000001f67dfa3980 46, 0 0, L_000001f67df1a920; 1 drivers
v000001f67dfa3980_47 .net v000001f67dfa3980 47, 0 0, L_000001f67df19ce0; 1 drivers
v000001f67dfa3980_48 .net v000001f67dfa3980 48, 0 0, L_000001f67df1a140; 1 drivers
v000001f67dfa3980_49 .net v000001f67dfa3980 49, 0 0, L_000001f67df1aa00; 1 drivers
v000001f67dfa3980_50 .net v000001f67dfa3980 50, 0 0, L_000001f67df19a40; 1 drivers
v000001f67dfa3980_51 .net v000001f67dfa3980 51, 0 0, L_000001f67df19b90; 1 drivers
v000001f67dfa3980_52 .net v000001f67dfa3980 52, 0 0, L_000001f67df1af40; 1 drivers
v000001f67dfa3980_53 .net v000001f67dfa3980 53, 0 0, L_000001f67df19880; 1 drivers
v000001f67dfa3980_54 .net v000001f67dfa3980 54, 0 0, L_000001f67df1afb0; 1 drivers
v000001f67dfa3980_55 .net v000001f67dfa3980 55, 0 0, L_000001f67df1a8b0; 1 drivers
v000001f67dfa3980_56 .net v000001f67dfa3980 56, 0 0, L_000001f67df19f80; 1 drivers
v000001f67dfa3980_57 .net v000001f67dfa3980 57, 0 0, L_000001f67df196c0; 1 drivers
v000001f67dfa3980_58 .net v000001f67dfa3980 58, 0 0, L_000001f67df19650; 1 drivers
v000001f67dfa3980_59 .net v000001f67dfa3980 59, 0 0, L_000001f67df1aed0; 1 drivers
v000001f67dfa3980_60 .net v000001f67dfa3980 60, 0 0, L_000001f67df1b020; 1 drivers
v000001f67dfa3980_61 .net v000001f67dfa3980 61, 0 0, L_000001f67df19b20; 1 drivers
v000001f67dfa3980_62 .net v000001f67dfa3980 62, 0 0, L_000001f67df199d0; 1 drivers
v000001f67dfa3980_63 .net v000001f67dfa3980 63, 0 0, L_000001f67df1adf0; 1 drivers
L_000001f67dfc0390 .part v000001f67dfc1290_0, 0, 1;
L_000001f67dfc0430 .part v000001f67dfbef90_0, 0, 1;
L_000001f67dfc07f0 .part v000001f67dfc1290_0, 1, 1;
L_000001f67dfbf030 .part v000001f67dfbef90_0, 0, 1;
L_000001f67dfc10b0 .part v000001f67dfc1290_0, 2, 1;
L_000001f67dfc06b0 .part v000001f67dfbef90_0, 0, 1;
L_000001f67dfbf3f0 .part v000001f67dfc1290_0, 3, 1;
L_000001f67dfbf490 .part v000001f67dfbef90_0, 0, 1;
L_000001f67dfc1150 .part v000001f67dfc1290_0, 4, 1;
L_000001f67dfbf5d0 .part v000001f67dfbef90_0, 0, 1;
L_000001f67dfc04d0 .part v000001f67dfc1290_0, 5, 1;
L_000001f67dfbf670 .part v000001f67dfbef90_0, 0, 1;
L_000001f67dfc0570 .part v000001f67dfc1290_0, 6, 1;
L_000001f67dfbf710 .part v000001f67dfbef90_0, 0, 1;
L_000001f67dfc0750 .part v000001f67dfc1290_0, 7, 1;
L_000001f67dfc09d0 .part v000001f67dfbef90_0, 0, 1;
L_000001f67dfbf990 .part v000001f67dfc1290_0, 0, 1;
L_000001f67dfc0a70 .part v000001f67dfbef90_0, 1, 1;
L_000001f67dfbf7b0 .part v000001f67dfc1290_0, 1, 1;
L_000001f67dfc0b10 .part v000001f67dfbef90_0, 1, 1;
L_000001f67dfc18d0 .part v000001f67dfc1290_0, 2, 1;
L_000001f67dfc1bf0 .part v000001f67dfbef90_0, 1, 1;
L_000001f67dfc1c90 .part v000001f67dfc1290_0, 3, 1;
L_000001f67dfc1d30 .part v000001f67dfbef90_0, 1, 1;
L_000001f67dfc1dd0 .part v000001f67dfc1290_0, 4, 1;
L_000001f67dfc16f0 .part v000001f67dfbef90_0, 1, 1;
L_000001f67dfc1970 .part v000001f67dfc1290_0, 5, 1;
L_000001f67dfc1a10 .part v000001f67dfbef90_0, 1, 1;
L_000001f67dfc1790 .part v000001f67dfc1290_0, 6, 1;
L_000001f67dfc1ab0 .part v000001f67dfbef90_0, 1, 1;
L_000001f67dfc1b50 .part v000001f67dfc1290_0, 7, 1;
L_000001f67dfc1830 .part v000001f67dfbef90_0, 1, 1;
L_000001f67dfcbc80 .part v000001f67dfc1290_0, 0, 1;
L_000001f67dfcd4e0 .part v000001f67dfbef90_0, 2, 1;
L_000001f67dfcbe60 .part v000001f67dfc1290_0, 1, 1;
L_000001f67dfcbd20 .part v000001f67dfbef90_0, 2, 1;
L_000001f67dfcda80 .part v000001f67dfc1290_0, 2, 1;
L_000001f67dfcc5e0 .part v000001f67dfbef90_0, 2, 1;
L_000001f67dfcc400 .part v000001f67dfc1290_0, 3, 1;
L_000001f67dfcd080 .part v000001f67dfbef90_0, 2, 1;
L_000001f67dfccea0 .part v000001f67dfc1290_0, 4, 1;
L_000001f67dfcdb20 .part v000001f67dfbef90_0, 2, 1;
L_000001f67dfcc860 .part v000001f67dfc1290_0, 5, 1;
L_000001f67dfcbfa0 .part v000001f67dfbef90_0, 2, 1;
L_000001f67dfcccc0 .part v000001f67dfc1290_0, 6, 1;
L_000001f67dfcd760 .part v000001f67dfbef90_0, 2, 1;
L_000001f67dfcd1c0 .part v000001f67dfc1290_0, 7, 1;
L_000001f67dfccf40 .part v000001f67dfbef90_0, 2, 1;
L_000001f67dfcc9a0 .part v000001f67dfc1290_0, 0, 1;
L_000001f67dfcd260 .part v000001f67dfbef90_0, 3, 1;
L_000001f67dfcc2c0 .part v000001f67dfc1290_0, 1, 1;
L_000001f67dfccd60 .part v000001f67dfbef90_0, 3, 1;
L_000001f67dfcbaa0 .part v000001f67dfc1290_0, 2, 1;
L_000001f67dfccb80 .part v000001f67dfbef90_0, 3, 1;
L_000001f67dfcbdc0 .part v000001f67dfc1290_0, 3, 1;
L_000001f67dfcb820 .part v000001f67dfbef90_0, 3, 1;
L_000001f67dfcd120 .part v000001f67dfc1290_0, 4, 1;
L_000001f67dfcb8c0 .part v000001f67dfbef90_0, 3, 1;
L_000001f67dfcdbc0 .part v000001f67dfc1290_0, 5, 1;
L_000001f67dfcb640 .part v000001f67dfbef90_0, 3, 1;
L_000001f67dfcc040 .part v000001f67dfc1290_0, 6, 1;
L_000001f67dfcd800 .part v000001f67dfbef90_0, 3, 1;
L_000001f67dfcd8a0 .part v000001f67dfc1290_0, 7, 1;
L_000001f67dfcc720 .part v000001f67dfbef90_0, 3, 1;
L_000001f67dfccfe0 .part v000001f67dfc1290_0, 0, 1;
L_000001f67dfcce00 .part v000001f67dfbef90_0, 4, 1;
L_000001f67dfcd300 .part v000001f67dfc1290_0, 1, 1;
L_000001f67dfcb960 .part v000001f67dfbef90_0, 4, 1;
L_000001f67dfcd3a0 .part v000001f67dfc1290_0, 2, 1;
L_000001f67dfcba00 .part v000001f67dfbef90_0, 4, 1;
L_000001f67dfcc0e0 .part v000001f67dfc1290_0, 3, 1;
L_000001f67dfcc180 .part v000001f67dfbef90_0, 4, 1;
L_000001f67dfcbb40 .part v000001f67dfc1290_0, 4, 1;
L_000001f67dfcd580 .part v000001f67dfbef90_0, 4, 1;
L_000001f67dfcd440 .part v000001f67dfc1290_0, 5, 1;
L_000001f67dfcb780 .part v000001f67dfbef90_0, 4, 1;
L_000001f67dfcb460 .part v000001f67dfc1290_0, 6, 1;
L_000001f67dfcc220 .part v000001f67dfbef90_0, 4, 1;
L_000001f67dfcc360 .part v000001f67dfc1290_0, 7, 1;
L_000001f67dfcc4a0 .part v000001f67dfbef90_0, 4, 1;
L_000001f67dfcc7c0 .part v000001f67dfc1290_0, 0, 1;
L_000001f67dfcd940 .part v000001f67dfbef90_0, 5, 1;
L_000001f67dfcbbe0 .part v000001f67dfc1290_0, 1, 1;
L_000001f67dfcb500 .part v000001f67dfbef90_0, 5, 1;
L_000001f67dfcd620 .part v000001f67dfc1290_0, 2, 1;
L_000001f67dfcd6c0 .part v000001f67dfbef90_0, 5, 1;
L_000001f67dfcc540 .part v000001f67dfc1290_0, 3, 1;
L_000001f67dfcd9e0 .part v000001f67dfbef90_0, 5, 1;
L_000001f67dfcc900 .part v000001f67dfc1290_0, 4, 1;
L_000001f67dfcc680 .part v000001f67dfbef90_0, 5, 1;
L_000001f67dfcca40 .part v000001f67dfc1290_0, 5, 1;
L_000001f67dfcb5a0 .part v000001f67dfbef90_0, 5, 1;
L_000001f67dfccae0 .part v000001f67dfc1290_0, 6, 1;
L_000001f67dfcb6e0 .part v000001f67dfbef90_0, 5, 1;
L_000001f67dfcbf00 .part v000001f67dfc1290_0, 7, 1;
L_000001f67dfccc20 .part v000001f67dfbef90_0, 5, 1;
L_000001f67dfcde40 .part v000001f67dfc1290_0, 0, 1;
L_000001f67dfd0320 .part v000001f67dfbef90_0, 6, 1;
L_000001f67dfcf9c0 .part v000001f67dfc1290_0, 1, 1;
L_000001f67dfd0280 .part v000001f67dfbef90_0, 6, 1;
L_000001f67dfce3e0 .part v000001f67dfc1290_0, 2, 1;
L_000001f67dfd03c0 .part v000001f67dfbef90_0, 6, 1;
L_000001f67dfcf600 .part v000001f67dfc1290_0, 3, 1;
L_000001f67dfcdc60 .part v000001f67dfbef90_0, 6, 1;
L_000001f67dfceac0 .part v000001f67dfc1290_0, 4, 1;
L_000001f67dfcf920 .part v000001f67dfbef90_0, 6, 1;
L_000001f67dfcea20 .part v000001f67dfc1290_0, 5, 1;
L_000001f67dfcfd80 .part v000001f67dfbef90_0, 6, 1;
L_000001f67dfce480 .part v000001f67dfc1290_0, 6, 1;
L_000001f67dfce520 .part v000001f67dfbef90_0, 6, 1;
L_000001f67dfcf380 .part v000001f67dfc1290_0, 7, 1;
L_000001f67dfceb60 .part v000001f67dfbef90_0, 6, 1;
L_000001f67dfcff60 .part v000001f67dfc1290_0, 0, 1;
L_000001f67dfcfa60 .part v000001f67dfbef90_0, 7, 1;
L_000001f67dfce200 .part v000001f67dfc1290_0, 1, 1;
L_000001f67dfd00a0 .part v000001f67dfbef90_0, 7, 1;
L_000001f67dfced40 .part v000001f67dfc1290_0, 2, 1;
L_000001f67dfcdd00 .part v000001f67dfbef90_0, 7, 1;
L_000001f67dfce8e0 .part v000001f67dfc1290_0, 3, 1;
L_000001f67dfcf060 .part v000001f67dfbef90_0, 7, 1;
L_000001f67dfcfec0 .part v000001f67dfc1290_0, 4, 1;
L_000001f67dfcefc0 .part v000001f67dfbef90_0, 7, 1;
L_000001f67dfce980 .part v000001f67dfc1290_0, 5, 1;
L_000001f67dfcfce0 .part v000001f67dfbef90_0, 7, 1;
L_000001f67dfcec00 .part v000001f67dfc1290_0, 6, 1;
L_000001f67dfcfe20 .part v000001f67dfbef90_0, 7, 1;
L_000001f67dfcf420 .part v000001f67dfc1290_0, 7, 1;
L_000001f67dfd0000 .part v000001f67dfbef90_0, 7, 1;
LS_000001f67dfce5c0_0_0 .concat8 [ 1 1 1 1], L_000001f67df1abc0, L_000001f67df1a610, L_000001f67df04e40, L_000001f67dfe0e40;
LS_000001f67dfce5c0_0_4 .concat8 [ 1 1 1 1], L_000001f67dfe3610, L_000001f67dfe9100, L_000001f67dfe8680, L_000001f67dfeb010;
LS_000001f67dfce5c0_0_8 .concat8 [ 1 1 1 1], L_000001f67dfea910, L_000001f67dfea750, L_000001f67dfe9b10, L_000001f67dfeb860;
LS_000001f67dfce5c0_0_12 .concat8 [ 1 1 1 1], L_000001f67dfeb9b0, L_000001f67dfebda0, L_000001f67dfec230, L_000001f67dfec540;
L_000001f67dfce5c0 .concat8 [ 4 4 4 4], LS_000001f67dfce5c0_0_0, LS_000001f67dfce5c0_0_4, LS_000001f67dfce5c0_0_8, LS_000001f67dfce5c0_0_12;
S_000001f67df7cb40 .scope module, "FA1" "full_adder" 7 39, 8 1 0, S_000001f67df7c500;
 .timescale 0 0;
    .port_info 0 /INPUT 1 "A";
    .port_info 1 /INPUT 1 "B";
    .port_info 2 /INPUT 1 "Cin";
    .port_info 3 /OUTPUT 1 "Sum";
    .port_info 4 /OUTPUT 1 "Cout";
L_000001f67df198f0 .functor XOR 1, L_000001f67df1b800, L_000001f67df1b2c0, C4<0>, C4<0>;
L_000001f67df1aca0 .functor XOR 1, L_000001f67df198f0, L_000001f67df19ab0, C4<0>, C4<0>;
L_000001f67df19f10 .functor AND 1, L_000001f67df1b800, L_000001f67df1b2c0, C4<1>, C4<1>;
L_000001f67df19810 .functor AND 1, L_000001f67df1b800, L_000001f67df19ab0, C4<1>, C4<1>;
L_000001f67df19c00 .functor OR 1, L_000001f67df19f10, L_000001f67df19810, C4<0>, C4<0>;
L_000001f67df1a1b0 .functor AND 1, L_000001f67df1b2c0, L_000001f67df19ab0, C4<1>, C4<1>;
L_000001f67df1ae60 .functor OR 1, L_000001f67df19c00, L_000001f67df1a1b0, C4<0>, C4<0>;
v000001f67df1fd40_0 .net "A", 0 0, L_000001f67df1b800;  alias, 1 drivers
v000001f67df20060_0 .net "B", 0 0, L_000001f67df1b2c0;  alias, 1 drivers
v000001f67df20420_0 .net "Cin", 0 0, L_000001f67df19ab0;  alias, 1 drivers
v000001f67df20560_0 .net "Cout", 0 0, L_000001f67df1ae60;  alias, 1 drivers
v000001f67df201a0_0 .net "Sum", 0 0, L_000001f67df1aca0;  alias, 1 drivers
v000001f67df202e0_0 .net *"_ivl_0", 0 0, L_000001f67df198f0;  1 drivers
v000001f67df209c0_0 .net *"_ivl_10", 0 0, L_000001f67df1a1b0;  1 drivers
v000001f67df1ffc0_0 .net *"_ivl_4", 0 0, L_000001f67df19f10;  1 drivers
v000001f67df204c0_0 .net *"_ivl_6", 0 0, L_000001f67df19810;  1 drivers
v000001f67df20ec0_0 .net *"_ivl_8", 0 0, L_000001f67df19c00;  1 drivers
S_000001f67df7c370 .scope module, "FA10" "full_adder" 7 136, 8 1 0, S_000001f67df7c500;
 .timescale 0 0;
    .port_info 0 /INPUT 1 "A";
    .port_info 1 /INPUT 1 "B";
    .port_info 2 /INPUT 1 "Cin";
    .port_info 3 /OUTPUT 1 "Sum";
    .port_info 4 /OUTPUT 1 "Cout";
L_000001f67dfe0040 .functor XOR 1, L_000001f67df1cfa0, L_000001f67df1a370, C4<0>, C4<0>;
L_000001f67dfe0740 .functor XOR 1, L_000001f67dfe0040, L_000001f67dfe07b0, C4<0>, C4<0>;
L_000001f67dfe0cf0 .functor AND 1, L_000001f67df1cfa0, L_000001f67df1a370, C4<1>, C4<1>;
L_000001f67dfe13f0 .functor AND 1, L_000001f67df1cfa0, L_000001f67dfe07b0, C4<1>, C4<1>;
L_000001f67dfe1000 .functor OR 1, L_000001f67dfe0cf0, L_000001f67dfe13f0, C4<0>, C4<0>;
L_000001f67dfe0820 .functor AND 1, L_000001f67df1a370, L_000001f67dfe07b0, C4<1>, C4<1>;
L_000001f67dfe0190 .functor OR 1, L_000001f67dfe1000, L_000001f67dfe0820, C4<0>, C4<0>;
v000001f67df207e0_0 .net "A", 0 0, L_000001f67df1cfa0;  alias, 1 drivers
v000001f67df20880_0 .net "B", 0 0, L_000001f67df1a370;  alias, 1 drivers
v000001f67df20a60_0 .net "Cin", 0 0, L_000001f67dfe07b0;  alias, 1 drivers
v000001f67df21000_0 .net "Cout", 0 0, L_000001f67dfe0190;  alias, 1 drivers
v000001f67df20b00_0 .net "Sum", 0 0, L_000001f67dfe0740;  alias, 1 drivers
v000001f67df20f60_0 .net *"_ivl_0", 0 0, L_000001f67dfe0040;  1 drivers
v000001f67df21140_0 .net *"_ivl_10", 0 0, L_000001f67dfe0820;  1 drivers
v000001f67df1fe80_0 .net *"_ivl_4", 0 0, L_000001f67dfe0cf0;  1 drivers
v000001f67df1ff20_0 .net *"_ivl_6", 0 0, L_000001f67dfe13f0;  1 drivers
v000001f67df1fca0_0 .net *"_ivl_8", 0 0, L_000001f67dfe1000;  1 drivers
S_000001f67df7ccd0 .scope module, "FA11" "full_adder" 7 145, 8 1 0, S_000001f67df7c500;
 .timescale 0 0;
    .port_info 0 /INPUT 1 "A";
    .port_info 1 /INPUT 1 "B";
    .port_info 2 /INPUT 1 "Cin";
    .port_info 3 /OUTPUT 1 "Sum";
    .port_info 4 /OUTPUT 1 "Cout";
L_000001f67dfe15b0 .functor XOR 1, L_000001f67df1d320, L_000001f67df1a530, C4<0>, C4<0>;
L_000001f67dfe14d0 .functor XOR 1, L_000001f67dfe15b0, L_000001f67dfe0190, C4<0>, C4<0>;
L_000001f67dfe0430 .functor AND 1, L_000001f67df1d320, L_000001f67df1a530, C4<1>, C4<1>;
L_000001f67dfe1540 .functor AND 1, L_000001f67df1d320, L_000001f67dfe0190, C4<1>, C4<1>;
L_000001f67dfe1930 .functor OR 1, L_000001f67dfe0430, L_000001f67dfe1540, C4<0>, C4<0>;
L_000001f67dfe0200 .functor AND 1, L_000001f67df1a530, L_000001f67dfe0190, C4<1>, C4<1>;
L_000001f67dfdfe80 .functor OR 1, L_000001f67dfe1930, L_000001f67dfe0200, C4<0>, C4<0>;
v000001f67df21280_0 .net "A", 0 0, L_000001f67df1d320;  alias, 1 drivers
v000001f67df21320_0 .net "B", 0 0, L_000001f67df1a530;  alias, 1 drivers
v000001f67df05740_0 .net "Cin", 0 0, L_000001f67dfe0190;  alias, 1 drivers
v000001f67df05e20_0 .net "Cout", 0 0, L_000001f67dfdfe80;  alias, 1 drivers
v000001f67df07400_0 .net "Sum", 0 0, L_000001f67dfe14d0;  alias, 1 drivers
v000001f67df066e0_0 .net *"_ivl_0", 0 0, L_000001f67dfe15b0;  1 drivers
v000001f67df051a0_0 .net *"_ivl_10", 0 0, L_000001f67dfe0200;  1 drivers
v000001f67df05240_0 .net *"_ivl_4", 0 0, L_000001f67dfe0430;  1 drivers
v000001f67df054c0_0 .net *"_ivl_6", 0 0, L_000001f67dfe1540;  1 drivers
v000001f67df05560_0 .net *"_ivl_8", 0 0, L_000001f67dfe1930;  1 drivers
S_000001f67df7c1e0 .scope module, "FA12" "full_adder" 7 154, 8 1 0, S_000001f67df7c500;
 .timescale 0 0;
    .port_info 0 /INPUT 1 "A";
    .port_info 1 /INPUT 1 "B";
    .port_info 2 /INPUT 1 "Cin";
    .port_info 3 /OUTPUT 1 "Sum";
    .port_info 4 /OUTPUT 1 "Cout";
L_000001f67dfe0350 .functor XOR 1, L_000001f67df19a40, L_000001f67df1ac30, C4<0>, C4<0>;
L_000001f67dfe1770 .functor XOR 1, L_000001f67dfe0350, L_000001f67dfdfe80, C4<0>, C4<0>;
L_000001f67dfe1230 .functor AND 1, L_000001f67df19a40, L_000001f67df1ac30, C4<1>, C4<1>;
L_000001f67dfe1070 .functor AND 1, L_000001f67df19a40, L_000001f67dfdfe80, C4<1>, C4<1>;
L_000001f67dfdff60 .functor OR 1, L_000001f67dfe1230, L_000001f67dfe1070, C4<0>, C4<0>;
L_000001f67dfe12a0 .functor AND 1, L_000001f67df1ac30, L_000001f67dfdfe80, C4<1>, C4<1>;
L_000001f67dfe0890 .functor OR 1, L_000001f67dfdff60, L_000001f67dfe12a0, C4<0>, C4<0>;
v000001f67df05600_0 .net "A", 0 0, L_000001f67df19a40;  alias, 1 drivers
v000001f67df07cc0_0 .net "B", 0 0, L_000001f67df1ac30;  alias, 1 drivers
v000001f67df089e0_0 .net "Cin", 0 0, L_000001f67dfdfe80;  alias, 1 drivers
v000001f67df08b20_0 .net "Cout", 0 0, L_000001f67dfe0890;  alias, 1 drivers
v000001f67dee1280_0 .net "Sum", 0 0, L_000001f67dfe1770;  alias, 1 drivers
v000001f67dee2f40_0 .net *"_ivl_0", 0 0, L_000001f67dfe0350;  1 drivers
v000001f67dee2180_0 .net *"_ivl_10", 0 0, L_000001f67dfe12a0;  1 drivers
v000001f67dee2b80_0 .net *"_ivl_4", 0 0, L_000001f67dfe1230;  1 drivers
v000001f67dee2220_0 .net *"_ivl_6", 0 0, L_000001f67dfe1070;  1 drivers
v000001f67dee0b00_0 .net *"_ivl_8", 0 0, L_000001f67dfdff60;  1 drivers
S_000001f67df7d310 .scope module, "FA13" "full_adder" 7 163, 8 1 0, S_000001f67df7c500;
 .timescale 0 0;
    .port_info 0 /INPUT 1 "A";
    .port_info 1 /INPUT 1 "B";
    .port_info 2 /INPUT 1 "Cin";
    .port_info 3 /OUTPUT 1 "Sum";
    .port_info 4 /OUTPUT 1 "Cout";
L_000001f67dfe0c80 .functor XOR 1, L_000001f67df19650, L_000001f67df04c80, C4<0>, C4<0>;
L_000001f67dfe0900 .functor XOR 1, L_000001f67dfe0c80, L_000001f67dfe0890, C4<0>, C4<0>;
L_000001f67dfe0270 .functor AND 1, L_000001f67df19650, L_000001f67df04c80, C4<1>, C4<1>;
L_000001f67dfe1620 .functor AND 1, L_000001f67df19650, L_000001f67dfe0890, C4<1>, C4<1>;
L_000001f67dfdfef0 .functor OR 1, L_000001f67dfe0270, L_000001f67dfe1620, C4<0>, C4<0>;
L_000001f67dfe17e0 .functor AND 1, L_000001f67df04c80, L_000001f67dfe0890, C4<1>, C4<1>;
L_000001f67dfe1850 .functor OR 1, L_000001f67dfdfef0, L_000001f67dfe17e0, C4<0>, C4<0>;
v000001f67dee15a0_0 .net "A", 0 0, L_000001f67df19650;  alias, 1 drivers
v000001f67dee0ba0_0 .net "B", 0 0, L_000001f67df04c80;  alias, 1 drivers
v000001f67dee3da0_0 .net "Cin", 0 0, L_000001f67dfe0890;  alias, 1 drivers
v000001f67de9ea30_0 .net "Cout", 0 0, L_000001f67dfe1850;  alias, 1 drivers
v000001f67deb92a0_0 .net "Sum", 0 0, L_000001f67dfe0900;  alias, 1 drivers
v000001f67df7e4d0_0 .net *"_ivl_0", 0 0, L_000001f67dfe0c80;  1 drivers
v000001f67df7e570_0 .net *"_ivl_10", 0 0, L_000001f67dfe17e0;  1 drivers
v000001f67df7ddf0_0 .net *"_ivl_4", 0 0, L_000001f67dfe0270;  1 drivers
v000001f67df7ebb0_0 .net *"_ivl_6", 0 0, L_000001f67dfe1620;  1 drivers
v000001f67df7dfd0_0 .net *"_ivl_8", 0 0, L_000001f67dfdfef0;  1 drivers
S_000001f67df7d4a0 .scope module, "FA14" "full_adder" 7 180, 8 1 0, S_000001f67df7c500;
 .timescale 0 0;
    .port_info 0 /INPUT 1 "A";
    .port_info 1 /INPUT 1 "B";
    .port_info 2 /INPUT 1 "Cin";
    .port_info 3 /OUTPUT 1 "Sum";
    .port_info 4 /OUTPUT 1 "Cout";
L_000001f67dfe18c0 .functor XOR 1, L_000001f67df1b870, L_000001f67dfe1380, C4<0>, C4<0>;
L_000001f67dfe19a0 .functor XOR 1, L_000001f67dfe18c0, L_000001f67dfe10e0, C4<0>, C4<0>;
L_000001f67dfe1a10 .functor AND 1, L_000001f67df1b870, L_000001f67dfe1380, C4<1>, C4<1>;
L_000001f67dfe0a50 .functor AND 1, L_000001f67df1b870, L_000001f67dfe10e0, C4<1>, C4<1>;
L_000001f67dfdffd0 .functor OR 1, L_000001f67dfe1a10, L_000001f67dfe0a50, C4<0>, C4<0>;
L_000001f67dfe03c0 .functor AND 1, L_000001f67dfe1380, L_000001f67dfe10e0, C4<1>, C4<1>;
L_000001f67dfe05f0 .functor OR 1, L_000001f67dfdffd0, L_000001f67dfe03c0, C4<0>, C4<0>;
v000001f67df7f790_0 .net "A", 0 0, L_000001f67df1b870;  alias, 1 drivers
v000001f67df7f150_0 .net "B", 0 0, L_000001f67dfe1380;  alias, 1 drivers
v000001f67df7e9d0_0 .net "Cin", 0 0, L_000001f67dfe10e0;  alias, 1 drivers
v000001f67df7e070_0 .net "Cout", 0 0, L_000001f67dfe05f0;  alias, 1 drivers
v000001f67df7ea70_0 .net "Sum", 0 0, L_000001f67dfe19a0;  alias, 1 drivers
v000001f67df7da30_0 .net *"_ivl_0", 0 0, L_000001f67dfe18c0;  1 drivers
v000001f67df7eb10_0 .net *"_ivl_10", 0 0, L_000001f67dfe03c0;  1 drivers
v000001f67df7fd30_0 .net *"_ivl_4", 0 0, L_000001f67dfe1a10;  1 drivers
v000001f67df7f010_0 .net *"_ivl_6", 0 0, L_000001f67dfe0a50;  1 drivers
v000001f67df7e890_0 .net *"_ivl_8", 0 0, L_000001f67dfdffd0;  1 drivers
S_000001f67df7c690 .scope module, "FA15" "full_adder" 7 189, 8 1 0, S_000001f67df7c500;
 .timescale 0 0;
    .port_info 0 /INPUT 1 "A";
    .port_info 1 /INPUT 1 "B";
    .port_info 2 /INPUT 1 "Cin";
    .port_info 3 /OUTPUT 1 "Sum";
    .port_info 4 /OUTPUT 1 "Cout";
L_000001f67dfe04a0 .functor XOR 1, L_000001f67df1b3a0, L_000001f67dfe1460, C4<0>, C4<0>;
L_000001f67dfe0510 .functor XOR 1, L_000001f67dfe04a0, L_000001f67dfe05f0, C4<0>, C4<0>;
L_000001f67dfe0ac0 .functor AND 1, L_000001f67df1b3a0, L_000001f67dfe1460, C4<1>, C4<1>;
L_000001f67dfe0580 .functor AND 1, L_000001f67df1b3a0, L_000001f67dfe05f0, C4<1>, C4<1>;
L_000001f67dfe0970 .functor OR 1, L_000001f67dfe0ac0, L_000001f67dfe0580, C4<0>, C4<0>;
L_000001f67dfe09e0 .functor AND 1, L_000001f67dfe1460, L_000001f67dfe05f0, C4<1>, C4<1>;
L_000001f67dfe0b30 .functor OR 1, L_000001f67dfe0970, L_000001f67dfe09e0, C4<0>, C4<0>;
v000001f67df7f470_0 .net "A", 0 0, L_000001f67df1b3a0;  alias, 1 drivers
v000001f67df7e250_0 .net "B", 0 0, L_000001f67dfe1460;  alias, 1 drivers
v000001f67df7f510_0 .net "Cin", 0 0, L_000001f67dfe05f0;  alias, 1 drivers
v000001f67df7e930_0 .net "Cout", 0 0, L_000001f67dfe0b30;  alias, 1 drivers
v000001f67df7fe70_0 .net "Sum", 0 0, L_000001f67dfe0510;  alias, 1 drivers
v000001f67df7dcb0_0 .net *"_ivl_0", 0 0, L_000001f67dfe04a0;  1 drivers
v000001f67df80050_0 .net *"_ivl_10", 0 0, L_000001f67dfe09e0;  1 drivers
v000001f67df7fdd0_0 .net *"_ivl_4", 0 0, L_000001f67dfe0ac0;  1 drivers
v000001f67df7e750_0 .net *"_ivl_6", 0 0, L_000001f67dfe0580;  1 drivers
v000001f67df7e390_0 .net *"_ivl_8", 0 0, L_000001f67dfe0970;  1 drivers
S_000001f67df7d630 .scope module, "FA16" "full_adder" 7 198, 8 1 0, S_000001f67df7c500;
 .timescale 0 0;
    .port_info 0 /INPUT 1 "A";
    .port_info 1 /INPUT 1 "B";
    .port_info 2 /INPUT 1 "Cin";
    .port_info 3 /OUTPUT 1 "Sum";
    .port_info 4 /OUTPUT 1 "Cout";
L_000001f67dfe0eb0 .functor XOR 1, L_000001f67df1cbb0, L_000001f67dfe0740, C4<0>, C4<0>;
L_000001f67dfe0f20 .functor XOR 1, L_000001f67dfe0eb0, L_000001f67dfe0b30, C4<0>, C4<0>;
L_000001f67dfe1e70 .functor AND 1, L_000001f67df1cbb0, L_000001f67dfe0740, C4<1>, C4<1>;
L_000001f67dfe26c0 .functor AND 1, L_000001f67df1cbb0, L_000001f67dfe0b30, C4<1>, C4<1>;
L_000001f67dfe2420 .functor OR 1, L_000001f67dfe1e70, L_000001f67dfe26c0, C4<0>, C4<0>;
L_000001f67dfe2e30 .functor AND 1, L_000001f67dfe0740, L_000001f67dfe0b30, C4<1>, C4<1>;
L_000001f67dfe3530 .functor OR 1, L_000001f67dfe2420, L_000001f67dfe2e30, C4<0>, C4<0>;
v000001f67df7f3d0_0 .net "A", 0 0, L_000001f67df1cbb0;  alias, 1 drivers
v000001f67df7f1f0_0 .net "B", 0 0, L_000001f67dfe0740;  alias, 1 drivers
v000001f67df7ef70_0 .net "Cin", 0 0, L_000001f67dfe0b30;  alias, 1 drivers
v000001f67df7de90_0 .net "Cout", 0 0, L_000001f67dfe3530;  alias, 1 drivers
v000001f67df7e430_0 .net "Sum", 0 0, L_000001f67dfe0f20;  alias, 1 drivers
v000001f67df7e7f0_0 .net *"_ivl_0", 0 0, L_000001f67dfe0eb0;  1 drivers
v000001f67df7ec50_0 .net *"_ivl_10", 0 0, L_000001f67dfe2e30;  1 drivers
v000001f67df7e610_0 .net *"_ivl_4", 0 0, L_000001f67dfe1e70;  1 drivers
v000001f67df7f5b0_0 .net *"_ivl_6", 0 0, L_000001f67dfe26c0;  1 drivers
v000001f67df7e110_0 .net *"_ivl_8", 0 0, L_000001f67dfe2420;  1 drivers
S_000001f67df7bba0 .scope module, "FA17" "full_adder" 7 207, 8 1 0, S_000001f67df7c500;
 .timescale 0 0;
    .port_info 0 /INPUT 1 "A";
    .port_info 1 /INPUT 1 "B";
    .port_info 2 /INPUT 1 "Cin";
    .port_info 3 /OUTPUT 1 "Sum";
    .port_info 4 /OUTPUT 1 "Cout";
L_000001f67dfe34c0 .functor XOR 1, L_000001f67df1cf30, L_000001f67dfe14d0, C4<0>, C4<0>;
L_000001f67dfe1a80 .functor XOR 1, L_000001f67dfe34c0, L_000001f67dfe3530, C4<0>, C4<0>;
L_000001f67dfe35a0 .functor AND 1, L_000001f67df1cf30, L_000001f67dfe14d0, C4<1>, C4<1>;
L_000001f67dfe1cb0 .functor AND 1, L_000001f67df1cf30, L_000001f67dfe3530, C4<1>, C4<1>;
L_000001f67dfe2b90 .functor OR 1, L_000001f67dfe35a0, L_000001f67dfe1cb0, C4<0>, C4<0>;
L_000001f67dfe2f10 .functor AND 1, L_000001f67dfe14d0, L_000001f67dfe3530, C4<1>, C4<1>;
L_000001f67dfe2f80 .functor OR 1, L_000001f67dfe2b90, L_000001f67dfe2f10, C4<0>, C4<0>;
v000001f67df7f290_0 .net "A", 0 0, L_000001f67df1cf30;  alias, 1 drivers
v000001f67df7e1b0_0 .net "B", 0 0, L_000001f67dfe14d0;  alias, 1 drivers
v000001f67df7e2f0_0 .net "Cin", 0 0, L_000001f67dfe3530;  alias, 1 drivers
v000001f67df7dd50_0 .net "Cout", 0 0, L_000001f67dfe2f80;  alias, 1 drivers
v000001f67df7e6b0_0 .net "Sum", 0 0, L_000001f67dfe1a80;  alias, 1 drivers
v000001f67df7f830_0 .net *"_ivl_0", 0 0, L_000001f67dfe34c0;  1 drivers
v000001f67df7f6f0_0 .net *"_ivl_10", 0 0, L_000001f67dfe2f10;  1 drivers
v000001f67df7fc90_0 .net *"_ivl_4", 0 0, L_000001f67dfe35a0;  1 drivers
v000001f67df7f8d0_0 .net *"_ivl_6", 0 0, L_000001f67dfe1cb0;  1 drivers
v000001f67df7ecf0_0 .net *"_ivl_8", 0 0, L_000001f67dfe2b90;  1 drivers
S_000001f67df7bd30 .scope module, "FA18" "full_adder" 7 216, 8 1 0, S_000001f67df7c500;
 .timescale 0 0;
    .port_info 0 /INPUT 1 "A";
    .port_info 1 /INPUT 1 "B";
    .port_info 2 /INPUT 1 "Cin";
    .port_info 3 /OUTPUT 1 "Sum";
    .port_info 4 /OUTPUT 1 "Cout";
L_000001f67dfe2ff0 .functor XOR 1, L_000001f67df1d080, L_000001f67dfe1770, C4<0>, C4<0>;
L_000001f67dfe2960 .functor XOR 1, L_000001f67dfe2ff0, L_000001f67dfe2f80, C4<0>, C4<0>;
L_000001f67dfe2110 .functor AND 1, L_000001f67df1d080, L_000001f67dfe1770, C4<1>, C4<1>;
L_000001f67dfe2490 .functor AND 1, L_000001f67df1d080, L_000001f67dfe2f80, C4<1>, C4<1>;
L_000001f67dfe1ee0 .functor OR 1, L_000001f67dfe2110, L_000001f67dfe2490, C4<0>, C4<0>;
L_000001f67dfe2a40 .functor AND 1, L_000001f67dfe1770, L_000001f67dfe2f80, C4<1>, C4<1>;
L_000001f67dfe22d0 .functor OR 1, L_000001f67dfe1ee0, L_000001f67dfe2a40, C4<0>, C4<0>;
v000001f67df7db70_0 .net "A", 0 0, L_000001f67df1d080;  alias, 1 drivers
v000001f67df7f0b0_0 .net "B", 0 0, L_000001f67dfe1770;  alias, 1 drivers
v000001f67df7ed90_0 .net "Cin", 0 0, L_000001f67dfe2f80;  alias, 1 drivers
v000001f67df80190_0 .net "Cout", 0 0, L_000001f67dfe22d0;  alias, 1 drivers
v000001f67df7dad0_0 .net "Sum", 0 0, L_000001f67dfe2960;  alias, 1 drivers
v000001f67df7dc10_0 .net *"_ivl_0", 0 0, L_000001f67dfe2ff0;  1 drivers
v000001f67df7f970_0 .net *"_ivl_10", 0 0, L_000001f67dfe2a40;  1 drivers
v000001f67df7ee30_0 .net *"_ivl_4", 0 0, L_000001f67dfe2110;  1 drivers
v000001f67df7eed0_0 .net *"_ivl_6", 0 0, L_000001f67dfe2490;  1 drivers
v000001f67df7f650_0 .net *"_ivl_8", 0 0, L_000001f67dfe1ee0;  1 drivers
S_000001f67df869d0 .scope module, "FA19" "full_adder" 7 225, 8 1 0, S_000001f67df7c500;
 .timescale 0 0;
    .port_info 0 /INPUT 1 "A";
    .port_info 1 /INPUT 1 "B";
    .port_info 2 /INPUT 1 "Cin";
    .port_info 3 /OUTPUT 1 "Sum";
    .port_info 4 /OUTPUT 1 "Cout";
L_000001f67dfe2180 .functor XOR 1, L_000001f67df19b90, L_000001f67dfe0900, C4<0>, C4<0>;
L_000001f67dfe2340 .functor XOR 1, L_000001f67dfe2180, L_000001f67dfe22d0, C4<0>, C4<0>;
L_000001f67dfe1b60 .functor AND 1, L_000001f67df19b90, L_000001f67dfe0900, C4<1>, C4<1>;
L_000001f67dfe2500 .functor AND 1, L_000001f67df19b90, L_000001f67dfe22d0, C4<1>, C4<1>;
L_000001f67dfe2570 .functor OR 1, L_000001f67dfe1b60, L_000001f67dfe2500, C4<0>, C4<0>;
L_000001f67dfe27a0 .functor AND 1, L_000001f67dfe0900, L_000001f67dfe22d0, C4<1>, C4<1>;
L_000001f67dfe29d0 .functor OR 1, L_000001f67dfe2570, L_000001f67dfe27a0, C4<0>, C4<0>;
v000001f67df7df30_0 .net "A", 0 0, L_000001f67df19b90;  alias, 1 drivers
v000001f67df7fa10_0 .net "B", 0 0, L_000001f67dfe0900;  alias, 1 drivers
v000001f67df7f330_0 .net "Cin", 0 0, L_000001f67dfe22d0;  alias, 1 drivers
v000001f67df7fab0_0 .net "Cout", 0 0, L_000001f67dfe29d0;  alias, 1 drivers
v000001f67df7fb50_0 .net "Sum", 0 0, L_000001f67dfe2340;  alias, 1 drivers
v000001f67df7fbf0_0 .net *"_ivl_0", 0 0, L_000001f67dfe2180;  1 drivers
v000001f67df7ff10_0 .net *"_ivl_10", 0 0, L_000001f67dfe27a0;  1 drivers
v000001f67df7ffb0_0 .net *"_ivl_4", 0 0, L_000001f67dfe1b60;  1 drivers
v000001f67df800f0_0 .net *"_ivl_6", 0 0, L_000001f67dfe2500;  1 drivers
v000001f67df80eb0_0 .net *"_ivl_8", 0 0, L_000001f67dfe2570;  1 drivers
S_000001f67df85a30 .scope module, "FA2" "full_adder" 7 48, 8 1 0, S_000001f67df7c500;
 .timescale 0 0;
    .port_info 0 /INPUT 1 "A";
    .port_info 1 /INPUT 1 "B";
    .port_info 2 /INPUT 1 "Cin";
    .port_info 3 /OUTPUT 1 "Sum";
    .port_info 4 /OUTPUT 1 "Cout";
L_000001f67df1ad10 .functor XOR 1, L_000001f67df1c830, L_000001f67df1b480, C4<0>, C4<0>;
L_000001f67df19d50 .functor XOR 1, L_000001f67df1ad10, L_000001f67df1ae60, C4<0>, C4<0>;
L_000001f67df19dc0 .functor AND 1, L_000001f67df1c830, L_000001f67df1b480, C4<1>, C4<1>;
L_000001f67df1a290 .functor AND 1, L_000001f67df1c830, L_000001f67df1ae60, C4<1>, C4<1>;
L_000001f67df19490 .functor OR 1, L_000001f67df19dc0, L_000001f67df1a290, C4<0>, C4<0>;
L_000001f67df19e30 .functor AND 1, L_000001f67df1b480, L_000001f67df1ae60, C4<1>, C4<1>;
L_000001f67df19500 .functor OR 1, L_000001f67df19490, L_000001f67df19e30, C4<0>, C4<0>;
v000001f67df81c70_0 .net "A", 0 0, L_000001f67df1c830;  alias, 1 drivers
v000001f67df80870_0 .net "B", 0 0, L_000001f67df1b480;  alias, 1 drivers
v000001f67df80730_0 .net "Cin", 0 0, L_000001f67df1ae60;  alias, 1 drivers
v000001f67df82670_0 .net "Cout", 0 0, L_000001f67df19500;  alias, 1 drivers
v000001f67df81770_0 .net "Sum", 0 0, L_000001f67df19d50;  alias, 1 drivers
v000001f67df82710_0 .net *"_ivl_0", 0 0, L_000001f67df1ad10;  1 drivers
v000001f67df80910_0 .net *"_ivl_10", 0 0, L_000001f67df19e30;  1 drivers
v000001f67df82530_0 .net *"_ivl_4", 0 0, L_000001f67df19dc0;  1 drivers
v000001f67df80f50_0 .net *"_ivl_6", 0 0, L_000001f67df1a290;  1 drivers
v000001f67df81a90_0 .net *"_ivl_8", 0 0, L_000001f67df19490;  1 drivers
S_000001f67df86390 .scope module, "FA20" "full_adder" 7 234, 8 1 0, S_000001f67df7c500;
 .timescale 0 0;
    .port_info 0 /INPUT 1 "A";
    .port_info 1 /INPUT 1 "B";
    .port_info 2 /INPUT 1 "Cin";
    .port_info 3 /OUTPUT 1 "Sum";
    .port_info 4 /OUTPUT 1 "Cout";
L_000001f67dfe23b0 .functor XOR 1, L_000001f67df1aed0, L_000001f67dfe1850, C4<0>, C4<0>;
L_000001f67dfe1af0 .functor XOR 1, L_000001f67dfe23b0, L_000001f67dfe29d0, C4<0>, C4<0>;
L_000001f67dfe1bd0 .functor AND 1, L_000001f67df1aed0, L_000001f67dfe1850, C4<1>, C4<1>;
L_000001f67dfe1f50 .functor AND 1, L_000001f67df1aed0, L_000001f67dfe29d0, C4<1>, C4<1>;
L_000001f67dfe1c40 .functor OR 1, L_000001f67dfe1bd0, L_000001f67dfe1f50, C4<0>, C4<0>;
L_000001f67dfe2ab0 .functor AND 1, L_000001f67dfe1850, L_000001f67dfe29d0, C4<1>, C4<1>;
L_000001f67dfe1fc0 .functor OR 1, L_000001f67dfe1c40, L_000001f67dfe2ab0, C4<0>, C4<0>;
v000001f67df811d0_0 .net "A", 0 0, L_000001f67df1aed0;  alias, 1 drivers
v000001f67df80b90_0 .net "B", 0 0, L_000001f67dfe1850;  alias, 1 drivers
v000001f67df81ef0_0 .net "Cin", 0 0, L_000001f67dfe29d0;  alias, 1 drivers
v000001f67df80a50_0 .net "Cout", 0 0, L_000001f67dfe1fc0;  alias, 1 drivers
v000001f67df80cd0_0 .net "Sum", 0 0, L_000001f67dfe1af0;  alias, 1 drivers
v000001f67df80d70_0 .net *"_ivl_0", 0 0, L_000001f67dfe23b0;  1 drivers
v000001f67df805f0_0 .net *"_ivl_10", 0 0, L_000001f67dfe2ab0;  1 drivers
v000001f67df813b0_0 .net *"_ivl_4", 0 0, L_000001f67dfe1bd0;  1 drivers
v000001f67df81450_0 .net *"_ivl_6", 0 0, L_000001f67dfe1f50;  1 drivers
v000001f67df82030_0 .net *"_ivl_8", 0 0, L_000001f67dfe1c40;  1 drivers
S_000001f67df86cf0 .scope module, "FA21" "full_adder" 7 251, 8 1 0, S_000001f67df7c500;
 .timescale 0 0;
    .port_info 0 /INPUT 1 "A";
    .port_info 1 /INPUT 1 "B";
    .port_info 2 /INPUT 1 "Cin";
    .port_info 3 /OUTPUT 1 "Sum";
    .port_info 4 /OUTPUT 1 "Cout";
L_000001f67dfe3220 .functor XOR 1, L_000001f67df1c9f0, L_000001f67dfe0510, C4<0>, C4<0>;
L_000001f67dfe21f0 .functor XOR 1, L_000001f67dfe3220, L_000001f67dfe3060, C4<0>, C4<0>;
L_000001f67dfe3140 .functor AND 1, L_000001f67df1c9f0, L_000001f67dfe0510, C4<1>, C4<1>;
L_000001f67dfe33e0 .functor AND 1, L_000001f67df1c9f0, L_000001f67dfe3060, C4<1>, C4<1>;
L_000001f67dfe3290 .functor OR 1, L_000001f67dfe3140, L_000001f67dfe33e0, C4<0>, C4<0>;
L_000001f67dfe1d20 .functor AND 1, L_000001f67dfe0510, L_000001f67dfe3060, C4<1>, C4<1>;
L_000001f67dfe2730 .functor OR 1, L_000001f67dfe3290, L_000001f67dfe1d20, C4<0>, C4<0>;
v000001f67df81950_0 .net "A", 0 0, L_000001f67df1c9f0;  alias, 1 drivers
v000001f67df81270_0 .net "B", 0 0, L_000001f67dfe0510;  alias, 1 drivers
v000001f67df807d0_0 .net "Cin", 0 0, L_000001f67dfe3060;  alias, 1 drivers
v000001f67df81bd0_0 .net "Cout", 0 0, L_000001f67dfe2730;  alias, 1 drivers
v000001f67df80230_0 .net "Sum", 0 0, L_000001f67dfe21f0;  alias, 1 drivers
v000001f67df81310_0 .net *"_ivl_0", 0 0, L_000001f67dfe3220;  1 drivers
v000001f67df825d0_0 .net *"_ivl_10", 0 0, L_000001f67dfe1d20;  1 drivers
v000001f67df81810_0 .net *"_ivl_4", 0 0, L_000001f67dfe3140;  1 drivers
v000001f67df814f0_0 .net *"_ivl_6", 0 0, L_000001f67dfe33e0;  1 drivers
v000001f67df80c30_0 .net *"_ivl_8", 0 0, L_000001f67dfe3290;  1 drivers
S_000001f67df85ee0 .scope module, "FA22" "full_adder" 7 260, 8 1 0, S_000001f67df7c500;
 .timescale 0 0;
    .port_info 0 /INPUT 1 "A";
    .port_info 1 /INPUT 1 "B";
    .port_info 2 /INPUT 1 "Cin";
    .port_info 3 /OUTPUT 1 "Sum";
    .port_info 4 /OUTPUT 1 "Cout";
L_000001f67dfe25e0 .functor XOR 1, L_000001f67df1b1e0, L_000001f67dfe0f20, C4<0>, C4<0>;
L_000001f67dfe2030 .functor XOR 1, L_000001f67dfe25e0, L_000001f67dfe2730, C4<0>, C4<0>;
L_000001f67dfe1d90 .functor AND 1, L_000001f67df1b1e0, L_000001f67dfe0f20, C4<1>, C4<1>;
L_000001f67dfe2b20 .functor AND 1, L_000001f67df1b1e0, L_000001f67dfe2730, C4<1>, C4<1>;
L_000001f67dfe2ea0 .functor OR 1, L_000001f67dfe1d90, L_000001f67dfe2b20, C4<0>, C4<0>;
L_000001f67dfe3300 .functor AND 1, L_000001f67dfe0f20, L_000001f67dfe2730, C4<1>, C4<1>;
L_000001f67dfe2650 .functor OR 1, L_000001f67dfe2ea0, L_000001f67dfe3300, C4<0>, C4<0>;
v000001f67df80af0_0 .net "A", 0 0, L_000001f67df1b1e0;  alias, 1 drivers
v000001f67df81d10_0 .net "B", 0 0, L_000001f67dfe0f20;  alias, 1 drivers
v000001f67df81130_0 .net "Cin", 0 0, L_000001f67dfe2730;  alias, 1 drivers
v000001f67df802d0_0 .net "Cout", 0 0, L_000001f67dfe2650;  alias, 1 drivers
v000001f67df804b0_0 .net "Sum", 0 0, L_000001f67dfe2030;  alias, 1 drivers
v000001f67df82850_0 .net *"_ivl_0", 0 0, L_000001f67dfe25e0;  1 drivers
v000001f67df827b0_0 .net *"_ivl_10", 0 0, L_000001f67dfe3300;  1 drivers
v000001f67df80ff0_0 .net *"_ivl_4", 0 0, L_000001f67dfe1d90;  1 drivers
v000001f67df81b30_0 .net *"_ivl_6", 0 0, L_000001f67dfe2b20;  1 drivers
v000001f67df81590_0 .net *"_ivl_8", 0 0, L_000001f67dfe2ea0;  1 drivers
S_000001f67df86b60 .scope module, "FA23" "full_adder" 7 269, 8 1 0, S_000001f67df7c500;
 .timescale 0 0;
    .port_info 0 /INPUT 1 "A";
    .port_info 1 /INPUT 1 "B";
    .port_info 2 /INPUT 1 "Cin";
    .port_info 3 /OUTPUT 1 "Sum";
    .port_info 4 /OUTPUT 1 "Cout";
L_000001f67dfe2810 .functor XOR 1, L_000001f67df1b170, L_000001f67dfe1a80, C4<0>, C4<0>;
L_000001f67dfe1e00 .functor XOR 1, L_000001f67dfe2810, L_000001f67dfe2650, C4<0>, C4<0>;
L_000001f67dfe2880 .functor AND 1, L_000001f67df1b170, L_000001f67dfe1a80, C4<1>, C4<1>;
L_000001f67dfe20a0 .functor AND 1, L_000001f67df1b170, L_000001f67dfe2650, C4<1>, C4<1>;
L_000001f67dfe28f0 .functor OR 1, L_000001f67dfe2880, L_000001f67dfe20a0, C4<0>, C4<0>;
L_000001f67dfe2260 .functor AND 1, L_000001f67dfe1a80, L_000001f67dfe2650, C4<1>, C4<1>;
L_000001f67dfe3450 .functor OR 1, L_000001f67dfe28f0, L_000001f67dfe2260, C4<0>, C4<0>;
v000001f67df819f0_0 .net "A", 0 0, L_000001f67df1b170;  alias, 1 drivers
v000001f67df818b0_0 .net "B", 0 0, L_000001f67dfe1a80;  alias, 1 drivers
v000001f67df80690_0 .net "Cin", 0 0, L_000001f67dfe2650;  alias, 1 drivers
v000001f67df80370_0 .net "Cout", 0 0, L_000001f67dfe3450;  alias, 1 drivers
v000001f67df81090_0 .net "Sum", 0 0, L_000001f67dfe1e00;  alias, 1 drivers
v000001f67df81630_0 .net *"_ivl_0", 0 0, L_000001f67dfe2810;  1 drivers
v000001f67df80e10_0 .net *"_ivl_10", 0 0, L_000001f67dfe2260;  1 drivers
v000001f67df81db0_0 .net *"_ivl_4", 0 0, L_000001f67dfe2880;  1 drivers
v000001f67df816d0_0 .net *"_ivl_6", 0 0, L_000001f67dfe20a0;  1 drivers
v000001f67df81e50_0 .net *"_ivl_8", 0 0, L_000001f67dfe28f0;  1 drivers
S_000001f67df87010 .scope module, "FA24" "full_adder" 7 278, 8 1 0, S_000001f67df7c500;
 .timescale 0 0;
    .port_info 0 /INPUT 1 "A";
    .port_info 1 /INPUT 1 "B";
    .port_info 2 /INPUT 1 "Cin";
    .port_info 3 /OUTPUT 1 "Sum";
    .port_info 4 /OUTPUT 1 "Cout";
L_000001f67dfe2c00 .functor XOR 1, L_000001f67df1d010, L_000001f67dfe2960, C4<0>, C4<0>;
L_000001f67dfe2c70 .functor XOR 1, L_000001f67dfe2c00, L_000001f67dfe3450, C4<0>, C4<0>;
L_000001f67dfe2ce0 .functor AND 1, L_000001f67df1d010, L_000001f67dfe2960, C4<1>, C4<1>;
L_000001f67dfe2d50 .functor AND 1, L_000001f67df1d010, L_000001f67dfe3450, C4<1>, C4<1>;
L_000001f67dfe31b0 .functor OR 1, L_000001f67dfe2ce0, L_000001f67dfe2d50, C4<0>, C4<0>;
L_000001f67dfe30d0 .functor AND 1, L_000001f67dfe2960, L_000001f67dfe3450, C4<1>, C4<1>;
L_000001f67dfe3370 .functor OR 1, L_000001f67dfe31b0, L_000001f67dfe30d0, C4<0>, C4<0>;
v000001f67df81f90_0 .net "A", 0 0, L_000001f67df1d010;  alias, 1 drivers
v000001f67df820d0_0 .net "B", 0 0, L_000001f67dfe2960;  alias, 1 drivers
v000001f67df809b0_0 .net "Cin", 0 0, L_000001f67dfe3450;  alias, 1 drivers
v000001f67df82170_0 .net "Cout", 0 0, L_000001f67dfe3370;  alias, 1 drivers
v000001f67df82210_0 .net "Sum", 0 0, L_000001f67dfe2c70;  alias, 1 drivers
v000001f67df822b0_0 .net *"_ivl_0", 0 0, L_000001f67dfe2c00;  1 drivers
v000001f67df828f0_0 .net *"_ivl_10", 0 0, L_000001f67dfe30d0;  1 drivers
v000001f67df82350_0 .net *"_ivl_4", 0 0, L_000001f67dfe2ce0;  1 drivers
v000001f67df823f0_0 .net *"_ivl_6", 0 0, L_000001f67dfe2d50;  1 drivers
v000001f67df82990_0 .net *"_ivl_8", 0 0, L_000001f67dfe31b0;  1 drivers
S_000001f67df866b0 .scope module, "FA25" "full_adder" 7 287, 8 1 0, S_000001f67df7c500;
 .timescale 0 0;
    .port_info 0 /INPUT 1 "A";
    .port_info 1 /INPUT 1 "B";
    .port_info 2 /INPUT 1 "Cin";
    .port_info 3 /OUTPUT 1 "Sum";
    .port_info 4 /OUTPUT 1 "Cout";
L_000001f67dfe2dc0 .functor XOR 1, L_000001f67df1d390, L_000001f67dfe2340, C4<0>, C4<0>;
L_000001f67dfe3ca0 .functor XOR 1, L_000001f67dfe2dc0, L_000001f67dfe3370, C4<0>, C4<0>;
L_000001f67dfe3760 .functor AND 1, L_000001f67df1d390, L_000001f67dfe2340, C4<1>, C4<1>;
L_000001f67dfe3d10 .functor AND 1, L_000001f67df1d390, L_000001f67dfe3370, C4<1>, C4<1>;
L_000001f67dfe38b0 .functor OR 1, L_000001f67dfe3760, L_000001f67dfe3d10, C4<0>, C4<0>;
L_000001f67dfe3a00 .functor AND 1, L_000001f67dfe2340, L_000001f67dfe3370, C4<1>, C4<1>;
L_000001f67dfe3920 .functor OR 1, L_000001f67dfe38b0, L_000001f67dfe3a00, C4<0>, C4<0>;
v000001f67df82490_0 .net "A", 0 0, L_000001f67df1d390;  alias, 1 drivers
v000001f67df80410_0 .net "B", 0 0, L_000001f67dfe2340;  alias, 1 drivers
v000001f67df80550_0 .net "Cin", 0 0, L_000001f67dfe3370;  alias, 1 drivers
v000001f67df82b70_0 .net "Cout", 0 0, L_000001f67dfe3920;  alias, 1 drivers
v000001f67df83890_0 .net "Sum", 0 0, L_000001f67dfe3ca0;  alias, 1 drivers
v000001f67df836b0_0 .net *"_ivl_0", 0 0, L_000001f67dfe2dc0;  1 drivers
v000001f67df83070_0 .net *"_ivl_10", 0 0, L_000001f67dfe3a00;  1 drivers
v000001f67df82ad0_0 .net *"_ivl_4", 0 0, L_000001f67dfe3760;  1 drivers
v000001f67df82c10_0 .net *"_ivl_6", 0 0, L_000001f67dfe3d10;  1 drivers
v000001f67df84470_0 .net *"_ivl_8", 0 0, L_000001f67dfe38b0;  1 drivers
S_000001f67df877e0 .scope module, "FA26" "full_adder" 7 296, 8 1 0, S_000001f67df7c500;
 .timescale 0 0;
    .port_info 0 /INPUT 1 "A";
    .port_info 1 /INPUT 1 "B";
    .port_info 2 /INPUT 1 "Cin";
    .port_info 3 /OUTPUT 1 "Sum";
    .port_info 4 /OUTPUT 1 "Cout";
L_000001f67dfe3b50 .functor XOR 1, L_000001f67df1af40, L_000001f67dfe1af0, C4<0>, C4<0>;
L_000001f67dfe36f0 .functor XOR 1, L_000001f67dfe3b50, L_000001f67dfe3920, C4<0>, C4<0>;
L_000001f67dfe3a70 .functor AND 1, L_000001f67df1af40, L_000001f67dfe1af0, C4<1>, C4<1>;
L_000001f67dfe3bc0 .functor AND 1, L_000001f67df1af40, L_000001f67dfe3920, C4<1>, C4<1>;
L_000001f67dfe3c30 .functor OR 1, L_000001f67dfe3a70, L_000001f67dfe3bc0, C4<0>, C4<0>;
L_000001f67dfe37d0 .functor AND 1, L_000001f67dfe1af0, L_000001f67dfe3920, C4<1>, C4<1>;
L_000001f67dfe3840 .functor OR 1, L_000001f67dfe3c30, L_000001f67dfe37d0, C4<0>, C4<0>;
v000001f67df83110_0 .net "A", 0 0, L_000001f67df1af40;  alias, 1 drivers
v000001f67df83750_0 .net "B", 0 0, L_000001f67dfe1af0;  alias, 1 drivers
v000001f67df83cf0_0 .net "Cin", 0 0, L_000001f67dfe3920;  alias, 1 drivers
v000001f67df84fb0_0 .net "Cout", 0 0, L_000001f67dfe3840;  alias, 1 drivers
v000001f67df846f0_0 .net "Sum", 0 0, L_000001f67dfe36f0;  alias, 1 drivers
v000001f67df84290_0 .net *"_ivl_0", 0 0, L_000001f67dfe3b50;  1 drivers
v000001f67df84bf0_0 .net *"_ivl_10", 0 0, L_000001f67dfe37d0;  1 drivers
v000001f67df837f0_0 .net *"_ivl_4", 0 0, L_000001f67dfe3a70;  1 drivers
v000001f67df834d0_0 .net *"_ivl_6", 0 0, L_000001f67dfe3bc0;  1 drivers
v000001f67df839d0_0 .net *"_ivl_8", 0 0, L_000001f67dfe3c30;  1 drivers
S_000001f67df86200 .scope module, "FA27" "full_adder" 7 305, 8 1 0, S_000001f67df7c500;
 .timescale 0 0;
    .port_info 0 /INPUT 1 "A";
    .port_info 1 /INPUT 1 "B";
    .port_info 2 /INPUT 1 "Cin";
    .port_info 3 /OUTPUT 1 "Sum";
    .port_info 4 /OUTPUT 1 "Cout";
L_000001f67dfe3ae0 .functor XOR 1, L_000001f67df1b020, L_000001f67dfe1fc0, C4<0>, C4<0>;
L_000001f67dfe3990 .functor XOR 1, L_000001f67dfe3ae0, L_000001f67dfe3840, C4<0>, C4<0>;
L_000001f67dfe3d80 .functor AND 1, L_000001f67df1b020, L_000001f67dfe1fc0, C4<1>, C4<1>;
L_000001f67dfe3680 .functor AND 1, L_000001f67df1b020, L_000001f67dfe3840, C4<1>, C4<1>;
L_000001f67dfe91e0 .functor OR 1, L_000001f67dfe3d80, L_000001f67dfe3680, C4<0>, C4<0>;
L_000001f67dfe8060 .functor AND 1, L_000001f67dfe1fc0, L_000001f67dfe3840, C4<1>, C4<1>;
L_000001f67dfe8c30 .functor OR 1, L_000001f67dfe91e0, L_000001f67dfe8060, C4<0>, C4<0>;
v000001f67df83610_0 .net "A", 0 0, L_000001f67df1b020;  alias, 1 drivers
v000001f67df85050_0 .net "B", 0 0, L_000001f67dfe1fc0;  alias, 1 drivers
v000001f67df82cb0_0 .net "Cin", 0 0, L_000001f67dfe3840;  alias, 1 drivers
v000001f67df84b50_0 .net "Cout", 0 0, L_000001f67dfe8c30;  alias, 1 drivers
v000001f67df82fd0_0 .net "Sum", 0 0, L_000001f67dfe3990;  alias, 1 drivers
v000001f67df84830_0 .net *"_ivl_0", 0 0, L_000001f67dfe3ae0;  1 drivers
v000001f67df83250_0 .net *"_ivl_10", 0 0, L_000001f67dfe8060;  1 drivers
v000001f67df848d0_0 .net *"_ivl_4", 0 0, L_000001f67dfe3d80;  1 drivers
v000001f67df84010_0 .net *"_ivl_6", 0 0, L_000001f67dfe3680;  1 drivers
v000001f67df84150_0 .net *"_ivl_8", 0 0, L_000001f67dfe91e0;  1 drivers
S_000001f67df871a0 .scope module, "FA28" "full_adder" 7 322, 8 1 0, S_000001f67df7c500;
 .timescale 0 0;
    .port_info 0 /INPUT 1 "A";
    .port_info 1 /INPUT 1 "B";
    .port_info 2 /INPUT 1 "Cin";
    .port_info 3 /OUTPUT 1 "Sum";
    .port_info 4 /OUTPUT 1 "Cout";
L_000001f67dfe8ca0 .functor XOR 1, L_000001f67df1cb40, L_000001f67dfe2030, C4<0>, C4<0>;
L_000001f67dfe9790 .functor XOR 1, L_000001f67dfe8ca0, L_000001f67dfe9800, C4<0>, C4<0>;
L_000001f67dfe9560 .functor AND 1, L_000001f67df1cb40, L_000001f67dfe2030, C4<1>, C4<1>;
L_000001f67dfe8bc0 .functor AND 1, L_000001f67df1cb40, L_000001f67dfe9800, C4<1>, C4<1>;
L_000001f67dfe8840 .functor OR 1, L_000001f67dfe9560, L_000001f67dfe8bc0, C4<0>, C4<0>;
L_000001f67dfe9090 .functor AND 1, L_000001f67dfe2030, L_000001f67dfe9800, C4<1>, C4<1>;
L_000001f67dfe9720 .functor OR 1, L_000001f67dfe8840, L_000001f67dfe9090, C4<0>, C4<0>;
v000001f67df83430_0 .net "A", 0 0, L_000001f67df1cb40;  alias, 1 drivers
v000001f67df82d50_0 .net "B", 0 0, L_000001f67dfe2030;  alias, 1 drivers
v000001f67df84790_0 .net "Cin", 0 0, L_000001f67dfe9800;  alias, 1 drivers
v000001f67df831b0_0 .net "Cout", 0 0, L_000001f67dfe9720;  alias, 1 drivers
v000001f67df83930_0 .net "Sum", 0 0, L_000001f67dfe9790;  alias, 1 drivers
v000001f67df83390_0 .net *"_ivl_0", 0 0, L_000001f67dfe8ca0;  1 drivers
v000001f67df832f0_0 .net *"_ivl_10", 0 0, L_000001f67dfe9090;  1 drivers
v000001f67df82e90_0 .net *"_ivl_4", 0 0, L_000001f67dfe9560;  1 drivers
v000001f67df82f30_0 .net *"_ivl_6", 0 0, L_000001f67dfe8bc0;  1 drivers
v000001f67df83570_0 .net *"_ivl_8", 0 0, L_000001f67dfe8840;  1 drivers
S_000001f67df85bc0 .scope module, "FA29" "full_adder" 7 331, 8 1 0, S_000001f67df7c500;
 .timescale 0 0;
    .port_info 0 /INPUT 1 "A";
    .port_info 1 /INPUT 1 "B";
    .port_info 2 /INPUT 1 "Cin";
    .port_info 3 /OUTPUT 1 "Sum";
    .port_info 4 /OUTPUT 1 "Cout";
L_000001f67dfe8140 .functor XOR 1, L_000001f67df1c980, L_000001f67dfe1e00, C4<0>, C4<0>;
L_000001f67dfe8760 .functor XOR 1, L_000001f67dfe8140, L_000001f67dfe9720, C4<0>, C4<0>;
L_000001f67dfe86f0 .functor AND 1, L_000001f67df1c980, L_000001f67dfe1e00, C4<1>, C4<1>;
L_000001f67dfe8df0 .functor AND 1, L_000001f67df1c980, L_000001f67dfe9720, C4<1>, C4<1>;
L_000001f67dfe87d0 .functor OR 1, L_000001f67dfe86f0, L_000001f67dfe8df0, C4<0>, C4<0>;
L_000001f67dfe88b0 .functor AND 1, L_000001f67dfe1e00, L_000001f67dfe9720, C4<1>, C4<1>;
L_000001f67dfe9170 .functor OR 1, L_000001f67dfe87d0, L_000001f67dfe88b0, C4<0>, C4<0>;
v000001f67df83e30_0 .net "A", 0 0, L_000001f67df1c980;  alias, 1 drivers
v000001f67df83a70_0 .net "B", 0 0, L_000001f67dfe1e00;  alias, 1 drivers
v000001f67df82df0_0 .net "Cin", 0 0, L_000001f67dfe9720;  alias, 1 drivers
v000001f67df84ab0_0 .net "Cout", 0 0, L_000001f67dfe9170;  alias, 1 drivers
v000001f67df83b10_0 .net "Sum", 0 0, L_000001f67dfe8760;  alias, 1 drivers
v000001f67df83bb0_0 .net *"_ivl_0", 0 0, L_000001f67dfe8140;  1 drivers
v000001f67df84970_0 .net *"_ivl_10", 0 0, L_000001f67dfe88b0;  1 drivers
v000001f67df84a10_0 .net *"_ivl_4", 0 0, L_000001f67dfe86f0;  1 drivers
v000001f67df83ed0_0 .net *"_ivl_6", 0 0, L_000001f67dfe8df0;  1 drivers
v000001f67df841f0_0 .net *"_ivl_8", 0 0, L_000001f67dfe87d0;  1 drivers
S_000001f67df85d50 .scope module, "FA3" "full_adder" 7 57, 8 1 0, S_000001f67df7c500;
 .timescale 0 0;
    .port_info 0 /INPUT 1 "A";
    .port_info 1 /INPUT 1 "B";
    .port_info 2 /INPUT 1 "Cin";
    .port_info 3 /OUTPUT 1 "Sum";
    .port_info 4 /OUTPUT 1 "Cout";
L_000001f67df19570 .functor XOR 1, L_000001f67df1b8e0, L_000001f67df1cd00, C4<0>, C4<0>;
L_000001f67df1a6f0 .functor XOR 1, L_000001f67df19570, L_000001f67df19500, C4<0>, C4<0>;
L_000001f67df19ff0 .functor AND 1, L_000001f67df1b8e0, L_000001f67df1cd00, C4<1>, C4<1>;
L_000001f67df1a760 .functor AND 1, L_000001f67df1b8e0, L_000001f67df19500, C4<1>, C4<1>;
L_000001f67df19960 .functor OR 1, L_000001f67df19ff0, L_000001f67df1a760, C4<0>, C4<0>;
L_000001f67df19ea0 .functor AND 1, L_000001f67df1cd00, L_000001f67df19500, C4<1>, C4<1>;
L_000001f67df19c70 .functor OR 1, L_000001f67df19960, L_000001f67df19ea0, C4<0>, C4<0>;
v000001f67df83c50_0 .net "A", 0 0, L_000001f67df1b8e0;  alias, 1 drivers
v000001f67df83d90_0 .net "B", 0 0, L_000001f67df1cd00;  alias, 1 drivers
v000001f67df83f70_0 .net "Cin", 0 0, L_000001f67df19500;  alias, 1 drivers
v000001f67df840b0_0 .net "Cout", 0 0, L_000001f67df19c70;  alias, 1 drivers
v000001f67df84330_0 .net "Sum", 0 0, L_000001f67df1a6f0;  alias, 1 drivers
v000001f67df843d0_0 .net *"_ivl_0", 0 0, L_000001f67df19570;  1 drivers
v000001f67df84510_0 .net *"_ivl_10", 0 0, L_000001f67df19ea0;  1 drivers
v000001f67df845b0_0 .net *"_ivl_4", 0 0, L_000001f67df19ff0;  1 drivers
v000001f67df84650_0 .net *"_ivl_6", 0 0, L_000001f67df1a760;  1 drivers
v000001f67df84c90_0 .net *"_ivl_8", 0 0, L_000001f67df19960;  1 drivers
S_000001f67df86e80 .scope module, "FA30" "full_adder" 7 340, 8 1 0, S_000001f67df7c500;
 .timescale 0 0;
    .port_info 0 /INPUT 1 "A";
    .port_info 1 /INPUT 1 "B";
    .port_info 2 /INPUT 1 "Cin";
    .port_info 3 /OUTPUT 1 "Sum";
    .port_info 4 /OUTPUT 1 "Cout";
L_000001f67dfe98e0 .functor XOR 1, L_000001f67df1cc90, L_000001f67dfe2c70, C4<0>, C4<0>;
L_000001f67dfe9480 .functor XOR 1, L_000001f67dfe98e0, L_000001f67dfe9170, C4<0>, C4<0>;
L_000001f67dfe93a0 .functor AND 1, L_000001f67df1cc90, L_000001f67dfe2c70, C4<1>, C4<1>;
L_000001f67dfe9a30 .functor AND 1, L_000001f67df1cc90, L_000001f67dfe9170, C4<1>, C4<1>;
L_000001f67dfe9410 .functor OR 1, L_000001f67dfe93a0, L_000001f67dfe9a30, C4<0>, C4<0>;
L_000001f67dfe8920 .functor AND 1, L_000001f67dfe2c70, L_000001f67dfe9170, C4<1>, C4<1>;
L_000001f67dfe8990 .functor OR 1, L_000001f67dfe9410, L_000001f67dfe8920, C4<0>, C4<0>;
v000001f67df84d30_0 .net "A", 0 0, L_000001f67df1cc90;  alias, 1 drivers
v000001f67df84dd0_0 .net "B", 0 0, L_000001f67dfe2c70;  alias, 1 drivers
v000001f67df84e70_0 .net "Cin", 0 0, L_000001f67dfe9170;  alias, 1 drivers
v000001f67df84f10_0 .net "Cout", 0 0, L_000001f67dfe8990;  alias, 1 drivers
v000001f67df850f0_0 .net "Sum", 0 0, L_000001f67dfe9480;  alias, 1 drivers
v000001f67df85190_0 .net *"_ivl_0", 0 0, L_000001f67dfe98e0;  1 drivers
v000001f67df82a30_0 .net *"_ivl_10", 0 0, L_000001f67dfe8920;  1 drivers
v000001f67df85230_0 .net *"_ivl_4", 0 0, L_000001f67dfe93a0;  1 drivers
v000001f67df85690_0 .net *"_ivl_6", 0 0, L_000001f67dfe9a30;  1 drivers
v000001f67df85370_0 .net *"_ivl_8", 0 0, L_000001f67dfe9410;  1 drivers
S_000001f67df86070 .scope module, "FA31" "full_adder" 7 349, 8 1 0, S_000001f67df7c500;
 .timescale 0 0;
    .port_info 0 /INPUT 1 "A";
    .port_info 1 /INPUT 1 "B";
    .port_info 2 /INPUT 1 "Cin";
    .port_info 3 /OUTPUT 1 "Sum";
    .port_info 4 /OUTPUT 1 "Cout";
L_000001f67dfe9020 .functor XOR 1, L_000001f67df1d1d0, L_000001f67dfe3ca0, C4<0>, C4<0>;
L_000001f67dfe8e60 .functor XOR 1, L_000001f67dfe9020, L_000001f67dfe8990, C4<0>, C4<0>;
L_000001f67dfe8a00 .functor AND 1, L_000001f67df1d1d0, L_000001f67dfe3ca0, C4<1>, C4<1>;
L_000001f67dfe7f10 .functor AND 1, L_000001f67df1d1d0, L_000001f67dfe8990, C4<1>, C4<1>;
L_000001f67dfe85a0 .functor OR 1, L_000001f67dfe8a00, L_000001f67dfe7f10, C4<0>, C4<0>;
L_000001f67dfe8300 .functor AND 1, L_000001f67dfe3ca0, L_000001f67dfe8990, C4<1>, C4<1>;
L_000001f67dfe7ea0 .functor OR 1, L_000001f67dfe85a0, L_000001f67dfe8300, C4<0>, C4<0>;
v000001f67df855f0_0 .net "A", 0 0, L_000001f67df1d1d0;  alias, 1 drivers
v000001f67df85550_0 .net "B", 0 0, L_000001f67dfe3ca0;  alias, 1 drivers
v000001f67df85910_0 .net "Cin", 0 0, L_000001f67dfe8990;  alias, 1 drivers
v000001f67df85730_0 .net "Cout", 0 0, L_000001f67dfe7ea0;  alias, 1 drivers
v000001f67df85410_0 .net "Sum", 0 0, L_000001f67dfe8e60;  alias, 1 drivers
v000001f67df854b0_0 .net *"_ivl_0", 0 0, L_000001f67dfe9020;  1 drivers
v000001f67df857d0_0 .net *"_ivl_10", 0 0, L_000001f67dfe8300;  1 drivers
v000001f67df852d0_0 .net *"_ivl_4", 0 0, L_000001f67dfe8a00;  1 drivers
v000001f67df85870_0 .net *"_ivl_6", 0 0, L_000001f67dfe7f10;  1 drivers
v000001f67df8cf50_0 .net *"_ivl_8", 0 0, L_000001f67dfe85a0;  1 drivers
S_000001f67df87330 .scope module, "FA32" "full_adder" 7 358, 8 1 0, S_000001f67df7c500;
 .timescale 0 0;
    .port_info 0 /INPUT 1 "A";
    .port_info 1 /INPUT 1 "B";
    .port_info 2 /INPUT 1 "Cin";
    .port_info 3 /OUTPUT 1 "Sum";
    .port_info 4 /OUTPUT 1 "Cout";
L_000001f67dfe8f40 .functor XOR 1, L_000001f67df1d0f0, L_000001f67dfe36f0, C4<0>, C4<0>;
L_000001f67dfe8370 .functor XOR 1, L_000001f67dfe8f40, L_000001f67dfe7ea0, C4<0>, C4<0>;
L_000001f67dfe9950 .functor AND 1, L_000001f67df1d0f0, L_000001f67dfe36f0, C4<1>, C4<1>;
L_000001f67dfe94f0 .functor AND 1, L_000001f67df1d0f0, L_000001f67dfe7ea0, C4<1>, C4<1>;
L_000001f67dfe9640 .functor OR 1, L_000001f67dfe9950, L_000001f67dfe94f0, C4<0>, C4<0>;
L_000001f67dfe8a70 .functor AND 1, L_000001f67dfe36f0, L_000001f67dfe7ea0, C4<1>, C4<1>;
L_000001f67dfe95d0 .functor OR 1, L_000001f67dfe9640, L_000001f67dfe8a70, C4<0>, C4<0>;
v000001f67df8d3b0_0 .net "A", 0 0, L_000001f67df1d0f0;  alias, 1 drivers
v000001f67df8e710_0 .net "B", 0 0, L_000001f67dfe36f0;  alias, 1 drivers
v000001f67df8d270_0 .net "Cin", 0 0, L_000001f67dfe7ea0;  alias, 1 drivers
v000001f67df8d4f0_0 .net "Cout", 0 0, L_000001f67dfe95d0;  alias, 1 drivers
v000001f67df8d590_0 .net "Sum", 0 0, L_000001f67dfe8370;  alias, 1 drivers
v000001f67df8ce10_0 .net *"_ivl_0", 0 0, L_000001f67dfe8f40;  1 drivers
v000001f67df8dbd0_0 .net *"_ivl_10", 0 0, L_000001f67dfe8a70;  1 drivers
v000001f67df8dc70_0 .net *"_ivl_4", 0 0, L_000001f67dfe9950;  1 drivers
v000001f67df8db30_0 .net *"_ivl_6", 0 0, L_000001f67dfe94f0;  1 drivers
v000001f67df8d310_0 .net *"_ivl_8", 0 0, L_000001f67dfe9640;  1 drivers
S_000001f67df874c0 .scope module, "FA33" "full_adder" 7 367, 8 1 0, S_000001f67df7c500;
 .timescale 0 0;
    .port_info 0 /INPUT 1 "A";
    .port_info 1 /INPUT 1 "B";
    .port_info 2 /INPUT 1 "Cin";
    .port_info 3 /OUTPUT 1 "Sum";
    .port_info 4 /OUTPUT 1 "Cout";
L_000001f67dfe9870 .functor XOR 1, L_000001f67df19880, L_000001f67dfe3990, C4<0>, C4<0>;
L_000001f67dfe8610 .functor XOR 1, L_000001f67dfe9870, L_000001f67dfe95d0, C4<0>, C4<0>;
L_000001f67dfe99c0 .functor AND 1, L_000001f67df19880, L_000001f67dfe3990, C4<1>, C4<1>;
L_000001f67dfe7f80 .functor AND 1, L_000001f67df19880, L_000001f67dfe95d0, C4<1>, C4<1>;
L_000001f67dfe8ae0 .functor OR 1, L_000001f67dfe99c0, L_000001f67dfe7f80, C4<0>, C4<0>;
L_000001f67dfe96b0 .functor AND 1, L_000001f67dfe3990, L_000001f67dfe95d0, C4<1>, C4<1>;
L_000001f67dfe9250 .functor OR 1, L_000001f67dfe8ae0, L_000001f67dfe96b0, C4<0>, C4<0>;
v000001f67df8d9f0_0 .net "A", 0 0, L_000001f67df19880;  alias, 1 drivers
v000001f67df8cff0_0 .net "B", 0 0, L_000001f67dfe3990;  alias, 1 drivers
v000001f67df8e3f0_0 .net "Cin", 0 0, L_000001f67dfe95d0;  alias, 1 drivers
v000001f67df8e7b0_0 .net "Cout", 0 0, L_000001f67dfe9250;  alias, 1 drivers
v000001f67df8da90_0 .net "Sum", 0 0, L_000001f67dfe8610;  alias, 1 drivers
v000001f67df8ed50_0 .net *"_ivl_0", 0 0, L_000001f67dfe9870;  1 drivers
v000001f67df8e030_0 .net *"_ivl_10", 0 0, L_000001f67dfe96b0;  1 drivers
v000001f67df8dd10_0 .net *"_ivl_4", 0 0, L_000001f67dfe99c0;  1 drivers
v000001f67df8f110_0 .net *"_ivl_6", 0 0, L_000001f67dfe7f80;  1 drivers
v000001f67df8d1d0_0 .net *"_ivl_8", 0 0, L_000001f67dfe8ae0;  1 drivers
S_000001f67df86520 .scope module, "FA34" "full_adder" 7 376, 8 1 0, S_000001f67df7c500;
 .timescale 0 0;
    .port_info 0 /INPUT 1 "A";
    .port_info 1 /INPUT 1 "B";
    .port_info 2 /INPUT 1 "Cin";
    .port_info 3 /OUTPUT 1 "Sum";
    .port_info 4 /OUTPUT 1 "Cout";
L_000001f67dfe7ff0 .functor XOR 1, L_000001f67df19b20, L_000001f67dfe8c30, C4<0>, C4<0>;
L_000001f67dfe8d10 .functor XOR 1, L_000001f67dfe7ff0, L_000001f67dfe9250, C4<0>, C4<0>;
L_000001f67dfe8b50 .functor AND 1, L_000001f67df19b20, L_000001f67dfe8c30, C4<1>, C4<1>;
L_000001f67dfe92c0 .functor AND 1, L_000001f67df19b20, L_000001f67dfe9250, C4<1>, C4<1>;
L_000001f67dfe80d0 .functor OR 1, L_000001f67dfe8b50, L_000001f67dfe92c0, C4<0>, C4<0>;
L_000001f67dfe8d80 .functor AND 1, L_000001f67dfe8c30, L_000001f67dfe9250, C4<1>, C4<1>;
L_000001f67dfe81b0 .functor OR 1, L_000001f67dfe80d0, L_000001f67dfe8d80, C4<0>, C4<0>;
v000001f67df8e490_0 .net "A", 0 0, L_000001f67df19b20;  alias, 1 drivers
v000001f67df8d950_0 .net "B", 0 0, L_000001f67dfe8c30;  alias, 1 drivers
v000001f67df8ca50_0 .net "Cin", 0 0, L_000001f67dfe9250;  alias, 1 drivers
v000001f67df8ddb0_0 .net "Cout", 0 0, L_000001f67dfe81b0;  alias, 1 drivers
v000001f67df8f070_0 .net "Sum", 0 0, L_000001f67dfe8d10;  alias, 1 drivers
v000001f67df8edf0_0 .net *"_ivl_0", 0 0, L_000001f67dfe7ff0;  1 drivers
v000001f67df8d770_0 .net *"_ivl_10", 0 0, L_000001f67dfe8d80;  1 drivers
v000001f67df8e2b0_0 .net *"_ivl_4", 0 0, L_000001f67dfe8b50;  1 drivers
v000001f67df8e990_0 .net *"_ivl_6", 0 0, L_000001f67dfe92c0;  1 drivers
v000001f67df8e8f0_0 .net *"_ivl_8", 0 0, L_000001f67dfe80d0;  1 drivers
S_000001f67df87650 .scope module, "FA35" "full_adder" 7 393, 8 1 0, S_000001f67df7c500;
 .timescale 0 0;
    .port_info 0 /INPUT 1 "A";
    .port_info 1 /INPUT 1 "B";
    .port_info 2 /INPUT 1 "Cin";
    .port_info 3 /OUTPUT 1 "Sum";
    .port_info 4 /OUTPUT 1 "Cout";
L_000001f67dfe8220 .functor XOR 1, L_000001f67df1c130, L_000001f67dfe8760, C4<0>, C4<0>;
L_000001f67dfe9330 .functor XOR 1, L_000001f67dfe8220, L_000001f67dfe8ed0, C4<0>, C4<0>;
L_000001f67dfe8450 .functor AND 1, L_000001f67df1c130, L_000001f67dfe8760, C4<1>, C4<1>;
L_000001f67dfe8fb0 .functor AND 1, L_000001f67df1c130, L_000001f67dfe8ed0, C4<1>, C4<1>;
L_000001f67dfe83e0 .functor OR 1, L_000001f67dfe8450, L_000001f67dfe8fb0, C4<0>, C4<0>;
L_000001f67dfe8290 .functor AND 1, L_000001f67dfe8760, L_000001f67dfe8ed0, C4<1>, C4<1>;
L_000001f67dfe84c0 .functor OR 1, L_000001f67dfe83e0, L_000001f67dfe8290, C4<0>, C4<0>;
v000001f67df8df90_0 .net "A", 0 0, L_000001f67df1c130;  alias, 1 drivers
v000001f67df8ceb0_0 .net "B", 0 0, L_000001f67dfe8760;  alias, 1 drivers
v000001f67df8caf0_0 .net "Cin", 0 0, L_000001f67dfe8ed0;  alias, 1 drivers
v000001f67df8de50_0 .net "Cout", 0 0, L_000001f67dfe84c0;  alias, 1 drivers
v000001f67df8def0_0 .net "Sum", 0 0, L_000001f67dfe9330;  alias, 1 drivers
v000001f67df8cb90_0 .net *"_ivl_0", 0 0, L_000001f67dfe8220;  1 drivers
v000001f67df8cc30_0 .net *"_ivl_10", 0 0, L_000001f67dfe8290;  1 drivers
v000001f67df8d130_0 .net *"_ivl_4", 0 0, L_000001f67dfe8450;  1 drivers
v000001f67df8d630_0 .net *"_ivl_6", 0 0, L_000001f67dfe8fb0;  1 drivers
v000001f67df8d8b0_0 .net *"_ivl_8", 0 0, L_000001f67dfe83e0;  1 drivers
S_000001f67df86840 .scope module, "FA36" "full_adder" 7 402, 8 1 0, S_000001f67df7c500;
 .timescale 0 0;
    .port_info 0 /INPUT 1 "A";
    .port_info 1 /INPUT 1 "B";
    .port_info 2 /INPUT 1 "Cin";
    .port_info 3 /OUTPUT 1 "Sum";
    .port_info 4 /OUTPUT 1 "Cout";
L_000001f67dfe8530 .functor XOR 1, L_000001f67df1c910, L_000001f67dfe9480, C4<0>, C4<0>;
L_000001f67dfea210 .functor XOR 1, L_000001f67dfe8530, L_000001f67dfe84c0, C4<0>, C4<0>;
L_000001f67dfeb2b0 .functor AND 1, L_000001f67df1c910, L_000001f67dfe9480, C4<1>, C4<1>;
L_000001f67dfead70 .functor AND 1, L_000001f67df1c910, L_000001f67dfe84c0, C4<1>, C4<1>;
L_000001f67dfe9bf0 .functor OR 1, L_000001f67dfeb2b0, L_000001f67dfead70, C4<0>, C4<0>;
L_000001f67dfea3d0 .functor AND 1, L_000001f67dfe9480, L_000001f67dfe84c0, C4<1>, C4<1>;
L_000001f67dfeaf30 .functor OR 1, L_000001f67dfe9bf0, L_000001f67dfea3d0, C4<0>, C4<0>;
v000001f67df8d810_0 .net "A", 0 0, L_000001f67df1c910;  alias, 1 drivers
v000001f67df8ccd0_0 .net "B", 0 0, L_000001f67dfe9480;  alias, 1 drivers
v000001f67df8d6d0_0 .net "Cin", 0 0, L_000001f67dfe84c0;  alias, 1 drivers
v000001f67df8efd0_0 .net "Cout", 0 0, L_000001f67dfeaf30;  alias, 1 drivers
v000001f67df8d450_0 .net "Sum", 0 0, L_000001f67dfea210;  alias, 1 drivers
v000001f67df8e530_0 .net *"_ivl_0", 0 0, L_000001f67dfe8530;  1 drivers
v000001f67df8e0d0_0 .net *"_ivl_10", 0 0, L_000001f67dfea3d0;  1 drivers
v000001f67df8cd70_0 .net *"_ivl_4", 0 0, L_000001f67dfeb2b0;  1 drivers
v000001f67df8e170_0 .net *"_ivl_6", 0 0, L_000001f67dfead70;  1 drivers
v000001f67df8e210_0 .net *"_ivl_8", 0 0, L_000001f67dfe9bf0;  1 drivers
S_000001f67df954f0 .scope module, "FA37" "full_adder" 7 411, 8 1 0, S_000001f67df7c500;
 .timescale 0 0;
    .port_info 0 /INPUT 1 "A";
    .port_info 1 /INPUT 1 "B";
    .port_info 2 /INPUT 1 "Cin";
    .port_info 3 /OUTPUT 1 "Sum";
    .port_info 4 /OUTPUT 1 "Cout";
L_000001f67dfeb5c0 .functor XOR 1, L_000001f67df1cd70, L_000001f67dfe8e60, C4<0>, C4<0>;
L_000001f67dfe9fe0 .functor XOR 1, L_000001f67dfeb5c0, L_000001f67dfeaf30, C4<0>, C4<0>;
L_000001f67dfeaec0 .functor AND 1, L_000001f67df1cd70, L_000001f67dfe8e60, C4<1>, C4<1>;
L_000001f67dfeac90 .functor AND 1, L_000001f67df1cd70, L_000001f67dfeaf30, C4<1>, C4<1>;
L_000001f67dfea1a0 .functor OR 1, L_000001f67dfeaec0, L_000001f67dfeac90, C4<0>, C4<0>;
L_000001f67dfea4b0 .functor AND 1, L_000001f67dfe8e60, L_000001f67dfeaf30, C4<1>, C4<1>;
L_000001f67dfeb550 .functor OR 1, L_000001f67dfea1a0, L_000001f67dfea4b0, C4<0>, C4<0>;
v000001f67df8eb70_0 .net "A", 0 0, L_000001f67df1cd70;  alias, 1 drivers
v000001f67df8e850_0 .net "B", 0 0, L_000001f67dfe8e60;  alias, 1 drivers
v000001f67df8e350_0 .net "Cin", 0 0, L_000001f67dfeaf30;  alias, 1 drivers
v000001f67df8d090_0 .net "Cout", 0 0, L_000001f67dfeb550;  alias, 1 drivers
v000001f67df8ee90_0 .net "Sum", 0 0, L_000001f67dfe9fe0;  alias, 1 drivers
v000001f67df8ef30_0 .net *"_ivl_0", 0 0, L_000001f67dfeb5c0;  1 drivers
v000001f67df8e5d0_0 .net *"_ivl_10", 0 0, L_000001f67dfea4b0;  1 drivers
v000001f67df8ec10_0 .net *"_ivl_4", 0 0, L_000001f67dfeaec0;  1 drivers
v000001f67df8e670_0 .net *"_ivl_6", 0 0, L_000001f67dfeac90;  1 drivers
v000001f67df8ea30_0 .net *"_ivl_8", 0 0, L_000001f67dfea1a0;  1 drivers
S_000001f67df94b90 .scope module, "FA38" "full_adder" 7 420, 8 1 0, S_000001f67df7c500;
 .timescale 0 0;
    .port_info 0 /INPUT 1 "A";
    .port_info 1 /INPUT 1 "B";
    .port_info 2 /INPUT 1 "Cin";
    .port_info 3 /OUTPUT 1 "Sum";
    .port_info 4 /OUTPUT 1 "Cout";
L_000001f67dfeade0 .functor XOR 1, L_000001f67df1ce50, L_000001f67dfe8370, C4<0>, C4<0>;
L_000001f67dfea590 .functor XOR 1, L_000001f67dfeade0, L_000001f67dfeb550, C4<0>, C4<0>;
L_000001f67dfea830 .functor AND 1, L_000001f67df1ce50, L_000001f67dfe8370, C4<1>, C4<1>;
L_000001f67dfead00 .functor AND 1, L_000001f67df1ce50, L_000001f67dfeb550, C4<1>, C4<1>;
L_000001f67dfe9c60 .functor OR 1, L_000001f67dfea830, L_000001f67dfead00, C4<0>, C4<0>;
L_000001f67dfea8a0 .functor AND 1, L_000001f67dfe8370, L_000001f67dfeb550, C4<1>, C4<1>;
L_000001f67dfeb390 .functor OR 1, L_000001f67dfe9c60, L_000001f67dfea8a0, C4<0>, C4<0>;
v000001f67df8ead0_0 .net "A", 0 0, L_000001f67df1ce50;  alias, 1 drivers
v000001f67df8ecb0_0 .net "B", 0 0, L_000001f67dfe8370;  alias, 1 drivers
v000001f67df8f1b0_0 .net "Cin", 0 0, L_000001f67dfeb550;  alias, 1 drivers
v000001f67df8f4d0_0 .net "Cout", 0 0, L_000001f67dfeb390;  alias, 1 drivers
v000001f67df8f2f0_0 .net "Sum", 0 0, L_000001f67dfea590;  alias, 1 drivers
v000001f67df8f390_0 .net *"_ivl_0", 0 0, L_000001f67dfeade0;  1 drivers
v000001f67df8f250_0 .net *"_ivl_10", 0 0, L_000001f67dfea8a0;  1 drivers
v000001f67df8f570_0 .net *"_ivl_4", 0 0, L_000001f67dfea830;  1 drivers
v000001f67df8f930_0 .net *"_ivl_6", 0 0, L_000001f67dfead00;  1 drivers
v000001f67df8f610_0 .net *"_ivl_8", 0 0, L_000001f67dfe9c60;  1 drivers
S_000001f67df94eb0 .scope module, "FA39" "full_adder" 7 429, 8 1 0, S_000001f67df7c500;
 .timescale 0 0;
    .port_info 0 /INPUT 1 "A";
    .port_info 1 /INPUT 1 "B";
    .port_info 2 /INPUT 1 "Cin";
    .port_info 3 /OUTPUT 1 "Sum";
    .port_info 4 /OUTPUT 1 "Cout";
L_000001f67dfeb160 .functor XOR 1, L_000001f67df1a920, L_000001f67dfe8610, C4<0>, C4<0>;
L_000001f67dfea7c0 .functor XOR 1, L_000001f67dfeb160, L_000001f67dfeb390, C4<0>, C4<0>;
L_000001f67dfeb1d0 .functor AND 1, L_000001f67df1a920, L_000001f67dfe8610, C4<1>, C4<1>;
L_000001f67dfeae50 .functor AND 1, L_000001f67df1a920, L_000001f67dfeb390, C4<1>, C4<1>;
L_000001f67dfeb320 .functor OR 1, L_000001f67dfeb1d0, L_000001f67dfeae50, C4<0>, C4<0>;
L_000001f67dfe9e20 .functor AND 1, L_000001f67dfe8610, L_000001f67dfeb390, C4<1>, C4<1>;
L_000001f67dfea360 .functor OR 1, L_000001f67dfeb320, L_000001f67dfe9e20, C4<0>, C4<0>;
v000001f67df8f6b0_0 .net "A", 0 0, L_000001f67df1a920;  alias, 1 drivers
v000001f67df8f7f0_0 .net "B", 0 0, L_000001f67dfe8610;  alias, 1 drivers
v000001f67df8f750_0 .net "Cin", 0 0, L_000001f67dfeb390;  alias, 1 drivers
v000001f67df8f890_0 .net "Cout", 0 0, L_000001f67dfea360;  alias, 1 drivers
v000001f67df8f430_0 .net "Sum", 0 0, L_000001f67dfea7c0;  alias, 1 drivers
v000001f67df88770_0 .net *"_ivl_0", 0 0, L_000001f67dfeb160;  1 drivers
v000001f67df8a1b0_0 .net *"_ivl_10", 0 0, L_000001f67dfe9e20;  1 drivers
v000001f67df897b0_0 .net *"_ivl_4", 0 0, L_000001f67dfeb1d0;  1 drivers
v000001f67df88450_0 .net *"_ivl_6", 0 0, L_000001f67dfeae50;  1 drivers
v000001f67df89490_0 .net *"_ivl_8", 0 0, L_000001f67dfeb320;  1 drivers
S_000001f67df94230 .scope module, "FA4" "full_adder" 7 66, 8 1 0, S_000001f67df7c500;
 .timescale 0 0;
    .port_info 0 /INPUT 1 "A";
    .port_info 1 /INPUT 1 "B";
    .port_info 2 /INPUT 1 "Cin";
    .port_info 3 /OUTPUT 1 "Sum";
    .port_info 4 /OUTPUT 1 "Cout";
L_000001f67df1a060 .functor XOR 1, L_000001f67df1cde0, L_000001f67df1d2b0, C4<0>, C4<0>;
L_000001f67df195e0 .functor XOR 1, L_000001f67df1a060, L_000001f67df19c70, C4<0>, C4<0>;
L_000001f67df1a0d0 .functor AND 1, L_000001f67df1cde0, L_000001f67df1d2b0, C4<1>, C4<1>;
L_000001f67df1a220 .functor AND 1, L_000001f67df1cde0, L_000001f67df19c70, C4<1>, C4<1>;
L_000001f67df1a300 .functor OR 1, L_000001f67df1a0d0, L_000001f67df1a220, C4<0>, C4<0>;
L_000001f67df1a7d0 .functor AND 1, L_000001f67df1d2b0, L_000001f67df19c70, C4<1>, C4<1>;
L_000001f67df19730 .functor OR 1, L_000001f67df1a300, L_000001f67df1a7d0, C4<0>, C4<0>;
v000001f67df89e90_0 .net "A", 0 0, L_000001f67df1cde0;  alias, 1 drivers
v000001f67df88130_0 .net "B", 0 0, L_000001f67df1d2b0;  alias, 1 drivers
v000001f67df89d50_0 .net "Cin", 0 0, L_000001f67df19c70;  alias, 1 drivers
v000001f67df88810_0 .net "Cout", 0 0, L_000001f67df19730;  alias, 1 drivers
v000001f67df88e50_0 .net "Sum", 0 0, L_000001f67df195e0;  alias, 1 drivers
v000001f67df88950_0 .net *"_ivl_0", 0 0, L_000001f67df1a060;  1 drivers
v000001f67df89cb0_0 .net *"_ivl_10", 0 0, L_000001f67df1a7d0;  1 drivers
v000001f67df89f30_0 .net *"_ivl_4", 0 0, L_000001f67df1a0d0;  1 drivers
v000001f67df88b30_0 .net *"_ivl_6", 0 0, L_000001f67df1a220;  1 drivers
v000001f67df889f0_0 .net *"_ivl_8", 0 0, L_000001f67df1a300;  1 drivers
S_000001f67df95680 .scope module, "FA40" "full_adder" 7 438, 8 1 0, S_000001f67df7c500;
 .timescale 0 0;
    .port_info 0 /INPUT 1 "A";
    .port_info 1 /INPUT 1 "B";
    .port_info 2 /INPUT 1 "Cin";
    .port_info 3 /OUTPUT 1 "Sum";
    .port_info 4 /OUTPUT 1 "Cout";
L_000001f67dfea2f0 .functor XOR 1, L_000001f67df1afb0, L_000001f67dfe8d10, C4<0>, C4<0>;
L_000001f67dfea9f0 .functor XOR 1, L_000001f67dfea2f0, L_000001f67dfea360, C4<0>, C4<0>;
L_000001f67dfeaad0 .functor AND 1, L_000001f67df1afb0, L_000001f67dfe8d10, C4<1>, C4<1>;
L_000001f67dfea520 .functor AND 1, L_000001f67df1afb0, L_000001f67dfea360, C4<1>, C4<1>;
L_000001f67dfeafa0 .functor OR 1, L_000001f67dfeaad0, L_000001f67dfea520, C4<0>, C4<0>;
L_000001f67dfe9f00 .functor AND 1, L_000001f67dfe8d10, L_000001f67dfea360, C4<1>, C4<1>;
L_000001f67dfeb080 .functor OR 1, L_000001f67dfeafa0, L_000001f67dfe9f00, C4<0>, C4<0>;
v000001f67df884f0_0 .net "A", 0 0, L_000001f67df1afb0;  alias, 1 drivers
v000001f67df87e10_0 .net "B", 0 0, L_000001f67dfe8d10;  alias, 1 drivers
v000001f67df88bd0_0 .net "Cin", 0 0, L_000001f67dfea360;  alias, 1 drivers
v000001f67df88c70_0 .net "Cout", 0 0, L_000001f67dfeb080;  alias, 1 drivers
v000001f67df888b0_0 .net "Sum", 0 0, L_000001f67dfea9f0;  alias, 1 drivers
v000001f67df881d0_0 .net *"_ivl_0", 0 0, L_000001f67dfea2f0;  1 drivers
v000001f67df8a070_0 .net *"_ivl_10", 0 0, L_000001f67dfe9f00;  1 drivers
v000001f67df8a110_0 .net *"_ivl_4", 0 0, L_000001f67dfeaad0;  1 drivers
v000001f67df89850_0 .net *"_ivl_6", 0 0, L_000001f67dfea520;  1 drivers
v000001f67df88270_0 .net *"_ivl_8", 0 0, L_000001f67dfeafa0;  1 drivers
S_000001f67df95810 .scope module, "FA41" "full_adder" 7 447, 8 1 0, S_000001f67df7c500;
 .timescale 0 0;
    .port_info 0 /INPUT 1 "A";
    .port_info 1 /INPUT 1 "B";
    .port_info 2 /INPUT 1 "Cin";
    .port_info 3 /OUTPUT 1 "Sum";
    .port_info 4 /OUTPUT 1 "Cout";
L_000001f67dfeb400 .functor XOR 1, L_000001f67df199d0, L_000001f67dfe81b0, C4<0>, C4<0>;
L_000001f67dfe9d40 .functor XOR 1, L_000001f67dfeb400, L_000001f67dfeb080, C4<0>, C4<0>;
L_000001f67dfea440 .functor AND 1, L_000001f67df199d0, L_000001f67dfe81b0, C4<1>, C4<1>;
L_000001f67dfea600 .functor AND 1, L_000001f67df199d0, L_000001f67dfeb080, C4<1>, C4<1>;
L_000001f67dfeab40 .functor OR 1, L_000001f67dfea440, L_000001f67dfea600, C4<0>, C4<0>;
L_000001f67dfeabb0 .functor AND 1, L_000001f67dfe81b0, L_000001f67dfeb080, C4<1>, C4<1>;
L_000001f67dfea670 .functor OR 1, L_000001f67dfeab40, L_000001f67dfeabb0, C4<0>, C4<0>;
v000001f67df88a90_0 .net "A", 0 0, L_000001f67df199d0;  alias, 1 drivers
v000001f67df89df0_0 .net "B", 0 0, L_000001f67dfe81b0;  alias, 1 drivers
v000001f67df89fd0_0 .net "Cin", 0 0, L_000001f67dfeb080;  alias, 1 drivers
v000001f67df89030_0 .net "Cout", 0 0, L_000001f67dfea670;  alias, 1 drivers
v000001f67df88090_0 .net "Sum", 0 0, L_000001f67dfe9d40;  alias, 1 drivers
v000001f67df88d10_0 .net *"_ivl_0", 0 0, L_000001f67dfeb400;  1 drivers
v000001f67df883b0_0 .net *"_ivl_10", 0 0, L_000001f67dfeabb0;  1 drivers
v000001f67df88db0_0 .net *"_ivl_4", 0 0, L_000001f67dfea440;  1 drivers
v000001f67df890d0_0 .net *"_ivl_6", 0 0, L_000001f67dfea600;  1 drivers
v000001f67df87a50_0 .net *"_ivl_8", 0 0, L_000001f67dfeab40;  1 drivers
S_000001f67df93a60 .scope module, "FA42" "full_adder" 7 464, 8 1 0, S_000001f67df7c500;
 .timescale 0 0;
    .port_info 0 /INPUT 1 "A";
    .port_info 1 /INPUT 1 "B";
    .port_info 2 /INPUT 1 "Cin";
    .port_info 3 /OUTPUT 1 "Sum";
    .port_info 4 /OUTPUT 1 "Cout";
L_000001f67dfe9e90 .functor XOR 1, L_000001f67df1c750, L_000001f67dfea210, C4<0>, C4<0>;
L_000001f67dfea910 .functor XOR 1, L_000001f67dfe9e90, L_000001f67dfeb4e0, C4<0>, C4<0>;
L_000001f67dfeb630 .functor AND 1, L_000001f67df1c750, L_000001f67dfea210, C4<1>, C4<1>;
L_000001f67dfe9b80 .functor AND 1, L_000001f67df1c750, L_000001f67dfeb4e0, C4<1>, C4<1>;
L_000001f67dfea980 .functor OR 1, L_000001f67dfeb630, L_000001f67dfe9b80, C4<0>, C4<0>;
L_000001f67dfea6e0 .functor AND 1, L_000001f67dfea210, L_000001f67dfeb4e0, C4<1>, C4<1>;
L_000001f67dfeac20 .functor OR 1, L_000001f67dfea980, L_000001f67dfea6e0, C4<0>, C4<0>;
v000001f67df87cd0_0 .net "A", 0 0, L_000001f67df1c750;  alias, 1 drivers
v000001f67df87af0_0 .net "B", 0 0, L_000001f67dfea210;  alias, 1 drivers
v000001f67df87b90_0 .net "Cin", 0 0, L_000001f67dfeb4e0;  alias, 1 drivers
v000001f67df88ef0_0 .net "Cout", 0 0, L_000001f67dfeac20;  alias, 1 drivers
v000001f67df89ad0_0 .net "Sum", 0 0, L_000001f67dfea910;  1 drivers
v000001f67df88630_0 .net *"_ivl_0", 0 0, L_000001f67dfe9e90;  1 drivers
v000001f67df87c30_0 .net *"_ivl_10", 0 0, L_000001f67dfea6e0;  1 drivers
v000001f67df87d70_0 .net *"_ivl_4", 0 0, L_000001f67dfeb630;  1 drivers
v000001f67df88310_0 .net *"_ivl_6", 0 0, L_000001f67dfe9b80;  1 drivers
v000001f67df898f0_0 .net *"_ivl_8", 0 0, L_000001f67dfea980;  1 drivers
S_000001f67df93f10 .scope module, "FA43" "full_adder" 7 473, 8 1 0, S_000001f67df7c500;
 .timescale 0 0;
    .port_info 0 /INPUT 1 "A";
    .port_info 1 /INPUT 1 "B";
    .port_info 2 /INPUT 1 "Cin";
    .port_info 3 /OUTPUT 1 "Sum";
    .port_info 4 /OUTPUT 1 "Cout";
L_000001f67dfeaa60 .functor XOR 1, L_000001f67df1ca60, L_000001f67dfe9fe0, C4<0>, C4<0>;
L_000001f67dfea750 .functor XOR 1, L_000001f67dfeaa60, L_000001f67dfeac20, C4<0>, C4<0>;
L_000001f67dfeb0f0 .functor AND 1, L_000001f67df1ca60, L_000001f67dfe9fe0, C4<1>, C4<1>;
L_000001f67dfeb240 .functor AND 1, L_000001f67df1ca60, L_000001f67dfeac20, C4<1>, C4<1>;
L_000001f67dfe9f70 .functor OR 1, L_000001f67dfeb0f0, L_000001f67dfeb240, C4<0>, C4<0>;
L_000001f67dfea280 .functor AND 1, L_000001f67dfe9fe0, L_000001f67dfeac20, C4<1>, C4<1>;
L_000001f67dfeb470 .functor OR 1, L_000001f67dfe9f70, L_000001f67dfea280, C4<0>, C4<0>;
v000001f67df886d0_0 .net "A", 0 0, L_000001f67df1ca60;  alias, 1 drivers
v000001f67df88590_0 .net "B", 0 0, L_000001f67dfe9fe0;  alias, 1 drivers
v000001f67df88f90_0 .net "Cin", 0 0, L_000001f67dfeac20;  alias, 1 drivers
v000001f67df895d0_0 .net "Cout", 0 0, L_000001f67dfeb470;  alias, 1 drivers
v000001f67df89170_0 .net "Sum", 0 0, L_000001f67dfea750;  1 drivers
v000001f67df89210_0 .net *"_ivl_0", 0 0, L_000001f67dfeaa60;  1 drivers
v000001f67df87eb0_0 .net *"_ivl_10", 0 0, L_000001f67dfea280;  1 drivers
v000001f67df892b0_0 .net *"_ivl_4", 0 0, L_000001f67dfeb0f0;  1 drivers
v000001f67df89c10_0 .net *"_ivl_6", 0 0, L_000001f67dfeb240;  1 drivers
v000001f67df87f50_0 .net *"_ivl_8", 0 0, L_000001f67dfe9f70;  1 drivers
S_000001f67df95360 .scope module, "FA44" "full_adder" 7 482, 8 1 0, S_000001f67df7c500;
 .timescale 0 0;
    .port_info 0 /INPUT 1 "A";
    .port_info 1 /INPUT 1 "B";
    .port_info 2 /INPUT 1 "Cin";
    .port_info 3 /OUTPUT 1 "Sum";
    .port_info 4 /OUTPUT 1 "Cout";
L_000001f67dfe9aa0 .functor XOR 1, L_000001f67df1d240, L_000001f67dfea590, C4<0>, C4<0>;
L_000001f67dfe9b10 .functor XOR 1, L_000001f67dfe9aa0, L_000001f67dfeb470, C4<0>, C4<0>;
L_000001f67dfe9cd0 .functor AND 1, L_000001f67df1d240, L_000001f67dfea590, C4<1>, C4<1>;
L_000001f67dfe9db0 .functor AND 1, L_000001f67df1d240, L_000001f67dfeb470, C4<1>, C4<1>;
L_000001f67dfea050 .functor OR 1, L_000001f67dfe9cd0, L_000001f67dfe9db0, C4<0>, C4<0>;
L_000001f67dfea0c0 .functor AND 1, L_000001f67dfea590, L_000001f67dfeb470, C4<1>, C4<1>;
L_000001f67dfea130 .functor OR 1, L_000001f67dfea050, L_000001f67dfea0c0, C4<0>, C4<0>;
v000001f67df89350_0 .net "A", 0 0, L_000001f67df1d240;  alias, 1 drivers
v000001f67df893f0_0 .net "B", 0 0, L_000001f67dfea590;  alias, 1 drivers
v000001f67df87ff0_0 .net "Cin", 0 0, L_000001f67dfeb470;  alias, 1 drivers
v000001f67df89990_0 .net "Cout", 0 0, L_000001f67dfea130;  alias, 1 drivers
v000001f67df89530_0 .net "Sum", 0 0, L_000001f67dfe9b10;  1 drivers
v000001f67df89670_0 .net *"_ivl_0", 0 0, L_000001f67dfe9aa0;  1 drivers
v000001f67df89710_0 .net *"_ivl_10", 0 0, L_000001f67dfea0c0;  1 drivers
v000001f67df89a30_0 .net *"_ivl_4", 0 0, L_000001f67dfe9cd0;  1 drivers
v000001f67df89b70_0 .net *"_ivl_6", 0 0, L_000001f67dfe9db0;  1 drivers
v000001f67df8b830_0 .net *"_ivl_8", 0 0, L_000001f67dfea050;  1 drivers
S_000001f67df93bf0 .scope module, "FA45" "full_adder" 7 491, 8 1 0, S_000001f67df7c500;
 .timescale 0 0;
    .port_info 0 /INPUT 1 "A";
    .port_info 1 /INPUT 1 "B";
    .port_info 2 /INPUT 1 "Cin";
    .port_info 3 /OUTPUT 1 "Sum";
    .port_info 4 /OUTPUT 1 "Cout";
L_000001f67dfeb8d0 .functor XOR 1, L_000001f67df1d160, L_000001f67dfea7c0, C4<0>, C4<0>;
L_000001f67dfeb860 .functor XOR 1, L_000001f67dfeb8d0, L_000001f67dfea130, C4<0>, C4<0>;
L_000001f67dfeb780 .functor AND 1, L_000001f67df1d160, L_000001f67dfea7c0, C4<1>, C4<1>;
L_000001f67dfebbe0 .functor AND 1, L_000001f67df1d160, L_000001f67dfea130, C4<1>, C4<1>;
L_000001f67dfebc50 .functor OR 1, L_000001f67dfeb780, L_000001f67dfebbe0, C4<0>, C4<0>;
L_000001f67dfeb7f0 .functor AND 1, L_000001f67dfea7c0, L_000001f67dfea130, C4<1>, C4<1>;
L_000001f67dfeb940 .functor OR 1, L_000001f67dfebc50, L_000001f67dfeb7f0, C4<0>, C4<0>;
v000001f67df8a2f0_0 .net "A", 0 0, L_000001f67df1d160;  alias, 1 drivers
v000001f67df8c190_0 .net "B", 0 0, L_000001f67dfea7c0;  alias, 1 drivers
v000001f67df8b330_0 .net "Cin", 0 0, L_000001f67dfea130;  alias, 1 drivers
v000001f67df8b1f0_0 .net "Cout", 0 0, L_000001f67dfeb940;  alias, 1 drivers
v000001f67df8a250_0 .net "Sum", 0 0, L_000001f67dfeb860;  1 drivers
v000001f67df8ae30_0 .net *"_ivl_0", 0 0, L_000001f67dfeb8d0;  1 drivers
v000001f67df8a930_0 .net *"_ivl_10", 0 0, L_000001f67dfeb7f0;  1 drivers
v000001f67df8af70_0 .net *"_ivl_4", 0 0, L_000001f67dfeb780;  1 drivers
v000001f67df8b510_0 .net *"_ivl_6", 0 0, L_000001f67dfebbe0;  1 drivers
v000001f67df8b010_0 .net *"_ivl_8", 0 0, L_000001f67dfebc50;  1 drivers
S_000001f67df93d80 .scope module, "FA46" "full_adder" 7 500, 8 1 0, S_000001f67df7c500;
 .timescale 0 0;
    .port_info 0 /INPUT 1 "A";
    .port_info 1 /INPUT 1 "B";
    .port_info 2 /INPUT 1 "Cin";
    .port_info 3 /OUTPUT 1 "Sum";
    .port_info 4 /OUTPUT 1 "Cout";
L_000001f67dfeba90 .functor XOR 1, L_000001f67df19ce0, L_000001f67dfea9f0, C4<0>, C4<0>;
L_000001f67dfeb9b0 .functor XOR 1, L_000001f67dfeba90, L_000001f67dfeb940, C4<0>, C4<0>;
L_000001f67dfeba20 .functor AND 1, L_000001f67df19ce0, L_000001f67dfea9f0, C4<1>, C4<1>;
L_000001f67dfeb710 .functor AND 1, L_000001f67df19ce0, L_000001f67dfeb940, C4<1>, C4<1>;
L_000001f67dfebb70 .functor OR 1, L_000001f67dfeba20, L_000001f67dfeb710, C4<0>, C4<0>;
L_000001f67dfebb00 .functor AND 1, L_000001f67dfea9f0, L_000001f67dfeb940, C4<1>, C4<1>;
L_000001f67dfebcc0 .functor OR 1, L_000001f67dfebb70, L_000001f67dfebb00, C4<0>, C4<0>;
v000001f67df8acf0_0 .net "A", 0 0, L_000001f67df19ce0;  alias, 1 drivers
v000001f67df8b3d0_0 .net "B", 0 0, L_000001f67dfea9f0;  alias, 1 drivers
v000001f67df8b650_0 .net "Cin", 0 0, L_000001f67dfeb940;  alias, 1 drivers
v000001f67df8c690_0 .net "Cout", 0 0, L_000001f67dfebcc0;  alias, 1 drivers
v000001f67df8bdd0_0 .net "Sum", 0 0, L_000001f67dfeb9b0;  1 drivers
v000001f67df8c4b0_0 .net *"_ivl_0", 0 0, L_000001f67dfeba90;  1 drivers
v000001f67df8aed0_0 .net *"_ivl_10", 0 0, L_000001f67dfebb00;  1 drivers
v000001f67df8c870_0 .net *"_ivl_4", 0 0, L_000001f67dfeba20;  1 drivers
v000001f67df8a430_0 .net *"_ivl_6", 0 0, L_000001f67dfeb710;  1 drivers
v000001f67df8b470_0 .net *"_ivl_8", 0 0, L_000001f67dfebb70;  1 drivers
S_000001f67df946e0 .scope module, "FA47" "full_adder" 7 509, 8 1 0, S_000001f67df7c500;
 .timescale 0 0;
    .port_info 0 /INPUT 1 "A";
    .port_info 1 /INPUT 1 "B";
    .port_info 2 /INPUT 1 "Cin";
    .port_info 3 /OUTPUT 1 "Sum";
    .port_info 4 /OUTPUT 1 "Cout";
L_000001f67dfebd30 .functor XOR 1, L_000001f67df1a8b0, L_000001f67dfe9d40, C4<0>, C4<0>;
L_000001f67dfebda0 .functor XOR 1, L_000001f67dfebd30, L_000001f67dfebcc0, C4<0>, C4<0>;
L_000001f67dfeb6a0 .functor AND 1, L_000001f67df1a8b0, L_000001f67dfe9d40, C4<1>, C4<1>;
L_000001f67dfec620 .functor AND 1, L_000001f67df1a8b0, L_000001f67dfebcc0, C4<1>, C4<1>;
L_000001f67dfec1c0 .functor OR 1, L_000001f67dfeb6a0, L_000001f67dfec620, C4<0>, C4<0>;
L_000001f67dfec7e0 .functor AND 1, L_000001f67dfe9d40, L_000001f67dfebcc0, C4<1>, C4<1>;
L_000001f67dfec3f0 .functor OR 1, L_000001f67dfec1c0, L_000001f67dfec7e0, C4<0>, C4<0>;
v000001f67df8b8d0_0 .net "A", 0 0, L_000001f67df1a8b0;  alias, 1 drivers
v000001f67df8a9d0_0 .net "B", 0 0, L_000001f67dfe9d40;  alias, 1 drivers
v000001f67df8b970_0 .net "Cin", 0 0, L_000001f67dfebcc0;  alias, 1 drivers
v000001f67df8ac50_0 .net "Cout", 0 0, L_000001f67dfec3f0;  alias, 1 drivers
v000001f67df8c730_0 .net "Sum", 0 0, L_000001f67dfebda0;  1 drivers
v000001f67df8c550_0 .net *"_ivl_0", 0 0, L_000001f67dfebd30;  1 drivers
v000001f67df8ad90_0 .net *"_ivl_10", 0 0, L_000001f67dfec7e0;  1 drivers
v000001f67df8c230_0 .net *"_ivl_4", 0 0, L_000001f67dfeb6a0;  1 drivers
v000001f67df8b5b0_0 .net *"_ivl_6", 0 0, L_000001f67dfec620;  1 drivers
v000001f67df8a750_0 .net *"_ivl_8", 0 0, L_000001f67dfec1c0;  1 drivers
S_000001f67df940a0 .scope module, "FA48" "full_adder" 7 518, 8 1 0, S_000001f67df7c500;
 .timescale 0 0;
    .port_info 0 /INPUT 1 "A";
    .port_info 1 /INPUT 1 "B";
    .port_info 2 /INPUT 1 "Cin";
    .port_info 3 /OUTPUT 1 "Sum";
    .port_info 4 /OUTPUT 1 "Cout";
L_000001f67dfed7a0 .functor XOR 1, L_000001f67df1adf0, L_000001f67dfea670, C4<0>, C4<0>;
L_000001f67dfec230 .functor XOR 1, L_000001f67dfed7a0, L_000001f67dfec3f0, C4<0>, C4<0>;
L_000001f67dfec8c0 .functor AND 1, L_000001f67df1adf0, L_000001f67dfea670, C4<1>, C4<1>;
L_000001f67dfeca80 .functor AND 1, L_000001f67df1adf0, L_000001f67dfec3f0, C4<1>, C4<1>;
L_000001f67dfebf20 .functor OR 1, L_000001f67dfec8c0, L_000001f67dfeca80, C4<0>, C4<0>;
L_000001f67dfed6c0 .functor AND 1, L_000001f67dfea670, L_000001f67dfec3f0, C4<1>, C4<1>;
L_000001f67dfec540 .functor OR 1, L_000001f67dfebf20, L_000001f67dfed6c0, C4<0>, C4<0>;
v000001f67df8b6f0_0 .net "A", 0 0, L_000001f67df1adf0;  alias, 1 drivers
v000001f67df8c7d0_0 .net "B", 0 0, L_000001f67dfea670;  alias, 1 drivers
v000001f67df8b790_0 .net "Cin", 0 0, L_000001f67dfec3f0;  alias, 1 drivers
v000001f67df8b150_0 .net "Cout", 0 0, L_000001f67dfec540;  1 drivers
v000001f67df8a7f0_0 .net "Sum", 0 0, L_000001f67dfec230;  1 drivers
v000001f67df8b0b0_0 .net *"_ivl_0", 0 0, L_000001f67dfed7a0;  1 drivers
v000001f67df8b290_0 .net *"_ivl_10", 0 0, L_000001f67dfed6c0;  1 drivers
v000001f67df8ba10_0 .net *"_ivl_4", 0 0, L_000001f67dfec8c0;  1 drivers
v000001f67df8bab0_0 .net *"_ivl_6", 0 0, L_000001f67dfeca80;  1 drivers
v000001f67df8bf10_0 .net *"_ivl_8", 0 0, L_000001f67dfebf20;  1 drivers
S_000001f67df943c0 .scope module, "FA5" "full_adder" 7 75, 8 1 0, S_000001f67df7c500;
 .timescale 0 0;
    .port_info 0 /INPUT 1 "A";
    .port_info 1 /INPUT 1 "B";
    .port_info 2 /INPUT 1 "Cin";
    .port_info 3 /OUTPUT 1 "Sum";
    .port_info 4 /OUTPUT 1 "Cout";
L_000001f67df197a0 .functor XOR 1, L_000001f67df1cec0, L_000001f67df1a140, C4<0>, C4<0>;
L_000001f67df1a370 .functor XOR 1, L_000001f67df197a0, L_000001f67df19730, C4<0>, C4<0>;
L_000001f67df1a3e0 .functor AND 1, L_000001f67df1cec0, L_000001f67df1a140, C4<1>, C4<1>;
L_000001f67df1a450 .functor AND 1, L_000001f67df1cec0, L_000001f67df19730, C4<1>, C4<1>;
L_000001f67df1a840 .functor OR 1, L_000001f67df1a3e0, L_000001f67df1a450, C4<0>, C4<0>;
L_000001f67df1a990 .functor AND 1, L_000001f67df1a140, L_000001f67df19730, C4<1>, C4<1>;
L_000001f67df1a4c0 .functor OR 1, L_000001f67df1a840, L_000001f67df1a990, C4<0>, C4<0>;
v000001f67df8a4d0_0 .net "A", 0 0, L_000001f67df1cec0;  alias, 1 drivers
v000001f67df8c370_0 .net "B", 0 0, L_000001f67df1a140;  alias, 1 drivers
v000001f67df8bb50_0 .net "Cin", 0 0, L_000001f67df19730;  alias, 1 drivers
v000001f67df8aa70_0 .net "Cout", 0 0, L_000001f67df1a4c0;  alias, 1 drivers
v000001f67df8ab10_0 .net "Sum", 0 0, L_000001f67df1a370;  alias, 1 drivers
v000001f67df8c0f0_0 .net *"_ivl_0", 0 0, L_000001f67df197a0;  1 drivers
v000001f67df8bbf0_0 .net *"_ivl_10", 0 0, L_000001f67df1a990;  1 drivers
v000001f67df8abb0_0 .net *"_ivl_4", 0 0, L_000001f67df1a3e0;  1 drivers
v000001f67df8bc90_0 .net *"_ivl_6", 0 0, L_000001f67df1a450;  1 drivers
v000001f67df8a890_0 .net *"_ivl_8", 0 0, L_000001f67df1a840;  1 drivers
S_000001f67df94d20 .scope module, "FA6" "full_adder" 7 84, 8 1 0, S_000001f67df7c500;
 .timescale 0 0;
    .port_info 0 /INPUT 1 "A";
    .port_info 1 /INPUT 1 "B";
    .port_info 2 /INPUT 1 "Cin";
    .port_info 3 /OUTPUT 1 "Sum";
    .port_info 4 /OUTPUT 1 "Cout";
L_000001f67df1ad80 .functor XOR 1, L_000001f67df1aa00, L_000001f67df19f80, C4<0>, C4<0>;
L_000001f67df1a530 .functor XOR 1, L_000001f67df1ad80, L_000001f67df1a4c0, C4<0>, C4<0>;
L_000001f67df1a5a0 .functor AND 1, L_000001f67df1aa00, L_000001f67df19f80, C4<1>, C4<1>;
L_000001f67df1a680 .functor AND 1, L_000001f67df1aa00, L_000001f67df1a4c0, C4<1>, C4<1>;
L_000001f67df1aa70 .functor OR 1, L_000001f67df1a5a0, L_000001f67df1a680, C4<0>, C4<0>;
L_000001f67df1aae0 .functor AND 1, L_000001f67df19f80, L_000001f67df1a4c0, C4<1>, C4<1>;
L_000001f67df1ab50 .functor OR 1, L_000001f67df1aa70, L_000001f67df1aae0, C4<0>, C4<0>;
v000001f67df8bd30_0 .net "A", 0 0, L_000001f67df1aa00;  alias, 1 drivers
v000001f67df8be70_0 .net "B", 0 0, L_000001f67df19f80;  alias, 1 drivers
v000001f67df8bfb0_0 .net "Cin", 0 0, L_000001f67df1a4c0;  alias, 1 drivers
v000001f67df8c050_0 .net "Cout", 0 0, L_000001f67df1ab50;  alias, 1 drivers
v000001f67df8c2d0_0 .net "Sum", 0 0, L_000001f67df1a530;  alias, 1 drivers
v000001f67df8c410_0 .net *"_ivl_0", 0 0, L_000001f67df1ad80;  1 drivers
v000001f67df8c5f0_0 .net *"_ivl_10", 0 0, L_000001f67df1aae0;  1 drivers
v000001f67df8c910_0 .net *"_ivl_4", 0 0, L_000001f67df1a5a0;  1 drivers
v000001f67df8c9b0_0 .net *"_ivl_6", 0 0, L_000001f67df1a680;  1 drivers
v000001f67df8a570_0 .net *"_ivl_8", 0 0, L_000001f67df1aa70;  1 drivers
S_000001f67df951d0 .scope module, "FA7" "full_adder" 7 109, 8 1 0, S_000001f67df7c500;
 .timescale 0 0;
    .port_info 0 /INPUT 1 "A";
    .port_info 1 /INPUT 1 "B";
    .port_info 2 /INPUT 1 "Cin";
    .port_info 3 /OUTPUT 1 "Sum";
    .port_info 4 /OUTPUT 1 "Cout";
L_000001f67df04ba0 .functor XOR 1, L_000001f67df1b950, L_000001f67df19d50, C4<0>, C4<0>;
L_000001f67df03320 .functor XOR 1, L_000001f67df04ba0, L_000001f67df04cf0, C4<0>, C4<0>;
L_000001f67df03400 .functor AND 1, L_000001f67df1b950, L_000001f67df19d50, C4<1>, C4<1>;
L_000001f67dfe06d0 .functor AND 1, L_000001f67df1b950, L_000001f67df04cf0, C4<1>, C4<1>;
L_000001f67dfe02e0 .functor OR 1, L_000001f67df03400, L_000001f67dfe06d0, C4<0>, C4<0>;
L_000001f67dfe00b0 .functor AND 1, L_000001f67df19d50, L_000001f67df04cf0, C4<1>, C4<1>;
L_000001f67dfe1150 .functor OR 1, L_000001f67dfe02e0, L_000001f67dfe00b0, C4<0>, C4<0>;
v000001f67df8a390_0 .net "A", 0 0, L_000001f67df1b950;  alias, 1 drivers
v000001f67df8a610_0 .net "B", 0 0, L_000001f67df19d50;  alias, 1 drivers
v000001f67df8a6b0_0 .net "Cin", 0 0, L_000001f67df04cf0;  alias, 1 drivers
v000001f67df9c7c0_0 .net "Cout", 0 0, L_000001f67dfe1150;  alias, 1 drivers
v000001f67df9db20_0 .net "Sum", 0 0, L_000001f67df03320;  alias, 1 drivers
v000001f67df9d4e0_0 .net *"_ivl_0", 0 0, L_000001f67df04ba0;  1 drivers
v000001f67df9d8a0_0 .net *"_ivl_10", 0 0, L_000001f67dfe00b0;  1 drivers
v000001f67df9dda0_0 .net *"_ivl_4", 0 0, L_000001f67df03400;  1 drivers
v000001f67df9dee0_0 .net *"_ivl_6", 0 0, L_000001f67dfe06d0;  1 drivers
v000001f67df9c400_0 .net *"_ivl_8", 0 0, L_000001f67dfe02e0;  1 drivers
S_000001f67df95040 .scope module, "FA8" "full_adder" 7 118, 8 1 0, S_000001f67df7c500;
 .timescale 0 0;
    .port_info 0 /INPUT 1 "A";
    .port_info 1 /INPUT 1 "B";
    .port_info 2 /INPUT 1 "Cin";
    .port_info 3 /OUTPUT 1 "Sum";
    .port_info 4 /OUTPUT 1 "Cout";
L_000001f67dfe0f90 .functor XOR 1, L_000001f67df1c8a0, L_000001f67df1a6f0, C4<0>, C4<0>;
L_000001f67dfe1380 .functor XOR 1, L_000001f67dfe0f90, L_000001f67dfe1150, C4<0>, C4<0>;
L_000001f67dfe11c0 .functor AND 1, L_000001f67df1c8a0, L_000001f67df1a6f0, C4<1>, C4<1>;
L_000001f67dfe1690 .functor AND 1, L_000001f67df1c8a0, L_000001f67dfe1150, C4<1>, C4<1>;
L_000001f67dfe0ba0 .functor OR 1, L_000001f67dfe11c0, L_000001f67dfe1690, C4<0>, C4<0>;
L_000001f67dfe0d60 .functor AND 1, L_000001f67df1a6f0, L_000001f67dfe1150, C4<1>, C4<1>;
L_000001f67dfe0120 .functor OR 1, L_000001f67dfe0ba0, L_000001f67dfe0d60, C4<0>, C4<0>;
v000001f67df9bc80_0 .net "A", 0 0, L_000001f67df1c8a0;  alias, 1 drivers
v000001f67df9c180_0 .net "B", 0 0, L_000001f67df1a6f0;  alias, 1 drivers
v000001f67df9c680_0 .net "Cin", 0 0, L_000001f67dfe1150;  alias, 1 drivers
v000001f67df9c9a0_0 .net "Cout", 0 0, L_000001f67dfe0120;  alias, 1 drivers
v000001f67df9c4a0_0 .net "Sum", 0 0, L_000001f67dfe1380;  alias, 1 drivers
v000001f67df9c040_0 .net *"_ivl_0", 0 0, L_000001f67dfe0f90;  1 drivers
v000001f67df9d120_0 .net *"_ivl_10", 0 0, L_000001f67dfe0d60;  1 drivers
v000001f67df9c0e0_0 .net *"_ivl_4", 0 0, L_000001f67dfe11c0;  1 drivers
v000001f67df9c220_0 .net *"_ivl_6", 0 0, L_000001f67dfe1690;  1 drivers
v000001f67df9d9e0_0 .net *"_ivl_8", 0 0, L_000001f67dfe0ba0;  1 drivers
S_000001f67df94550 .scope module, "FA9" "full_adder" 7 127, 8 1 0, S_000001f67df7c500;
 .timescale 0 0;
    .port_info 0 /INPUT 1 "A";
    .port_info 1 /INPUT 1 "B";
    .port_info 2 /INPUT 1 "Cin";
    .port_info 3 /OUTPUT 1 "Sum";
    .port_info 4 /OUTPUT 1 "Cout";
L_000001f67dfe1310 .functor XOR 1, L_000001f67df1cad0, L_000001f67df195e0, C4<0>, C4<0>;
L_000001f67dfe1460 .functor XOR 1, L_000001f67dfe1310, L_000001f67dfe0120, C4<0>, C4<0>;
L_000001f67dfe1700 .functor AND 1, L_000001f67df1cad0, L_000001f67df195e0, C4<1>, C4<1>;
L_000001f67dfe0660 .functor AND 1, L_000001f67df1cad0, L_000001f67dfe0120, C4<1>, C4<1>;
L_000001f67dfe0dd0 .functor OR 1, L_000001f67dfe1700, L_000001f67dfe0660, C4<0>, C4<0>;
L_000001f67dfe0c10 .functor AND 1, L_000001f67df195e0, L_000001f67dfe0120, C4<1>, C4<1>;
L_000001f67dfe07b0 .functor OR 1, L_000001f67dfe0dd0, L_000001f67dfe0c10, C4<0>, C4<0>;
v000001f67df9d940_0 .net "A", 0 0, L_000001f67df1cad0;  alias, 1 drivers
v000001f67df9cea0_0 .net "B", 0 0, L_000001f67df195e0;  alias, 1 drivers
v000001f67df9c720_0 .net "Cin", 0 0, L_000001f67dfe0120;  alias, 1 drivers
v000001f67df9c860_0 .net "Cout", 0 0, L_000001f67dfe07b0;  alias, 1 drivers
v000001f67df9bfa0_0 .net "Sum", 0 0, L_000001f67dfe1460;  alias, 1 drivers
v000001f67df9cd60_0 .net *"_ivl_0", 0 0, L_000001f67dfe1310;  1 drivers
v000001f67df9bbe0_0 .net *"_ivl_10", 0 0, L_000001f67dfe0c10;  1 drivers
v000001f67df9cfe0_0 .net *"_ivl_4", 0 0, L_000001f67dfe1700;  1 drivers
v000001f67df9c900_0 .net *"_ivl_6", 0 0, L_000001f67dfe0660;  1 drivers
v000001f67df9dc60_0 .net *"_ivl_8", 0 0, L_000001f67dfe0dd0;  1 drivers
S_000001f67df94870 .scope module, "HA1" "half_adder" 7 31, 9 1 0, S_000001f67df7c500;
 .timescale 0 0;
    .port_info 0 /INPUT 1 "A";
    .port_info 1 /INPUT 1 "B";
    .port_info 2 /OUTPUT 1 "Sum";
    .port_info 3 /OUTPUT 1 "Cout";
L_000001f67df1a610 .functor XOR 1, L_000001f67df1b330, L_000001f67df1b790, C4<0>, C4<0>;
L_000001f67df19ab0 .functor AND 1, L_000001f67df1b330, L_000001f67df1b790, C4<1>, C4<1>;
v000001f67df9c540_0 .net "A", 0 0, L_000001f67df1b330;  alias, 1 drivers
v000001f67df9ca40_0 .net "B", 0 0, L_000001f67df1b790;  alias, 1 drivers
v000001f67df9d620_0 .net "Cout", 0 0, L_000001f67df19ab0;  alias, 1 drivers
v000001f67df9cae0_0 .net "Sum", 0 0, L_000001f67df1a610;  1 drivers
S_000001f67df94a00 .scope module, "HA2" "half_adder" 7 93, 9 1 0, S_000001f67df7c500;
 .timescale 0 0;
    .port_info 0 /INPUT 1 "A";
    .port_info 1 /INPUT 1 "B";
    .port_info 2 /OUTPUT 1 "Sum";
    .port_info 3 /OUTPUT 1 "Cout";
L_000001f67df1ac30 .functor XOR 1, L_000001f67df196c0, L_000001f67df1ab50, C4<0>, C4<0>;
L_000001f67df04c80 .functor AND 1, L_000001f67df196c0, L_000001f67df1ab50, C4<1>, C4<1>;
v000001f67df9c2c0_0 .net "A", 0 0, L_000001f67df196c0;  alias, 1 drivers
v000001f67df9dbc0_0 .net "B", 0 0, L_000001f67df1ab50;  alias, 1 drivers
v000001f67df9cb80_0 .net "Cout", 0 0, L_000001f67df04c80;  alias, 1 drivers
v000001f67df9c360_0 .net "Sum", 0 0, L_000001f67df1ac30;  alias, 1 drivers
S_000001f67dfa53a0 .scope module, "HA3" "half_adder" 7 101, 9 1 0, S_000001f67df7c500;
 .timescale 0 0;
    .port_info 0 /INPUT 1 "A";
    .port_info 1 /INPUT 1 "B";
    .port_info 2 /OUTPUT 1 "Sum";
    .port_info 3 /OUTPUT 1 "Cout";
L_000001f67df04e40 .functor XOR 1, L_000001f67df1b100, L_000001f67df1aca0, C4<0>, C4<0>;
L_000001f67df04cf0 .functor AND 1, L_000001f67df1b100, L_000001f67df1aca0, C4<1>, C4<1>;
v000001f67df9dd00_0 .net "A", 0 0, L_000001f67df1b100;  alias, 1 drivers
v000001f67df9de40_0 .net "B", 0 0, L_000001f67df1aca0;  alias, 1 drivers
v000001f67df9da80_0 .net "Cout", 0 0, L_000001f67df04cf0;  alias, 1 drivers
v000001f67df9cf40_0 .net "Sum", 0 0, L_000001f67df04e40;  1 drivers
S_000001f67dfa5530 .scope module, "HA4" "half_adder" 7 172, 9 1 0, S_000001f67df7c500;
 .timescale 0 0;
    .port_info 0 /INPUT 1 "A";
    .port_info 1 /INPUT 1 "B";
    .port_info 2 /OUTPUT 1 "Sum";
    .port_info 3 /OUTPUT 1 "Cout";
L_000001f67dfe0e40 .functor XOR 1, L_000001f67df1c670, L_000001f67df03320, C4<0>, C4<0>;
L_000001f67dfe10e0 .functor AND 1, L_000001f67df1c670, L_000001f67df03320, C4<1>, C4<1>;
v000001f67df9ce00_0 .net "A", 0 0, L_000001f67df1c670;  alias, 1 drivers
v000001f67df9bd20_0 .net "B", 0 0, L_000001f67df03320;  alias, 1 drivers
v000001f67df9d080_0 .net "Cout", 0 0, L_000001f67dfe10e0;  alias, 1 drivers
v000001f67df9cc20_0 .net "Sum", 0 0, L_000001f67dfe0e40;  1 drivers
S_000001f67dfa4bd0 .scope module, "HA5" "half_adder" 7 243, 9 1 0, S_000001f67df7c500;
 .timescale 0 0;
    .port_info 0 /INPUT 1 "A";
    .port_info 1 /INPUT 1 "B";
    .port_info 2 /OUTPUT 1 "Sum";
    .port_info 3 /OUTPUT 1 "Cout";
L_000001f67dfe3610 .functor XOR 1, L_000001f67df1c3d0, L_000001f67dfe19a0, C4<0>, C4<0>;
L_000001f67dfe3060 .functor AND 1, L_000001f67df1c3d0, L_000001f67dfe19a0, C4<1>, C4<1>;
v000001f67df9df80_0 .net "A", 0 0, L_000001f67df1c3d0;  alias, 1 drivers
v000001f67df9ccc0_0 .net "B", 0 0, L_000001f67dfe19a0;  alias, 1 drivers
v000001f67df9d1c0_0 .net "Cout", 0 0, L_000001f67dfe3060;  alias, 1 drivers
v000001f67df9e020_0 .net "Sum", 0 0, L_000001f67dfe3610;  1 drivers
S_000001f67dfa5080 .scope module, "HA6" "half_adder" 7 314, 9 1 0, S_000001f67df7c500;
 .timescale 0 0;
    .port_info 0 /INPUT 1 "A";
    .port_info 1 /INPUT 1 "B";
    .port_info 2 /OUTPUT 1 "Sum";
    .port_info 3 /OUTPUT 1 "Cout";
L_000001f67dfe9100 .functor XOR 1, L_000001f67df1be20, L_000001f67dfe21f0, C4<0>, C4<0>;
L_000001f67dfe9800 .functor AND 1, L_000001f67df1be20, L_000001f67dfe21f0, C4<1>, C4<1>;
v000001f67df9d260_0 .net "A", 0 0, L_000001f67df1be20;  alias, 1 drivers
v000001f67df9e0c0_0 .net "B", 0 0, L_000001f67dfe21f0;  alias, 1 drivers
v000001f67df9d300_0 .net "Cout", 0 0, L_000001f67dfe9800;  alias, 1 drivers
v000001f67df9d3a0_0 .net "Sum", 0 0, L_000001f67dfe9100;  1 drivers
S_000001f67dfa5210 .scope module, "HA7" "half_adder" 7 385, 9 1 0, S_000001f67df7c500;
 .timescale 0 0;
    .port_info 0 /INPUT 1 "A";
    .port_info 1 /INPUT 1 "B";
    .port_info 2 /OUTPUT 1 "Sum";
    .port_info 3 /OUTPUT 1 "Cout";
L_000001f67dfe8680 .functor XOR 1, L_000001f67df1c0c0, L_000001f67dfe9790, C4<0>, C4<0>;
L_000001f67dfe8ed0 .functor AND 1, L_000001f67df1c0c0, L_000001f67dfe9790, C4<1>, C4<1>;
v000001f67df9d440_0 .net "A", 0 0, L_000001f67df1c0c0;  alias, 1 drivers
v000001f67df9d580_0 .net "B", 0 0, L_000001f67dfe9790;  alias, 1 drivers
v000001f67df9e160_0 .net "Cout", 0 0, L_000001f67dfe8ed0;  alias, 1 drivers
v000001f67df9c5e0_0 .net "Sum", 0 0, L_000001f67dfe8680;  1 drivers
S_000001f67dfa4ef0 .scope module, "HA8" "half_adder" 7 456, 9 1 0, S_000001f67df7c500;
 .timescale 0 0;
    .port_info 0 /INPUT 1 "A";
    .port_info 1 /INPUT 1 "B";
    .port_info 2 /OUTPUT 1 "Sum";
    .port_info 3 /OUTPUT 1 "Cout";
L_000001f67dfeb010 .functor XOR 1, L_000001f67df1cc20, L_000001f67dfe9330, C4<0>, C4<0>;
L_000001f67dfeb4e0 .functor AND 1, L_000001f67df1cc20, L_000001f67dfe9330, C4<1>, C4<1>;
v000001f67df9bdc0_0 .net "A", 0 0, L_000001f67df1cc20;  alias, 1 drivers
v000001f67df9e200_0 .net "B", 0 0, L_000001f67dfe9330;  alias, 1 drivers
v000001f67df9d6c0_0 .net "Cout", 0 0, L_000001f67dfeb4e0;  alias, 1 drivers
v000001f67df9d760_0 .net "Sum", 0 0, L_000001f67dfeb010;  1 drivers
S_000001f67dfa3aa0 .scope generate, "ROW[0]" "ROW[0]" 7 20, 7 20 0, S_000001f67df7c500;
 .timescale 0 0;
P_000001f67dedb7c0 .param/l "i" 1 7 20, +C4<00>;
S_000001f67dfa4d60 .scope generate, "COL[0]" "COL[0]" 7 21, 7 21 0, S_000001f67dfa3aa0;
 .timescale 0 0;
P_000001f67dedabc0 .param/l "j" 1 7 21, +C4<00>;
L_000001f67df1bdb0 .functor AND 1, L_000001f67dfc0390, L_000001f67dfc0430, C4<1>, C4<1>;
v000001f67df9baa0_0 .net *"_ivl_1", 0 0, L_000001f67dfc0390;  1 drivers
v000001f67df9d800_0 .net *"_ivl_2", 0 0, L_000001f67dfc0430;  1 drivers
S_000001f67dfa48b0 .scope generate, "COL[1]" "COL[1]" 7 21, 7 21 0, S_000001f67dfa3aa0;
 .timescale 0 0;
P_000001f67dedae40 .param/l "j" 1 7 21, +C4<01>;
L_000001f67df1b330 .functor AND 1, L_000001f67dfc07f0, L_000001f67dfbf030, C4<1>, C4<1>;
v000001f67df9bb40_0 .net *"_ivl_1", 0 0, L_000001f67dfc07f0;  1 drivers
v000001f67df9be60_0 .net *"_ivl_2", 0 0, L_000001f67dfbf030;  1 drivers
S_000001f67dfa56c0 .scope generate, "COL[2]" "COL[2]" 7 21, 7 21 0, S_000001f67dfa3aa0;
 .timescale 0 0;
P_000001f67dedaf00 .param/l "j" 1 7 21, +C4<010>;
L_000001f67df1b100 .functor AND 1, L_000001f67dfc10b0, L_000001f67dfc06b0, C4<1>, C4<1>;
v000001f67df9bf00_0 .net *"_ivl_1", 0 0, L_000001f67dfc10b0;  1 drivers
v000001f67df9f1a0_0 .net *"_ivl_2", 0 0, L_000001f67dfc06b0;  1 drivers
S_000001f67dfa5850 .scope generate, "COL[3]" "COL[3]" 7 21, 7 21 0, S_000001f67dfa3aa0;
 .timescale 0 0;
P_000001f67dedc180 .param/l "j" 1 7 21, +C4<011>;
L_000001f67df1c670 .functor AND 1, L_000001f67dfbf3f0, L_000001f67dfbf490, C4<1>, C4<1>;
v000001f67dfa0640_0 .net *"_ivl_1", 0 0, L_000001f67dfbf3f0;  1 drivers
v000001f67df9f380_0 .net *"_ivl_2", 0 0, L_000001f67dfbf490;  1 drivers
S_000001f67dfa3c30 .scope generate, "COL[4]" "COL[4]" 7 21, 7 21 0, S_000001f67dfa3aa0;
 .timescale 0 0;
P_000001f67dedc540 .param/l "j" 1 7 21, +C4<0100>;
L_000001f67df1c3d0 .functor AND 1, L_000001f67dfc1150, L_000001f67dfbf5d0, C4<1>, C4<1>;
v000001f67dfa0000_0 .net *"_ivl_1", 0 0, L_000001f67dfc1150;  1 drivers
v000001f67df9fc40_0 .net *"_ivl_2", 0 0, L_000001f67dfbf5d0;  1 drivers
S_000001f67dfa3dc0 .scope generate, "COL[5]" "COL[5]" 7 21, 7 21 0, S_000001f67dfa3aa0;
 .timescale 0 0;
P_000001f67dedc800 .param/l "j" 1 7 21, +C4<0101>;
L_000001f67df1be20 .functor AND 1, L_000001f67dfc04d0, L_000001f67dfbf670, C4<1>, C4<1>;
v000001f67df9efc0_0 .net *"_ivl_1", 0 0, L_000001f67dfc04d0;  1 drivers
v000001f67dfa0460_0 .net *"_ivl_2", 0 0, L_000001f67dfbf670;  1 drivers
S_000001f67dfa3f50 .scope generate, "COL[6]" "COL[6]" 7 21, 7 21 0, S_000001f67dfa3aa0;
 .timescale 0 0;
P_000001f67dedc600 .param/l "j" 1 7 21, +C4<0110>;
L_000001f67df1c0c0 .functor AND 1, L_000001f67dfc0570, L_000001f67dfbf710, C4<1>, C4<1>;
v000001f67df9e8e0_0 .net *"_ivl_1", 0 0, L_000001f67dfc0570;  1 drivers
v000001f67df9e2a0_0 .net *"_ivl_2", 0 0, L_000001f67dfbf710;  1 drivers
S_000001f67dfa40e0 .scope generate, "COL[7]" "COL[7]" 7 21, 7 21 0, S_000001f67dfa3aa0;
 .timescale 0 0;
P_000001f67dedc840 .param/l "j" 1 7 21, +C4<0111>;
L_000001f67df1cc20 .functor AND 1, L_000001f67dfc0750, L_000001f67dfc09d0, C4<1>, C4<1>;
v000001f67df9fba0_0 .net *"_ivl_1", 0 0, L_000001f67dfc0750;  1 drivers
v000001f67dfa0820_0 .net *"_ivl_2", 0 0, L_000001f67dfc09d0;  1 drivers
S_000001f67dfa4270 .scope generate, "ROW[1]" "ROW[1]" 7 20, 7 20 0, S_000001f67df7c500;
 .timescale 0 0;
P_000001f67dedc1c0 .param/l "i" 1 7 20, +C4<01>;
S_000001f67dfa4400 .scope generate, "COL[0]" "COL[0]" 7 21, 7 21 0, S_000001f67dfa4270;
 .timescale 0 0;
P_000001f67dedc080 .param/l "j" 1 7 21, +C4<00>;
L_000001f67df1b790 .functor AND 1, L_000001f67dfbf990, L_000001f67dfc0a70, C4<1>, C4<1>;
v000001f67df9f240_0 .net *"_ivl_1", 0 0, L_000001f67dfbf990;  1 drivers
v000001f67dfa06e0_0 .net *"_ivl_2", 0 0, L_000001f67dfc0a70;  1 drivers
S_000001f67dfa4590 .scope generate, "COL[1]" "COL[1]" 7 21, 7 21 0, S_000001f67dfa4270;
 .timescale 0 0;
P_000001f67dedbe40 .param/l "j" 1 7 21, +C4<01>;
L_000001f67df1b800 .functor AND 1, L_000001f67dfbf7b0, L_000001f67dfc0b10, C4<1>, C4<1>;
v000001f67df9e660_0 .net *"_ivl_1", 0 0, L_000001f67dfbf7b0;  1 drivers
v000001f67dfa0960_0 .net *"_ivl_2", 0 0, L_000001f67dfc0b10;  1 drivers
S_000001f67dfa4720 .scope generate, "COL[2]" "COL[2]" 7 21, 7 21 0, S_000001f67dfa4270;
 .timescale 0 0;
P_000001f67dedc580 .param/l "j" 1 7 21, +C4<010>;
L_000001f67df1b950 .functor AND 1, L_000001f67dfc18d0, L_000001f67dfc1bf0, C4<1>, C4<1>;
v000001f67dfa0140_0 .net *"_ivl_1", 0 0, L_000001f67dfc18d0;  1 drivers
v000001f67dfa00a0_0 .net *"_ivl_2", 0 0, L_000001f67dfc1bf0;  1 drivers
S_000001f67dfa4a40 .scope generate, "COL[3]" "COL[3]" 7 21, 7 21 0, S_000001f67dfa4270;
 .timescale 0 0;
P_000001f67dedc900 .param/l "j" 1 7 21, +C4<011>;
L_000001f67df1b870 .functor AND 1, L_000001f67dfc1c90, L_000001f67dfc1d30, C4<1>, C4<1>;
v000001f67df9f2e0_0 .net *"_ivl_1", 0 0, L_000001f67dfc1c90;  1 drivers
v000001f67df9ff60_0 .net *"_ivl_2", 0 0, L_000001f67dfc1d30;  1 drivers
S_000001f67dfa6410 .scope generate, "COL[4]" "COL[4]" 7 21, 7 21 0, S_000001f67dfa4270;
 .timescale 0 0;
P_000001f67dedbb80 .param/l "j" 1 7 21, +C4<0100>;
L_000001f67df1c9f0 .functor AND 1, L_000001f67dfc1dd0, L_000001f67dfc16f0, C4<1>, C4<1>;
v000001f67df9f420_0 .net *"_ivl_1", 0 0, L_000001f67dfc1dd0;  1 drivers
v000001f67df9f060_0 .net *"_ivl_2", 0 0, L_000001f67dfc16f0;  1 drivers
S_000001f67dfa5dd0 .scope generate, "COL[5]" "COL[5]" 7 21, 7 21 0, S_000001f67dfa4270;
 .timescale 0 0;
P_000001f67dedbb40 .param/l "j" 1 7 21, +C4<0101>;
L_000001f67df1cb40 .functor AND 1, L_000001f67dfc1970, L_000001f67dfc1a10, C4<1>, C4<1>;
v000001f67df9eac0_0 .net *"_ivl_1", 0 0, L_000001f67dfc1970;  1 drivers
v000001f67dfa08c0_0 .net *"_ivl_2", 0 0, L_000001f67dfc1a10;  1 drivers
S_000001f67dfa76d0 .scope generate, "COL[6]" "COL[6]" 7 21, 7 21 0, S_000001f67dfa4270;
 .timescale 0 0;
P_000001f67dedba80 .param/l "j" 1 7 21, +C4<0110>;
L_000001f67df1c130 .functor AND 1, L_000001f67dfc1790, L_000001f67dfc1ab0, C4<1>, C4<1>;
v000001f67df9ede0_0 .net *"_ivl_1", 0 0, L_000001f67dfc1790;  1 drivers
v000001f67df9e5c0_0 .net *"_ivl_2", 0 0, L_000001f67dfc1ab0;  1 drivers
S_000001f67dfa6d70 .scope generate, "COL[7]" "COL[7]" 7 21, 7 21 0, S_000001f67dfa4270;
 .timescale 0 0;
P_000001f67dedc4c0 .param/l "j" 1 7 21, +C4<0111>;
L_000001f67df1c750 .functor AND 1, L_000001f67dfc1b50, L_000001f67dfc1830, C4<1>, C4<1>;
v000001f67df9f100_0 .net *"_ivl_1", 0 0, L_000001f67dfc1b50;  1 drivers
v000001f67df9ea20_0 .net *"_ivl_2", 0 0, L_000001f67dfc1830;  1 drivers
S_000001f67dfa7220 .scope generate, "ROW[2]" "ROW[2]" 7 20, 7 20 0, S_000001f67df7c500;
 .timescale 0 0;
P_000001f67dedc780 .param/l "i" 1 7 20, +C4<010>;
S_000001f67dfa73b0 .scope generate, "COL[0]" "COL[0]" 7 21, 7 21 0, S_000001f67dfa7220;
 .timescale 0 0;
P_000001f67dedba40 .param/l "j" 1 7 21, +C4<00>;
L_000001f67df1b2c0 .functor AND 1, L_000001f67dfcbc80, L_000001f67dfcd4e0, C4<1>, C4<1>;
v000001f67df9f4c0_0 .net *"_ivl_1", 0 0, L_000001f67dfcbc80;  1 drivers
v000001f67df9ee80_0 .net *"_ivl_2", 0 0, L_000001f67dfcd4e0;  1 drivers
S_000001f67dfa5ab0 .scope generate, "COL[1]" "COL[1]" 7 21, 7 21 0, S_000001f67dfa7220;
 .timescale 0 0;
P_000001f67dedbe80 .param/l "j" 1 7 21, +C4<01>;
L_000001f67df1c830 .functor AND 1, L_000001f67dfcbe60, L_000001f67dfcbd20, C4<1>, C4<1>;
v000001f67df9e980_0 .net *"_ivl_1", 0 0, L_000001f67dfcbe60;  1 drivers
v000001f67df9f560_0 .net *"_ivl_2", 0 0, L_000001f67dfcbd20;  1 drivers
S_000001f67dfa7540 .scope generate, "COL[2]" "COL[2]" 7 21, 7 21 0, S_000001f67dfa7220;
 .timescale 0 0;
P_000001f67dedbc00 .param/l "j" 1 7 21, +C4<010>;
L_000001f67df1c8a0 .functor AND 1, L_000001f67dfcda80, L_000001f67dfcc5e0, C4<1>, C4<1>;
v000001f67dfa01e0_0 .net *"_ivl_1", 0 0, L_000001f67dfcda80;  1 drivers
v000001f67df9fec0_0 .net *"_ivl_2", 0 0, L_000001f67dfcc5e0;  1 drivers
S_000001f67dfa6730 .scope generate, "COL[3]" "COL[3]" 7 21, 7 21 0, S_000001f67dfa7220;
 .timescale 0 0;
P_000001f67dedbd80 .param/l "j" 1 7 21, +C4<011>;
L_000001f67df1b3a0 .functor AND 1, L_000001f67dfcc400, L_000001f67dfcd080, C4<1>, C4<1>;
v000001f67df9e3e0_0 .net *"_ivl_1", 0 0, L_000001f67dfcc400;  1 drivers
v000001f67df9f6a0_0 .net *"_ivl_2", 0 0, L_000001f67dfcd080;  1 drivers
S_000001f67dfa68c0 .scope generate, "COL[4]" "COL[4]" 7 21, 7 21 0, S_000001f67dfa7220;
 .timescale 0 0;
P_000001f67dedbbc0 .param/l "j" 1 7 21, +C4<0100>;
L_000001f67df1b1e0 .functor AND 1, L_000001f67dfccea0, L_000001f67dfcdb20, C4<1>, C4<1>;
v000001f67df9f600_0 .net *"_ivl_1", 0 0, L_000001f67dfccea0;  1 drivers
v000001f67df9f740_0 .net *"_ivl_2", 0 0, L_000001f67dfcdb20;  1 drivers
S_000001f67dfa65a0 .scope generate, "COL[5]" "COL[5]" 7 21, 7 21 0, S_000001f67dfa7220;
 .timescale 0 0;
P_000001f67dedbc80 .param/l "j" 1 7 21, +C4<0101>;
L_000001f67df1c980 .functor AND 1, L_000001f67dfcc860, L_000001f67dfcbfa0, C4<1>, C4<1>;
v000001f67df9eb60_0 .net *"_ivl_1", 0 0, L_000001f67dfcc860;  1 drivers
v000001f67df9f880_0 .net *"_ivl_2", 0 0, L_000001f67dfcbfa0;  1 drivers
S_000001f67dfa6f00 .scope generate, "COL[6]" "COL[6]" 7 21, 7 21 0, S_000001f67dfa7220;
 .timescale 0 0;
P_000001f67dedbfc0 .param/l "j" 1 7 21, +C4<0110>;
L_000001f67df1c910 .functor AND 1, L_000001f67dfcccc0, L_000001f67dfcd760, C4<1>, C4<1>;
v000001f67dfa0780_0 .net *"_ivl_1", 0 0, L_000001f67dfcccc0;  1 drivers
v000001f67df9e340_0 .net *"_ivl_2", 0 0, L_000001f67dfcd760;  1 drivers
S_000001f67dfa6280 .scope generate, "COL[7]" "COL[7]" 7 21, 7 21 0, S_000001f67dfa7220;
 .timescale 0 0;
P_000001f67dedc700 .param/l "j" 1 7 21, +C4<0111>;
L_000001f67df1ca60 .functor AND 1, L_000001f67dfcd1c0, L_000001f67dfccf40, C4<1>, C4<1>;
v000001f67dfa0a00_0 .net *"_ivl_1", 0 0, L_000001f67dfcd1c0;  1 drivers
v000001f67df9f7e0_0 .net *"_ivl_2", 0 0, L_000001f67dfccf40;  1 drivers
S_000001f67dfa6a50 .scope generate, "ROW[3]" "ROW[3]" 7 20, 7 20 0, S_000001f67df7c500;
 .timescale 0 0;
P_000001f67dedbc40 .param/l "i" 1 7 20, +C4<011>;
S_000001f67dfa7090 .scope generate, "COL[0]" "COL[0]" 7 21, 7 21 0, S_000001f67dfa6a50;
 .timescale 0 0;
P_000001f67dedc500 .param/l "j" 1 7 21, +C4<00>;
L_000001f67df1b480 .functor AND 1, L_000001f67dfcc9a0, L_000001f67dfcd260, C4<1>, C4<1>;
v000001f67df9e480_0 .net *"_ivl_1", 0 0, L_000001f67dfcc9a0;  1 drivers
v000001f67df9e520_0 .net *"_ivl_2", 0 0, L_000001f67dfcd260;  1 drivers
S_000001f67dfa6be0 .scope generate, "COL[1]" "COL[1]" 7 21, 7 21 0, S_000001f67dfa6a50;
 .timescale 0 0;
P_000001f67dedc7c0 .param/l "j" 1 7 21, +C4<01>;
L_000001f67df1b8e0 .functor AND 1, L_000001f67dfcc2c0, L_000001f67dfccd60, C4<1>, C4<1>;
v000001f67df9f920_0 .net *"_ivl_1", 0 0, L_000001f67dfcc2c0;  1 drivers
v000001f67dfa05a0_0 .net *"_ivl_2", 0 0, L_000001f67dfccd60;  1 drivers
S_000001f67dfa7860 .scope generate, "COL[2]" "COL[2]" 7 21, 7 21 0, S_000001f67dfa6a50;
 .timescale 0 0;
P_000001f67dedc5c0 .param/l "j" 1 7 21, +C4<010>;
L_000001f67df1cad0 .functor AND 1, L_000001f67dfcbaa0, L_000001f67dfccb80, C4<1>, C4<1>;
v000001f67df9fce0_0 .net *"_ivl_1", 0 0, L_000001f67dfcbaa0;  1 drivers
v000001f67df9e700_0 .net *"_ivl_2", 0 0, L_000001f67dfccb80;  1 drivers
S_000001f67dfa5c40 .scope generate, "COL[3]" "COL[3]" 7 21, 7 21 0, S_000001f67dfa6a50;
 .timescale 0 0;
P_000001f67dedbd40 .param/l "j" 1 7 21, +C4<011>;
L_000001f67df1cbb0 .functor AND 1, L_000001f67dfcbdc0, L_000001f67dfcb820, C4<1>, C4<1>;
v000001f67dfa0500_0 .net *"_ivl_1", 0 0, L_000001f67dfcbdc0;  1 drivers
v000001f67df9ef20_0 .net *"_ivl_2", 0 0, L_000001f67dfcb820;  1 drivers
S_000001f67dfa5f60 .scope generate, "COL[4]" "COL[4]" 7 21, 7 21 0, S_000001f67dfa6a50;
 .timescale 0 0;
P_000001f67dedbd00 .param/l "j" 1 7 21, +C4<0100>;
L_000001f67df1b170 .functor AND 1, L_000001f67dfcd120, L_000001f67dfcb8c0, C4<1>, C4<1>;
v000001f67df9e7a0_0 .net *"_ivl_1", 0 0, L_000001f67dfcd120;  1 drivers
v000001f67df9ec00_0 .net *"_ivl_2", 0 0, L_000001f67dfcb8c0;  1 drivers
S_000001f67dfa60f0 .scope generate, "COL[5]" "COL[5]" 7 21, 7 21 0, S_000001f67dfa6a50;
 .timescale 0 0;
P_000001f67dedbdc0 .param/l "j" 1 7 21, +C4<0101>;
L_000001f67df1cc90 .functor AND 1, L_000001f67dfcdbc0, L_000001f67dfcb640, C4<1>, C4<1>;
v000001f67df9eca0_0 .net *"_ivl_1", 0 0, L_000001f67dfcdbc0;  1 drivers
v000001f67df9e840_0 .net *"_ivl_2", 0 0, L_000001f67dfcb640;  1 drivers
S_000001f67dfa8bf0 .scope generate, "COL[6]" "COL[6]" 7 21, 7 21 0, S_000001f67dfa6a50;
 .timescale 0 0;
P_000001f67dedc940 .param/l "j" 1 7 21, +C4<0110>;
L_000001f67df1cd70 .functor AND 1, L_000001f67dfcc040, L_000001f67dfcd800, C4<1>, C4<1>;
v000001f67dfa0280_0 .net *"_ivl_1", 0 0, L_000001f67dfcc040;  1 drivers
v000001f67df9f9c0_0 .net *"_ivl_2", 0 0, L_000001f67dfcd800;  1 drivers
S_000001f67dfa8420 .scope generate, "COL[7]" "COL[7]" 7 21, 7 21 0, S_000001f67dfa6a50;
 .timescale 0 0;
P_000001f67dedbec0 .param/l "j" 1 7 21, +C4<0111>;
L_000001f67df1d240 .functor AND 1, L_000001f67dfcd8a0, L_000001f67dfcc720, C4<1>, C4<1>;
v000001f67df9fd80_0 .net *"_ivl_1", 0 0, L_000001f67dfcd8a0;  1 drivers
v000001f67df9ed40_0 .net *"_ivl_2", 0 0, L_000001f67dfcc720;  1 drivers
S_000001f67dfa7de0 .scope generate, "ROW[4]" "ROW[4]" 7 20, 7 20 0, S_000001f67df7c500;
 .timescale 0 0;
P_000001f67dedbf40 .param/l "i" 1 7 20, +C4<0100>;
S_000001f67dfa7ac0 .scope generate, "COL[0]" "COL[0]" 7 21, 7 21 0, S_000001f67dfa7de0;
 .timescale 0 0;
P_000001f67dedc000 .param/l "j" 1 7 21, +C4<00>;
L_000001f67df1cd00 .functor AND 1, L_000001f67dfccfe0, L_000001f67dfcce00, C4<1>, C4<1>;
v000001f67df9fe20_0 .net *"_ivl_1", 0 0, L_000001f67dfccfe0;  1 drivers
v000001f67df9fa60_0 .net *"_ivl_2", 0 0, L_000001f67dfcce00;  1 drivers
S_000001f67dfa9870 .scope generate, "COL[1]" "COL[1]" 7 21, 7 21 0, S_000001f67dfa7de0;
 .timescale 0 0;
P_000001f67dedc0c0 .param/l "j" 1 7 21, +C4<01>;
L_000001f67df1cde0 .functor AND 1, L_000001f67dfcd300, L_000001f67dfcb960, C4<1>, C4<1>;
v000001f67df9fb00_0 .net *"_ivl_1", 0 0, L_000001f67dfcd300;  1 drivers
v000001f67dfa0320_0 .net *"_ivl_2", 0 0, L_000001f67dfcb960;  1 drivers
S_000001f67dfa8740 .scope generate, "COL[2]" "COL[2]" 7 21, 7 21 0, S_000001f67dfa7de0;
 .timescale 0 0;
P_000001f67dedc100 .param/l "j" 1 7 21, +C4<010>;
L_000001f67df1cfa0 .functor AND 1, L_000001f67dfcd3a0, L_000001f67dfcba00, C4<1>, C4<1>;
v000001f67dfa03c0_0 .net *"_ivl_1", 0 0, L_000001f67dfcd3a0;  1 drivers
v000001f67dfa1f40_0 .net *"_ivl_2", 0 0, L_000001f67dfcba00;  1 drivers
S_000001f67dfa8d80 .scope generate, "COL[3]" "COL[3]" 7 21, 7 21 0, S_000001f67dfa7de0;
 .timescale 0 0;
P_000001f67dedc880 .param/l "j" 1 7 21, +C4<011>;
L_000001f67df1cf30 .functor AND 1, L_000001f67dfcc0e0, L_000001f67dfcc180, C4<1>, C4<1>;
v000001f67dfa12c0_0 .net *"_ivl_1", 0 0, L_000001f67dfcc0e0;  1 drivers
v000001f67dfa1680_0 .net *"_ivl_2", 0 0, L_000001f67dfcc180;  1 drivers
S_000001f67dfa7f70 .scope generate, "COL[4]" "COL[4]" 7 21, 7 21 0, S_000001f67dfa7de0;
 .timescale 0 0;
P_000001f67dedb980 .param/l "j" 1 7 21, +C4<0100>;
L_000001f67df1d010 .functor AND 1, L_000001f67dfcbb40, L_000001f67dfcd580, C4<1>, C4<1>;
v000001f67dfa1180_0 .net *"_ivl_1", 0 0, L_000001f67dfcbb40;  1 drivers
v000001f67dfa2d00_0 .net *"_ivl_2", 0 0, L_000001f67dfcd580;  1 drivers
S_000001f67dfa8290 .scope generate, "COL[5]" "COL[5]" 7 21, 7 21 0, S_000001f67dfa7de0;
 .timescale 0 0;
P_000001f67dedc240 .param/l "j" 1 7 21, +C4<0101>;
L_000001f67df1d1d0 .functor AND 1, L_000001f67dfcd440, L_000001f67dfcb780, C4<1>, C4<1>;
v000001f67dfa0fa0_0 .net *"_ivl_1", 0 0, L_000001f67dfcd440;  1 drivers
v000001f67dfa1360_0 .net *"_ivl_2", 0 0, L_000001f67dfcb780;  1 drivers
S_000001f67dfa8100 .scope generate, "COL[6]" "COL[6]" 7 21, 7 21 0, S_000001f67dfa7de0;
 .timescale 0 0;
P_000001f67dedc640 .param/l "j" 1 7 21, +C4<0110>;
L_000001f67df1ce50 .functor AND 1, L_000001f67dfcb460, L_000001f67dfcc220, C4<1>, C4<1>;
v000001f67dfa2580_0 .net *"_ivl_1", 0 0, L_000001f67dfcb460;  1 drivers
v000001f67dfa2da0_0 .net *"_ivl_2", 0 0, L_000001f67dfcc220;  1 drivers
S_000001f67dfa85b0 .scope generate, "COL[7]" "COL[7]" 7 21, 7 21 0, S_000001f67dfa7de0;
 .timescale 0 0;
P_000001f67dedc340 .param/l "j" 1 7 21, +C4<0111>;
L_000001f67df1d160 .functor AND 1, L_000001f67dfcc360, L_000001f67dfcc4a0, C4<1>, C4<1>;
v000001f67dfa1900_0 .net *"_ivl_1", 0 0, L_000001f67dfcc360;  1 drivers
v000001f67dfa1ea0_0 .net *"_ivl_2", 0 0, L_000001f67dfcc4a0;  1 drivers
S_000001f67dfa7c50 .scope generate, "ROW[5]" "ROW[5]" 7 20, 7 20 0, S_000001f67df7c500;
 .timescale 0 0;
P_000001f67dedc3c0 .param/l "i" 1 7 20, +C4<0101>;
S_000001f67dfa9230 .scope generate, "COL[0]" "COL[0]" 7 21, 7 21 0, S_000001f67dfa7c50;
 .timescale 0 0;
P_000001f67dedc8c0 .param/l "j" 1 7 21, +C4<00>;
L_000001f67df1d2b0 .functor AND 1, L_000001f67dfcc7c0, L_000001f67dfcd940, C4<1>, C4<1>;
v000001f67dfa0b40_0 .net *"_ivl_1", 0 0, L_000001f67dfcc7c0;  1 drivers
v000001f67dfa24e0_0 .net *"_ivl_2", 0 0, L_000001f67dfcd940;  1 drivers
S_000001f67dfa88d0 .scope generate, "COL[1]" "COL[1]" 7 21, 7 21 0, S_000001f67dfa7c50;
 .timescale 0 0;
P_000001f67dedb9c0 .param/l "j" 1 7 21, +C4<01>;
L_000001f67df1cec0 .functor AND 1, L_000001f67dfcbbe0, L_000001f67dfcb500, C4<1>, C4<1>;
v000001f67dfa1ae0_0 .net *"_ivl_1", 0 0, L_000001f67dfcbbe0;  1 drivers
v000001f67dfa17c0_0 .net *"_ivl_2", 0 0, L_000001f67dfcb500;  1 drivers
S_000001f67dfa8a60 .scope generate, "COL[2]" "COL[2]" 7 21, 7 21 0, S_000001f67dfa7c50;
 .timescale 0 0;
P_000001f67dedc680 .param/l "j" 1 7 21, +C4<010>;
L_000001f67df1d320 .functor AND 1, L_000001f67dfcd620, L_000001f67dfcd6c0, C4<1>, C4<1>;
v000001f67dfa2440_0 .net *"_ivl_1", 0 0, L_000001f67dfcd620;  1 drivers
v000001f67dfa1b80_0 .net *"_ivl_2", 0 0, L_000001f67dfcd6c0;  1 drivers
S_000001f67dfa96e0 .scope generate, "COL[3]" "COL[3]" 7 21, 7 21 0, S_000001f67dfa7c50;
 .timescale 0 0;
P_000001f67dedc400 .param/l "j" 1 7 21, +C4<011>;
L_000001f67df1d080 .functor AND 1, L_000001f67dfcc540, L_000001f67dfcd9e0, C4<1>, C4<1>;
v000001f67dfa1400_0 .net *"_ivl_1", 0 0, L_000001f67dfcc540;  1 drivers
v000001f67dfa2620_0 .net *"_ivl_2", 0 0, L_000001f67dfcd9e0;  1 drivers
S_000001f67dfa8f10 .scope generate, "COL[4]" "COL[4]" 7 21, 7 21 0, S_000001f67dfa7c50;
 .timescale 0 0;
P_000001f67dedc440 .param/l "j" 1 7 21, +C4<0100>;
L_000001f67df1d390 .functor AND 1, L_000001f67dfcc900, L_000001f67dfcc680, C4<1>, C4<1>;
v000001f67dfa0c80_0 .net *"_ivl_1", 0 0, L_000001f67dfcc900;  1 drivers
v000001f67dfa1cc0_0 .net *"_ivl_2", 0 0, L_000001f67dfcc680;  1 drivers
S_000001f67dfa90a0 .scope generate, "COL[5]" "COL[5]" 7 21, 7 21 0, S_000001f67dfa7c50;
 .timescale 0 0;
P_000001f67dedc6c0 .param/l "j" 1 7 21, +C4<0101>;
L_000001f67df1d0f0 .functor AND 1, L_000001f67dfcca40, L_000001f67dfcb5a0, C4<1>, C4<1>;
v000001f67dfa3160_0 .net *"_ivl_1", 0 0, L_000001f67dfcca40;  1 drivers
v000001f67dfa2e40_0 .net *"_ivl_2", 0 0, L_000001f67dfcb5a0;  1 drivers
S_000001f67dfa93c0 .scope generate, "COL[6]" "COL[6]" 7 21, 7 21 0, S_000001f67dfa7c50;
 .timescale 0 0;
P_000001f67dedba00 .param/l "j" 1 7 21, +C4<0110>;
L_000001f67df1a920 .functor AND 1, L_000001f67dfccae0, L_000001f67dfcb6e0, C4<1>, C4<1>;
v000001f67dfa26c0_0 .net *"_ivl_1", 0 0, L_000001f67dfccae0;  1 drivers
v000001f67dfa14a0_0 .net *"_ivl_2", 0 0, L_000001f67dfcb6e0;  1 drivers
S_000001f67dfa9550 .scope generate, "COL[7]" "COL[7]" 7 21, 7 21 0, S_000001f67dfa7c50;
 .timescale 0 0;
P_000001f67dedbac0 .param/l "j" 1 7 21, +C4<0111>;
L_000001f67df19ce0 .functor AND 1, L_000001f67dfcbf00, L_000001f67dfccc20, C4<1>, C4<1>;
v000001f67dfa2760_0 .net *"_ivl_1", 0 0, L_000001f67dfcbf00;  1 drivers
v000001f67dfa1540_0 .net *"_ivl_2", 0 0, L_000001f67dfccc20;  1 drivers
S_000001f67dfb25d0 .scope generate, "ROW[6]" "ROW[6]" 7 20, 7 20 0, S_000001f67df7c500;
 .timescale 0 0;
P_000001f67dedcf80 .param/l "i" 1 7 20, +C4<0110>;
S_000001f67dfb2440 .scope generate, "COL[0]" "COL[0]" 7 21, 7 21 0, S_000001f67dfb25d0;
 .timescale 0 0;
P_000001f67dedd880 .param/l "j" 1 7 21, +C4<00>;
L_000001f67df1a140 .functor AND 1, L_000001f67dfcde40, L_000001f67dfd0320, C4<1>, C4<1>;
v000001f67dfa2ee0_0 .net *"_ivl_1", 0 0, L_000001f67dfcde40;  1 drivers
v000001f67dfa1e00_0 .net *"_ivl_2", 0 0, L_000001f67dfd0320;  1 drivers
S_000001f67dfb2760 .scope generate, "COL[1]" "COL[1]" 7 21, 7 21 0, S_000001f67dfb25d0;
 .timescale 0 0;
P_000001f67dedcec0 .param/l "j" 1 7 21, +C4<01>;
L_000001f67df1aa00 .functor AND 1, L_000001f67dfcf9c0, L_000001f67dfd0280, C4<1>, C4<1>;
v000001f67dfa15e0_0 .net *"_ivl_1", 0 0, L_000001f67dfcf9c0;  1 drivers
v000001f67dfa10e0_0 .net *"_ivl_2", 0 0, L_000001f67dfd0280;  1 drivers
S_000001f67dfb33e0 .scope generate, "COL[2]" "COL[2]" 7 21, 7 21 0, S_000001f67dfb25d0;
 .timescale 0 0;
P_000001f67dedd180 .param/l "j" 1 7 21, +C4<010>;
L_000001f67df19a40 .functor AND 1, L_000001f67dfce3e0, L_000001f67dfd03c0, C4<1>, C4<1>;
v000001f67dfa2260_0 .net *"_ivl_1", 0 0, L_000001f67dfce3e0;  1 drivers
v000001f67dfa2f80_0 .net *"_ivl_2", 0 0, L_000001f67dfd03c0;  1 drivers
S_000001f67dfb2120 .scope generate, "COL[3]" "COL[3]" 7 21, 7 21 0, S_000001f67dfb25d0;
 .timescale 0 0;
P_000001f67dedce80 .param/l "j" 1 7 21, +C4<011>;
L_000001f67df19b90 .functor AND 1, L_000001f67dfcf600, L_000001f67dfcdc60, C4<1>, C4<1>;
v000001f67dfa23a0_0 .net *"_ivl_1", 0 0, L_000001f67dfcf600;  1 drivers
v000001f67dfa1d60_0 .net *"_ivl_2", 0 0, L_000001f67dfcdc60;  1 drivers
S_000001f67dfb28f0 .scope generate, "COL[4]" "COL[4]" 7 21, 7 21 0, S_000001f67dfb25d0;
 .timescale 0 0;
P_000001f67dedcd80 .param/l "j" 1 7 21, +C4<0100>;
L_000001f67df1af40 .functor AND 1, L_000001f67dfceac0, L_000001f67dfcf920, C4<1>, C4<1>;
v000001f67dfa1220_0 .net *"_ivl_1", 0 0, L_000001f67dfceac0;  1 drivers
v000001f67dfa1720_0 .net *"_ivl_2", 0 0, L_000001f67dfcf920;  1 drivers
S_000001f67dfb3890 .scope generate, "COL[5]" "COL[5]" 7 21, 7 21 0, S_000001f67dfb25d0;
 .timescale 0 0;
P_000001f67dedca40 .param/l "j" 1 7 21, +C4<0101>;
L_000001f67df19880 .functor AND 1, L_000001f67dfcea20, L_000001f67dfcfd80, C4<1>, C4<1>;
v000001f67dfa1fe0_0 .net *"_ivl_1", 0 0, L_000001f67dfcea20;  1 drivers
v000001f67dfa28a0_0 .net *"_ivl_2", 0 0, L_000001f67dfcfd80;  1 drivers
S_000001f67dfb1ae0 .scope generate, "COL[6]" "COL[6]" 7 21, 7 21 0, S_000001f67dfb25d0;
 .timescale 0 0;
P_000001f67dedd900 .param/l "j" 1 7 21, +C4<0110>;
L_000001f67df1afb0 .functor AND 1, L_000001f67dfce480, L_000001f67dfce520, C4<1>, C4<1>;
v000001f67dfa3020_0 .net *"_ivl_1", 0 0, L_000001f67dfce480;  1 drivers
v000001f67dfa2120_0 .net *"_ivl_2", 0 0, L_000001f67dfce520;  1 drivers
S_000001f67dfb1f90 .scope generate, "COL[7]" "COL[7]" 7 21, 7 21 0, S_000001f67dfb25d0;
 .timescale 0 0;
P_000001f67dedd3c0 .param/l "j" 1 7 21, +C4<0111>;
L_000001f67df1a8b0 .functor AND 1, L_000001f67dfcf380, L_000001f67dfceb60, C4<1>, C4<1>;
v000001f67dfa1860_0 .net *"_ivl_1", 0 0, L_000001f67dfcf380;  1 drivers
v000001f67dfa19a0_0 .net *"_ivl_2", 0 0, L_000001f67dfceb60;  1 drivers
S_000001f67dfb22b0 .scope generate, "ROW[7]" "ROW[7]" 7 20, 7 20 0, S_000001f67df7c500;
 .timescale 0 0;
P_000001f67dedd440 .param/l "i" 1 7 20, +C4<0111>;
S_000001f67dfb2a80 .scope generate, "COL[0]" "COL[0]" 7 21, 7 21 0, S_000001f67dfb22b0;
 .timescale 0 0;
P_000001f67dedc9c0 .param/l "j" 1 7 21, +C4<00>;
L_000001f67df19f80 .functor AND 1, L_000001f67dfcff60, L_000001f67dfcfa60, C4<1>, C4<1>;
v000001f67dfa1a40_0 .net *"_ivl_1", 0 0, L_000001f67dfcff60;  1 drivers
v000001f67dfa1c20_0 .net *"_ivl_2", 0 0, L_000001f67dfcfa60;  1 drivers
S_000001f67dfb1c70 .scope generate, "COL[1]" "COL[1]" 7 21, 7 21 0, S_000001f67dfb22b0;
 .timescale 0 0;
P_000001f67dedd800 .param/l "j" 1 7 21, +C4<01>;
L_000001f67df196c0 .functor AND 1, L_000001f67dfce200, L_000001f67dfd00a0, C4<1>, C4<1>;
v000001f67dfa2080_0 .net *"_ivl_1", 0 0, L_000001f67dfce200;  1 drivers
v000001f67dfa21c0_0 .net *"_ivl_2", 0 0, L_000001f67dfd00a0;  1 drivers
S_000001f67dfb2c10 .scope generate, "COL[2]" "COL[2]" 7 21, 7 21 0, S_000001f67dfb22b0;
 .timescale 0 0;
P_000001f67dedcd40 .param/l "j" 1 7 21, +C4<010>;
L_000001f67df19650 .functor AND 1, L_000001f67dfced40, L_000001f67dfcdd00, C4<1>, C4<1>;
v000001f67dfa2300_0 .net *"_ivl_1", 0 0, L_000001f67dfced40;  1 drivers
v000001f67dfa2b20_0 .net *"_ivl_2", 0 0, L_000001f67dfcdd00;  1 drivers
S_000001f67dfb2da0 .scope generate, "COL[3]" "COL[3]" 7 21, 7 21 0, S_000001f67dfb22b0;
 .timescale 0 0;
P_000001f67dedca80 .param/l "j" 1 7 21, +C4<011>;
L_000001f67df1aed0 .functor AND 1, L_000001f67dfce8e0, L_000001f67dfcf060, C4<1>, C4<1>;
v000001f67dfa2800_0 .net *"_ivl_1", 0 0, L_000001f67dfce8e0;  1 drivers
v000001f67dfa1040_0 .net *"_ivl_2", 0 0, L_000001f67dfcf060;  1 drivers
S_000001f67dfb2f30 .scope generate, "COL[4]" "COL[4]" 7 21, 7 21 0, S_000001f67dfb22b0;
 .timescale 0 0;
P_000001f67dedd380 .param/l "j" 1 7 21, +C4<0100>;
L_000001f67df1b020 .functor AND 1, L_000001f67dfcfec0, L_000001f67dfcefc0, C4<1>, C4<1>;
v000001f67dfa2940_0 .net *"_ivl_1", 0 0, L_000001f67dfcfec0;  1 drivers
v000001f67dfa29e0_0 .net *"_ivl_2", 0 0, L_000001f67dfcefc0;  1 drivers
S_000001f67dfb30c0 .scope generate, "COL[5]" "COL[5]" 7 21, 7 21 0, S_000001f67dfb22b0;
 .timescale 0 0;
P_000001f67dedcfc0 .param/l "j" 1 7 21, +C4<0101>;
L_000001f67df19b20 .functor AND 1, L_000001f67dfce980, L_000001f67dfcfce0, C4<1>, C4<1>;
v000001f67dfa2a80_0 .net *"_ivl_1", 0 0, L_000001f67dfce980;  1 drivers
v000001f67dfa2bc0_0 .net *"_ivl_2", 0 0, L_000001f67dfcfce0;  1 drivers
S_000001f67dfb3250 .scope generate, "COL[6]" "COL[6]" 7 21, 7 21 0, S_000001f67dfb22b0;
 .timescale 0 0;
P_000001f67dedd600 .param/l "j" 1 7 21, +C4<0110>;
L_000001f67df199d0 .functor AND 1, L_000001f67dfcec00, L_000001f67dfcfe20, C4<1>, C4<1>;
v000001f67dfa2c60_0 .net *"_ivl_1", 0 0, L_000001f67dfcec00;  1 drivers
v000001f67dfa30c0_0 .net *"_ivl_2", 0 0, L_000001f67dfcfe20;  1 drivers
S_000001f67dfb3570 .scope generate, "COL[7]" "COL[7]" 7 21, 7 21 0, S_000001f67dfb22b0;
 .timescale 0 0;
P_000001f67dedca00 .param/l "j" 1 7 21, +C4<0111>;
L_000001f67df1adf0 .functor AND 1, L_000001f67dfcf420, L_000001f67dfd0000, C4<1>, C4<1>;
v000001f67dfa3200_0 .net *"_ivl_1", 0 0, L_000001f67dfcf420;  1 drivers
v000001f67dfa0aa0_0 .net *"_ivl_2", 0 0, L_000001f67dfd0000;  1 drivers
S_000001f67dfb3700 .scope module, "RCA" "ripple_adder_16" 4 38, 10 1 0, S_000001f67dd743e0;
 .timescale 0 0;
    .port_info 0 /INPUT 16 "A";
    .port_info 1 /INPUT 16 "B";
    .port_info 2 /INPUT 1 "Cin";
    .port_info 3 /OUTPUT 16 "Sum";
    .port_info 4 /OUTPUT 1 "Cout";
L_000001f67e010088 .functor BUFT 1, C4<0>, C4<0>, C4<0>, C4<0>;
L_000001f67dfedc70 .functor BUFZ 1, L_000001f67e010088, C4<0>, C4<0>, C4<0>;
v000001f67dfbf8f0_0 .net "A", 15 0, L_000001f67dfce5c0;  alias, 1 drivers
v000001f67dfbf530_0 .net "B", 15 0, L_000001f67dfd1900;  alias, 1 drivers
v000001f67dfc0f70_0 .net "Cin", 0 0, L_000001f67e010088;  1 drivers
v000001f67dfc0930_0 .net "Cout", 0 0, L_000001f67dfd1400;  alias, 1 drivers
v000001f67dfc0890_0 .net "Sum", 15 0, L_000001f67dfd1180;  alias, 1 drivers
v000001f67dfc11f0_0 .net *"_ivl_117", 0 0, L_000001f67dfedc70;  1 drivers
v000001f67dfc1470_0 .net "carry", 16 0, L_000001f67dfd2440;  1 drivers
L_000001f67dfcfba0 .part L_000001f67dfce5c0, 0, 1;
L_000001f67dfce2a0 .part L_000001f67dfd1900, 0, 1;
L_000001f67dfcdda0 .part L_000001f67dfd2440, 0, 1;
L_000001f67dfd0140 .part L_000001f67dfce5c0, 1, 1;
L_000001f67dfce840 .part L_000001f67dfd1900, 1, 1;
L_000001f67dfcdee0 .part L_000001f67dfd2440, 1, 1;
L_000001f67dfceca0 .part L_000001f67dfce5c0, 2, 1;
L_000001f67dfd01e0 .part L_000001f67dfd1900, 2, 1;
L_000001f67dfcdf80 .part L_000001f67dfd2440, 2, 1;
L_000001f67dfcef20 .part L_000001f67dfce5c0, 3, 1;
L_000001f67dfcede0 .part L_000001f67dfd1900, 3, 1;
L_000001f67dfcfb00 .part L_000001f67dfd2440, 3, 1;
L_000001f67dfce020 .part L_000001f67dfce5c0, 4, 1;
L_000001f67dfcee80 .part L_000001f67dfd1900, 4, 1;
L_000001f67dfce660 .part L_000001f67dfd2440, 4, 1;
L_000001f67dfce0c0 .part L_000001f67dfce5c0, 5, 1;
L_000001f67dfcf100 .part L_000001f67dfd1900, 5, 1;
L_000001f67dfcf1a0 .part L_000001f67dfd2440, 5, 1;
L_000001f67dfcfc40 .part L_000001f67dfce5c0, 6, 1;
L_000001f67dfce160 .part L_000001f67dfd1900, 6, 1;
L_000001f67dfce340 .part L_000001f67dfd2440, 6, 1;
L_000001f67dfce700 .part L_000001f67dfce5c0, 7, 1;
L_000001f67dfce7a0 .part L_000001f67dfd1900, 7, 1;
L_000001f67dfcf240 .part L_000001f67dfd2440, 7, 1;
L_000001f67dfcf4c0 .part L_000001f67dfce5c0, 8, 1;
L_000001f67dfcf2e0 .part L_000001f67dfd1900, 8, 1;
L_000001f67dfcf560 .part L_000001f67dfd2440, 8, 1;
L_000001f67dfcf6a0 .part L_000001f67dfce5c0, 9, 1;
L_000001f67dfcf740 .part L_000001f67dfd1900, 9, 1;
L_000001f67dfcf7e0 .part L_000001f67dfd2440, 9, 1;
L_000001f67dfcf880 .part L_000001f67dfce5c0, 10, 1;
L_000001f67dfd1540 .part L_000001f67dfd1900, 10, 1;
L_000001f67dfd24e0 .part L_000001f67dfd2440, 10, 1;
L_000001f67dfd1360 .part L_000001f67dfce5c0, 11, 1;
L_000001f67dfd2120 .part L_000001f67dfd1900, 11, 1;
L_000001f67dfd0640 .part L_000001f67dfd2440, 11, 1;
L_000001f67dfd06e0 .part L_000001f67dfce5c0, 12, 1;
L_000001f67dfd0820 .part L_000001f67dfd1900, 12, 1;
L_000001f67dfd23a0 .part L_000001f67dfd2440, 12, 1;
L_000001f67dfd12c0 .part L_000001f67dfce5c0, 13, 1;
L_000001f67dfd1d60 .part L_000001f67dfd1900, 13, 1;
L_000001f67dfd17c0 .part L_000001f67dfd2440, 13, 1;
L_000001f67dfd26c0 .part L_000001f67dfce5c0, 14, 1;
L_000001f67dfd05a0 .part L_000001f67dfd1900, 14, 1;
L_000001f67dfd1040 .part L_000001f67dfd2440, 14, 1;
L_000001f67dfd1a40 .part L_000001f67dfce5c0, 15, 1;
L_000001f67dfd2760 .part L_000001f67dfd1900, 15, 1;
L_000001f67dfd10e0 .part L_000001f67dfd2440, 15, 1;
LS_000001f67dfd1180_0_0 .concat8 [ 1 1 1 1], L_000001f67dfec700, L_000001f67dfec380, L_000001f67dfecb60, L_000001f67dfec070;
LS_000001f67dfd1180_0_4 .concat8 [ 1 1 1 1], L_000001f67dfecc40, L_000001f67dfed340, L_000001f67dfec000, L_000001f67dfed420;
LS_000001f67dfd1180_0_8 .concat8 [ 1 1 1 1], L_000001f67dfef2c0, L_000001f67dfedab0, L_000001f67dfef330, L_000001f67dfee0d0;
LS_000001f67dfd1180_0_12 .concat8 [ 1 1 1 1], L_000001f67dfee5a0, L_000001f67dfee220, L_000001f67dfee370, L_000001f67dfee610;
L_000001f67dfd1180 .concat8 [ 4 4 4 4], LS_000001f67dfd1180_0_0, LS_000001f67dfd1180_0_4, LS_000001f67dfd1180_0_8, LS_000001f67dfd1180_0_12;
LS_000001f67dfd2440_0_0 .concat8 [ 1 1 1 1], L_000001f67dfedc70, L_000001f67dfebf90, L_000001f67dfed500, L_000001f67dfec5b0;
LS_000001f67dfd2440_0_4 .concat8 [ 1 1 1 1], L_000001f67dfebeb0, L_000001f67dfed960, L_000001f67dfecd90, L_000001f67dfed5e0;
LS_000001f67dfd2440_0_8 .concat8 [ 1 1 1 1], L_000001f67dfef4f0, L_000001f67dfedd50, L_000001f67dfeddc0, L_000001f67dfef250;
LS_000001f67dfd2440_0_12 .concat8 [ 1 1 1 1], L_000001f67dfeeae0, L_000001f67dfeee60, L_000001f67dfedf80, L_000001f67dfeec30;
LS_000001f67dfd2440_0_16 .concat8 [ 1 0 0 0], L_000001f67dfedc00;
LS_000001f67dfd2440_1_0 .concat8 [ 4 4 4 4], LS_000001f67dfd2440_0_0, LS_000001f67dfd2440_0_4, LS_000001f67dfd2440_0_8, LS_000001f67dfd2440_0_12;
LS_000001f67dfd2440_1_4 .concat8 [ 1 0 0 0], LS_000001f67dfd2440_0_16;
L_000001f67dfd2440 .concat8 [ 16 1 0 0], LS_000001f67dfd2440_1_0, LS_000001f67dfd2440_1_4;
L_000001f67dfd1400 .part L_000001f67dfd2440, 16, 1;
S_000001f67dfb1e00 .scope generate, "FA_STAGE[0]" "FA_STAGE[0]" 10 17, 10 17 0, S_000001f67dfb3700;
 .timescale 0 0;
P_000001f67dedd040 .param/l "i" 1 10 17, +C4<00>;
S_000001f67dfb9640 .scope module, "FA" "full_adder" 10 18, 8 1 0, S_000001f67dfb1e00;
 .timescale 0 0;
    .port_info 0 /INPUT 1 "A";
    .port_info 1 /INPUT 1 "B";
    .port_info 2 /INPUT 1 "Cin";
    .port_info 3 /OUTPUT 1 "Sum";
    .port_info 4 /OUTPUT 1 "Cout";
L_000001f67dfecfc0 .functor XOR 1, L_000001f67dfcfba0, L_000001f67dfce2a0, C4<0>, C4<0>;
L_000001f67dfec700 .functor XOR 1, L_000001f67dfecfc0, L_000001f67dfcdda0, C4<0>, C4<0>;
L_000001f67dfec930 .functor AND 1, L_000001f67dfcfba0, L_000001f67dfce2a0, C4<1>, C4<1>;
L_000001f67dfed030 .functor AND 1, L_000001f67dfcfba0, L_000001f67dfcdda0, C4<1>, C4<1>;
L_000001f67dfece00 .functor OR 1, L_000001f67dfec930, L_000001f67dfed030, C4<0>, C4<0>;
L_000001f67dfec150 .functor AND 1, L_000001f67dfce2a0, L_000001f67dfcdda0, C4<1>, C4<1>;
L_000001f67dfebf90 .functor OR 1, L_000001f67dfece00, L_000001f67dfec150, C4<0>, C4<0>;
v000001f67dfa3700_0 .net "A", 0 0, L_000001f67dfcfba0;  1 drivers
v000001f67dfa38e0_0 .net "B", 0 0, L_000001f67dfce2a0;  1 drivers
v000001f67dfa3480_0 .net "Cin", 0 0, L_000001f67dfcdda0;  1 drivers
v000001f67dfa32a0_0 .net "Cout", 0 0, L_000001f67dfebf90;  1 drivers
v000001f67dfa3520_0 .net "Sum", 0 0, L_000001f67dfec700;  1 drivers
v000001f67dfa3340_0 .net *"_ivl_0", 0 0, L_000001f67dfecfc0;  1 drivers
v000001f67dfa35c0_0 .net *"_ivl_10", 0 0, L_000001f67dfec150;  1 drivers
v000001f67dfa33e0_0 .net *"_ivl_4", 0 0, L_000001f67dfec930;  1 drivers
v000001f67dfa37a0_0 .net *"_ivl_6", 0 0, L_000001f67dfed030;  1 drivers
v000001f67dfa3840_0 .net *"_ivl_8", 0 0, L_000001f67dfece00;  1 drivers
S_000001f67dfb8b50 .scope generate, "FA_STAGE[1]" "FA_STAGE[1]" 10 17, 10 17 0, S_000001f67dfb3700;
 .timescale 0 0;
P_000001f67dedd840 .param/l "i" 1 10 17, +C4<01>;
S_000001f67dfb7ed0 .scope module, "FA" "full_adder" 10 18, 8 1 0, S_000001f67dfb8b50;
 .timescale 0 0;
    .port_info 0 /INPUT 1 "A";
    .port_info 1 /INPUT 1 "B";
    .port_info 2 /INPUT 1 "Cin";
    .port_info 3 /OUTPUT 1 "Sum";
    .port_info 4 /OUTPUT 1 "Cout";
L_000001f67dfed110 .functor XOR 1, L_000001f67dfd0140, L_000001f67dfce840, C4<0>, C4<0>;
L_000001f67dfec380 .functor XOR 1, L_000001f67dfed110, L_000001f67dfcdee0, C4<0>, C4<0>;
L_000001f67dfec850 .functor AND 1, L_000001f67dfd0140, L_000001f67dfce840, C4<1>, C4<1>;
L_000001f67dfec9a0 .functor AND 1, L_000001f67dfd0140, L_000001f67dfcdee0, C4<1>, C4<1>;
L_000001f67dfed810 .functor OR 1, L_000001f67dfec850, L_000001f67dfec9a0, C4<0>, C4<0>;
L_000001f67dfeca10 .functor AND 1, L_000001f67dfce840, L_000001f67dfcdee0, C4<1>, C4<1>;
L_000001f67dfed500 .functor OR 1, L_000001f67dfed810, L_000001f67dfeca10, C4<0>, C4<0>;
v000001f67dfbb2f0_0 .net "A", 0 0, L_000001f67dfd0140;  1 drivers
v000001f67dfba490_0 .net "B", 0 0, L_000001f67dfce840;  1 drivers
v000001f67dfbc510_0 .net "Cin", 0 0, L_000001f67dfcdee0;  1 drivers
v000001f67dfbb390_0 .net "Cout", 0 0, L_000001f67dfed500;  1 drivers
v000001f67dfba850_0 .net "Sum", 0 0, L_000001f67dfec380;  1 drivers
v000001f67dfbafd0_0 .net *"_ivl_0", 0 0, L_000001f67dfed110;  1 drivers
v000001f67dfba170_0 .net *"_ivl_10", 0 0, L_000001f67dfeca10;  1 drivers
v000001f67dfba2b0_0 .net *"_ivl_4", 0 0, L_000001f67dfec850;  1 drivers
v000001f67dfbab70_0 .net *"_ivl_6", 0 0, L_000001f67dfec9a0;  1 drivers
v000001f67dfbc470_0 .net *"_ivl_8", 0 0, L_000001f67dfed810;  1 drivers
S_000001f67dfb9000 .scope generate, "FA_STAGE[2]" "FA_STAGE[2]" 10 17, 10 17 0, S_000001f67dfb3700;
 .timescale 0 0;
P_000001f67dedd7c0 .param/l "i" 1 10 17, +C4<010>;
S_000001f67dfb8ce0 .scope module, "FA" "full_adder" 10 18, 8 1 0, S_000001f67dfb9000;
 .timescale 0 0;
    .port_info 0 /INPUT 1 "A";
    .port_info 1 /INPUT 1 "B";
    .port_info 2 /INPUT 1 "Cin";
    .port_info 3 /OUTPUT 1 "Sum";
    .port_info 4 /OUTPUT 1 "Cout";
L_000001f67dfecaf0 .functor XOR 1, L_000001f67dfceca0, L_000001f67dfd01e0, C4<0>, C4<0>;
L_000001f67dfecb60 .functor XOR 1, L_000001f67dfecaf0, L_000001f67dfcdf80, C4<0>, C4<0>;
L_000001f67dfec460 .functor AND 1, L_000001f67dfceca0, L_000001f67dfd01e0, C4<1>, C4<1>;
L_000001f67dfed730 .functor AND 1, L_000001f67dfceca0, L_000001f67dfcdf80, C4<1>, C4<1>;
L_000001f67dfec4d0 .functor OR 1, L_000001f67dfec460, L_000001f67dfed730, C4<0>, C4<0>;
L_000001f67dfed0a0 .functor AND 1, L_000001f67dfd01e0, L_000001f67dfcdf80, C4<1>, C4<1>;
L_000001f67dfec5b0 .functor OR 1, L_000001f67dfec4d0, L_000001f67dfed0a0, C4<0>, C4<0>;
v000001f67dfbbb10_0 .net "A", 0 0, L_000001f67dfceca0;  1 drivers
v000001f67dfbbc50_0 .net "B", 0 0, L_000001f67dfd01e0;  1 drivers
v000001f67dfbbf70_0 .net "Cin", 0 0, L_000001f67dfcdf80;  1 drivers
v000001f67dfbb930_0 .net "Cout", 0 0, L_000001f67dfec5b0;  1 drivers
v000001f67dfbb890_0 .net "Sum", 0 0, L_000001f67dfecb60;  1 drivers
v000001f67dfbb6b0_0 .net *"_ivl_0", 0 0, L_000001f67dfecaf0;  1 drivers
v000001f67dfbb430_0 .net *"_ivl_10", 0 0, L_000001f67dfed0a0;  1 drivers
v000001f67dfba210_0 .net *"_ivl_4", 0 0, L_000001f67dfec460;  1 drivers
v000001f67dfbc5b0_0 .net *"_ivl_6", 0 0, L_000001f67dfed730;  1 drivers
v000001f67dfba5d0_0 .net *"_ivl_8", 0 0, L_000001f67dfec4d0;  1 drivers
S_000001f67dfb8e70 .scope generate, "FA_STAGE[3]" "FA_STAGE[3]" 10 17, 10 17 0, S_000001f67dfb3700;
 .timescale 0 0;
P_000001f67dedcf00 .param/l "i" 1 10 17, +C4<011>;
S_000001f67dfb8510 .scope module, "FA" "full_adder" 10 18, 8 1 0, S_000001f67dfb8e70;
 .timescale 0 0;
    .port_info 0 /INPUT 1 "A";
    .port_info 1 /INPUT 1 "B";
    .port_info 2 /INPUT 1 "Cin";
    .port_info 3 /OUTPUT 1 "Sum";
    .port_info 4 /OUTPUT 1 "Cout";
L_000001f67dfed1f0 .functor XOR 1, L_000001f67dfcef20, L_000001f67dfcede0, C4<0>, C4<0>;
L_000001f67dfec070 .functor XOR 1, L_000001f67dfed1f0, L_000001f67dfcfb00, C4<0>, C4<0>;
L_000001f67dfec770 .functor AND 1, L_000001f67dfcef20, L_000001f67dfcede0, C4<1>, C4<1>;
L_000001f67dfecbd0 .functor AND 1, L_000001f67dfcef20, L_000001f67dfcfb00, C4<1>, C4<1>;
L_000001f67dfec0e0 .functor OR 1, L_000001f67dfec770, L_000001f67dfecbd0, C4<0>, C4<0>;
L_000001f67dfec2a0 .functor AND 1, L_000001f67dfcede0, L_000001f67dfcfb00, C4<1>, C4<1>;
L_000001f67dfebeb0 .functor OR 1, L_000001f67dfec0e0, L_000001f67dfec2a0, C4<0>, C4<0>;
v000001f67dfba0d0_0 .net "A", 0 0, L_000001f67dfcef20;  1 drivers
v000001f67dfbc290_0 .net "B", 0 0, L_000001f67dfcede0;  1 drivers
v000001f67dfbbcf0_0 .net "Cin", 0 0, L_000001f67dfcfb00;  1 drivers
v000001f67dfba8f0_0 .net "Cout", 0 0, L_000001f67dfebeb0;  1 drivers
v000001f67dfbc010_0 .net "Sum", 0 0, L_000001f67dfec070;  1 drivers
v000001f67dfbad50_0 .net *"_ivl_0", 0 0, L_000001f67dfed1f0;  1 drivers
v000001f67dfbaad0_0 .net *"_ivl_10", 0 0, L_000001f67dfec2a0;  1 drivers
v000001f67dfbb110_0 .net *"_ivl_4", 0 0, L_000001f67dfec770;  1 drivers
v000001f67dfbb4d0_0 .net *"_ivl_6", 0 0, L_000001f67dfecbd0;  1 drivers
v000001f67dfbb610_0 .net *"_ivl_8", 0 0, L_000001f67dfec0e0;  1 drivers
S_000001f67dfb86a0 .scope generate, "FA_STAGE[4]" "FA_STAGE[4]" 10 17, 10 17 0, S_000001f67dfb3700;
 .timescale 0 0;
P_000001f67dedcb80 .param/l "i" 1 10 17, +C4<0100>;
S_000001f67dfb8830 .scope module, "FA" "full_adder" 10 18, 8 1 0, S_000001f67dfb86a0;
 .timescale 0 0;
    .port_info 0 /INPUT 1 "A";
    .port_info 1 /INPUT 1 "B";
    .port_info 2 /INPUT 1 "Cin";
    .port_info 3 /OUTPUT 1 "Sum";
    .port_info 4 /OUTPUT 1 "Cout";
L_000001f67dfed180 .functor XOR 1, L_000001f67dfce020, L_000001f67dfcee80, C4<0>, C4<0>;
L_000001f67dfecc40 .functor XOR 1, L_000001f67dfed180, L_000001f67dfce660, C4<0>, C4<0>;
L_000001f67dfed2d0 .functor AND 1, L_000001f67dfce020, L_000001f67dfcee80, C4<1>, C4<1>;
L_000001f67dfed570 .functor AND 1, L_000001f67dfce020, L_000001f67dfce660, C4<1>, C4<1>;
L_000001f67dfed880 .functor OR 1, L_000001f67dfed2d0, L_000001f67dfed570, C4<0>, C4<0>;
L_000001f67dfec690 .functor AND 1, L_000001f67dfcee80, L_000001f67dfce660, C4<1>, C4<1>;
L_000001f67dfed960 .functor OR 1, L_000001f67dfed880, L_000001f67dfec690, C4<0>, C4<0>;
v000001f67dfbbe30_0 .net "A", 0 0, L_000001f67dfce020;  1 drivers
v000001f67dfbb9d0_0 .net "B", 0 0, L_000001f67dfcee80;  1 drivers
v000001f67dfbba70_0 .net "Cin", 0 0, L_000001f67dfce660;  1 drivers
v000001f67dfbac10_0 .net "Cout", 0 0, L_000001f67dfed960;  1 drivers
v000001f67dfbbd90_0 .net "Sum", 0 0, L_000001f67dfecc40;  1 drivers
v000001f67dfbacb0_0 .net *"_ivl_0", 0 0, L_000001f67dfed180;  1 drivers
v000001f67dfbadf0_0 .net *"_ivl_10", 0 0, L_000001f67dfec690;  1 drivers
v000001f67dfbae90_0 .net *"_ivl_4", 0 0, L_000001f67dfed2d0;  1 drivers
v000001f67dfbc150_0 .net *"_ivl_6", 0 0, L_000001f67dfed570;  1 drivers
v000001f67dfbb1b0_0 .net *"_ivl_8", 0 0, L_000001f67dfed880;  1 drivers
S_000001f67dfb89c0 .scope generate, "FA_STAGE[5]" "FA_STAGE[5]" 10 17, 10 17 0, S_000001f67dfb3700;
 .timescale 0 0;
P_000001f67dedd940 .param/l "i" 1 10 17, +C4<0101>;
S_000001f67dfb9190 .scope module, "FA" "full_adder" 10 18, 8 1 0, S_000001f67dfb89c0;
 .timescale 0 0;
    .port_info 0 /INPUT 1 "A";
    .port_info 1 /INPUT 1 "B";
    .port_info 2 /INPUT 1 "Cin";
    .port_info 3 /OUTPUT 1 "Sum";
    .port_info 4 /OUTPUT 1 "Cout";
L_000001f67dfed9d0 .functor XOR 1, L_000001f67dfce0c0, L_000001f67dfcf100, C4<0>, C4<0>;
L_000001f67dfed340 .functor XOR 1, L_000001f67dfed9d0, L_000001f67dfcf1a0, C4<0>, C4<0>;
L_000001f67dfeccb0 .functor AND 1, L_000001f67dfce0c0, L_000001f67dfcf100, C4<1>, C4<1>;
L_000001f67dfed260 .functor AND 1, L_000001f67dfce0c0, L_000001f67dfcf1a0, C4<1>, C4<1>;
L_000001f67dfecd20 .functor OR 1, L_000001f67dfeccb0, L_000001f67dfed260, C4<0>, C4<0>;
L_000001f67dfec310 .functor AND 1, L_000001f67dfcf100, L_000001f67dfcf1a0, C4<1>, C4<1>;
L_000001f67dfecd90 .functor OR 1, L_000001f67dfecd20, L_000001f67dfec310, C4<0>, C4<0>;
v000001f67dfbbbb0_0 .net "A", 0 0, L_000001f67dfce0c0;  1 drivers
v000001f67dfba530_0 .net "B", 0 0, L_000001f67dfcf100;  1 drivers
v000001f67dfba3f0_0 .net "Cin", 0 0, L_000001f67dfcf1a0;  1 drivers
v000001f67dfbaa30_0 .net "Cout", 0 0, L_000001f67dfecd90;  1 drivers
v000001f67dfbbed0_0 .net "Sum", 0 0, L_000001f67dfed340;  1 drivers
v000001f67dfbc0b0_0 .net *"_ivl_0", 0 0, L_000001f67dfed9d0;  1 drivers
v000001f67dfba670_0 .net *"_ivl_10", 0 0, L_000001f67dfec310;  1 drivers
v000001f67dfbc1f0_0 .net *"_ivl_4", 0 0, L_000001f67dfeccb0;  1 drivers
v000001f67dfbaf30_0 .net *"_ivl_6", 0 0, L_000001f67dfed260;  1 drivers
v000001f67dfbc330_0 .net *"_ivl_8", 0 0, L_000001f67dfecd20;  1 drivers
S_000001f67dfb9320 .scope generate, "FA_STAGE[6]" "FA_STAGE[6]" 10 17, 10 17 0, S_000001f67dfb3700;
 .timescale 0 0;
P_000001f67dedd080 .param/l "i" 1 10 17, +C4<0110>;
S_000001f67dfb97d0 .scope module, "FA" "full_adder" 10 18, 8 1 0, S_000001f67dfb9320;
 .timescale 0 0;
    .port_info 0 /INPUT 1 "A";
    .port_info 1 /INPUT 1 "B";
    .port_info 2 /INPUT 1 "Cin";
    .port_info 3 /OUTPUT 1 "Sum";
    .port_info 4 /OUTPUT 1 "Cout";
L_000001f67dfeda40 .functor XOR 1, L_000001f67dfcfc40, L_000001f67dfce160, C4<0>, C4<0>;
L_000001f67dfec000 .functor XOR 1, L_000001f67dfeda40, L_000001f67dfce340, C4<0>, C4<0>;
L_000001f67dfece70 .functor AND 1, L_000001f67dfcfc40, L_000001f67dfce160, C4<1>, C4<1>;
L_000001f67dfecee0 .functor AND 1, L_000001f67dfcfc40, L_000001f67dfce340, C4<1>, C4<1>;
L_000001f67dfed8f0 .functor OR 1, L_000001f67dfece70, L_000001f67dfecee0, C4<0>, C4<0>;
L_000001f67dfecf50 .functor AND 1, L_000001f67dfce160, L_000001f67dfce340, C4<1>, C4<1>;
L_000001f67dfed5e0 .functor OR 1, L_000001f67dfed8f0, L_000001f67dfecf50, C4<0>, C4<0>;
v000001f67dfbc3d0_0 .net "A", 0 0, L_000001f67dfcfc40;  1 drivers
v000001f67dfba990_0 .net "B", 0 0, L_000001f67dfce160;  1 drivers
v000001f67dfbb070_0 .net "Cin", 0 0, L_000001f67dfce340;  1 drivers
v000001f67dfba350_0 .net "Cout", 0 0, L_000001f67dfed5e0;  1 drivers
v000001f67dfba710_0 .net "Sum", 0 0, L_000001f67dfec000;  1 drivers
v000001f67dfbc650_0 .net *"_ivl_0", 0 0, L_000001f67dfeda40;  1 drivers
v000001f67dfbb250_0 .net *"_ivl_10", 0 0, L_000001f67dfecf50;  1 drivers
v000001f67dfba7b0_0 .net *"_ivl_4", 0 0, L_000001f67dfece70;  1 drivers
v000001f67dfb9ef0_0 .net *"_ivl_6", 0 0, L_000001f67dfecee0;  1 drivers
v000001f67dfb9f90_0 .net *"_ivl_8", 0 0, L_000001f67dfed8f0;  1 drivers
S_000001f67dfb8060 .scope generate, "FA_STAGE[7]" "FA_STAGE[7]" 10 17, 10 17 0, S_000001f67dfb3700;
 .timescale 0 0;
P_000001f67dedd8c0 .param/l "i" 1 10 17, +C4<0111>;
S_000001f67dfb81f0 .scope module, "FA" "full_adder" 10 18, 8 1 0, S_000001f67dfb8060;
 .timescale 0 0;
    .port_info 0 /INPUT 1 "A";
    .port_info 1 /INPUT 1 "B";
    .port_info 2 /INPUT 1 "Cin";
    .port_info 3 /OUTPUT 1 "Sum";
    .port_info 4 /OUTPUT 1 "Cout";
L_000001f67dfed3b0 .functor XOR 1, L_000001f67dfce700, L_000001f67dfce7a0, C4<0>, C4<0>;
L_000001f67dfed420 .functor XOR 1, L_000001f67dfed3b0, L_000001f67dfcf240, C4<0>, C4<0>;
L_000001f67dfed490 .functor AND 1, L_000001f67dfce700, L_000001f67dfce7a0, C4<1>, C4<1>;
L_000001f67dfed650 .functor AND 1, L_000001f67dfce700, L_000001f67dfcf240, C4<1>, C4<1>;
L_000001f67dfee530 .functor OR 1, L_000001f67dfed490, L_000001f67dfed650, C4<0>, C4<0>;
L_000001f67dfee840 .functor AND 1, L_000001f67dfce7a0, L_000001f67dfcf240, C4<1>, C4<1>;
L_000001f67dfef4f0 .functor OR 1, L_000001f67dfee530, L_000001f67dfee840, C4<0>, C4<0>;
v000001f67dfbb570_0 .net "A", 0 0, L_000001f67dfce700;  1 drivers
v000001f67dfbb750_0 .net "B", 0 0, L_000001f67dfce7a0;  1 drivers
v000001f67dfba030_0 .net "Cin", 0 0, L_000001f67dfcf240;  1 drivers
v000001f67dfbb7f0_0 .net "Cout", 0 0, L_000001f67dfef4f0;  1 drivers
v000001f67dfbe450_0 .net "Sum", 0 0, L_000001f67dfed420;  1 drivers
v000001f67dfbd7d0_0 .net *"_ivl_0", 0 0, L_000001f67dfed3b0;  1 drivers
v000001f67dfbd690_0 .net *"_ivl_10", 0 0, L_000001f67dfee840;  1 drivers
v000001f67dfbd5f0_0 .net *"_ivl_4", 0 0, L_000001f67dfed490;  1 drivers
v000001f67dfbed10_0 .net *"_ivl_6", 0 0, L_000001f67dfed650;  1 drivers
v000001f67dfbe130_0 .net *"_ivl_8", 0 0, L_000001f67dfee530;  1 drivers
S_000001f67dfb8380 .scope generate, "FA_STAGE[8]" "FA_STAGE[8]" 10 17, 10 17 0, S_000001f67dfb3700;
 .timescale 0 0;
P_000001f67dedcf40 .param/l "i" 1 10 17, +C4<01000>;
S_000001f67dfb9960 .scope module, "FA" "full_adder" 10 18, 8 1 0, S_000001f67dfb8380;
 .timescale 0 0;
    .port_info 0 /INPUT 1 "A";
    .port_info 1 /INPUT 1 "B";
    .port_info 2 /INPUT 1 "Cin";
    .port_info 3 /OUTPUT 1 "Sum";
    .port_info 4 /OUTPUT 1 "Cout";
L_000001f67dfeea70 .functor XOR 1, L_000001f67dfcf4c0, L_000001f67dfcf2e0, C4<0>, C4<0>;
L_000001f67dfef2c0 .functor XOR 1, L_000001f67dfeea70, L_000001f67dfcf560, C4<0>, C4<0>;
L_000001f67dfee8b0 .functor AND 1, L_000001f67dfcf4c0, L_000001f67dfcf2e0, C4<1>, C4<1>;
L_000001f67dfee3e0 .functor AND 1, L_000001f67dfcf4c0, L_000001f67dfcf560, C4<1>, C4<1>;
L_000001f67dfee7d0 .functor OR 1, L_000001f67dfee8b0, L_000001f67dfee3e0, C4<0>, C4<0>;
L_000001f67dfee990 .functor AND 1, L_000001f67dfcf2e0, L_000001f67dfcf560, C4<1>, C4<1>;
L_000001f67dfedd50 .functor OR 1, L_000001f67dfee7d0, L_000001f67dfee990, C4<0>, C4<0>;
v000001f67dfbcf10_0 .net "A", 0 0, L_000001f67dfcf4c0;  1 drivers
v000001f67dfbe770_0 .net "B", 0 0, L_000001f67dfcf2e0;  1 drivers
v000001f67dfbd730_0 .net "Cin", 0 0, L_000001f67dfcf560;  1 drivers
v000001f67dfbcfb0_0 .net "Cout", 0 0, L_000001f67dfedd50;  1 drivers
v000001f67dfbe630_0 .net "Sum", 0 0, L_000001f67dfef2c0;  1 drivers
v000001f67dfbe6d0_0 .net *"_ivl_0", 0 0, L_000001f67dfeea70;  1 drivers
v000001f67dfbe1d0_0 .net *"_ivl_10", 0 0, L_000001f67dfee990;  1 drivers
v000001f67dfbe270_0 .net *"_ivl_4", 0 0, L_000001f67dfee8b0;  1 drivers
v000001f67dfbd2d0_0 .net *"_ivl_6", 0 0, L_000001f67dfee3e0;  1 drivers
v000001f67dfbe4f0_0 .net *"_ivl_8", 0 0, L_000001f67dfee7d0;  1 drivers
S_000001f67dfb94b0 .scope generate, "FA_STAGE[9]" "FA_STAGE[9]" 10 17, 10 17 0, S_000001f67dfb3700;
 .timescale 0 0;
P_000001f67dedd1c0 .param/l "i" 1 10 17, +C4<01001>;
S_000001f67dfb9af0 .scope module, "FA" "full_adder" 10 18, 8 1 0, S_000001f67dfb94b0;
 .timescale 0 0;
    .port_info 0 /INPUT 1 "A";
    .port_info 1 /INPUT 1 "B";
    .port_info 2 /INPUT 1 "Cin";
    .port_info 3 /OUTPUT 1 "Sum";
    .port_info 4 /OUTPUT 1 "Cout";
L_000001f67dfeed10 .functor XOR 1, L_000001f67dfcf6a0, L_000001f67dfcf740, C4<0>, C4<0>;
L_000001f67dfedab0 .functor XOR 1, L_000001f67dfeed10, L_000001f67dfcf7e0, C4<0>, C4<0>;
L_000001f67dfeea00 .functor AND 1, L_000001f67dfcf6a0, L_000001f67dfcf740, C4<1>, C4<1>;
L_000001f67dfee920 .functor AND 1, L_000001f67dfcf6a0, L_000001f67dfcf7e0, C4<1>, C4<1>;
L_000001f67dfeeed0 .functor OR 1, L_000001f67dfeea00, L_000001f67dfee920, C4<0>, C4<0>;
L_000001f67dfedb90 .functor AND 1, L_000001f67dfcf740, L_000001f67dfcf7e0, C4<1>, C4<1>;
L_000001f67dfeddc0 .functor OR 1, L_000001f67dfeeed0, L_000001f67dfedb90, C4<0>, C4<0>;
v000001f67dfbcab0_0 .net "A", 0 0, L_000001f67dfcf6a0;  1 drivers
v000001f67dfbcb50_0 .net "B", 0 0, L_000001f67dfcf740;  1 drivers
v000001f67dfbe8b0_0 .net "Cin", 0 0, L_000001f67dfcf7e0;  1 drivers
v000001f67dfbde10_0 .net "Cout", 0 0, L_000001f67dfeddc0;  1 drivers
v000001f67dfbd0f0_0 .net "Sum", 0 0, L_000001f67dfedab0;  1 drivers
v000001f67dfbe310_0 .net *"_ivl_0", 0 0, L_000001f67dfeed10;  1 drivers
v000001f67dfbcd30_0 .net *"_ivl_10", 0 0, L_000001f67dfedb90;  1 drivers
v000001f67dfbcbf0_0 .net *"_ivl_4", 0 0, L_000001f67dfeea00;  1 drivers
v000001f67dfbd230_0 .net *"_ivl_6", 0 0, L_000001f67dfee920;  1 drivers
v000001f67dfbdc30_0 .net *"_ivl_8", 0 0, L_000001f67dfeeed0;  1 drivers
S_000001f67dfb9c80 .scope generate, "FA_STAGE[10]" "FA_STAGE[10]" 10 17, 10 17 0, S_000001f67dfb3700;
 .timescale 0 0;
P_000001f67dedc980 .param/l "i" 1 10 17, +C4<01010>;
S_000001f67dfc34d0 .scope module, "FA" "full_adder" 10 18, 8 1 0, S_000001f67dfb9c80;
 .timescale 0 0;
    .port_info 0 /INPUT 1 "A";
    .port_info 1 /INPUT 1 "B";
    .port_info 2 /INPUT 1 "Cin";
    .port_info 3 /OUTPUT 1 "Sum";
    .port_info 4 /OUTPUT 1 "Cout";
L_000001f67dfedb20 .functor XOR 1, L_000001f67dfcf880, L_000001f67dfd1540, C4<0>, C4<0>;
L_000001f67dfef330 .functor XOR 1, L_000001f67dfedb20, L_000001f67dfd24e0, C4<0>, C4<0>;
L_000001f67dfeef40 .functor AND 1, L_000001f67dfcf880, L_000001f67dfd1540, C4<1>, C4<1>;
L_000001f67dfee060 .functor AND 1, L_000001f67dfcf880, L_000001f67dfd24e0, C4<1>, C4<1>;
L_000001f67dfee300 .functor OR 1, L_000001f67dfeef40, L_000001f67dfee060, C4<0>, C4<0>;
L_000001f67dfef020 .functor AND 1, L_000001f67dfd1540, L_000001f67dfd24e0, C4<1>, C4<1>;
L_000001f67dfef250 .functor OR 1, L_000001f67dfee300, L_000001f67dfef020, C4<0>, C4<0>;
v000001f67dfbe3b0_0 .net "A", 0 0, L_000001f67dfcf880;  1 drivers
v000001f67dfbdb90_0 .net "B", 0 0, L_000001f67dfd1540;  1 drivers
v000001f67dfbe810_0 .net "Cin", 0 0, L_000001f67dfd24e0;  1 drivers
v000001f67dfbe950_0 .net "Cout", 0 0, L_000001f67dfef250;  1 drivers
v000001f67dfbeb30_0 .net "Sum", 0 0, L_000001f67dfef330;  1 drivers
v000001f67dfbd050_0 .net *"_ivl_0", 0 0, L_000001f67dfedb20;  1 drivers
v000001f67dfbd190_0 .net *"_ivl_10", 0 0, L_000001f67dfef020;  1 drivers
v000001f67dfbe590_0 .net *"_ivl_4", 0 0, L_000001f67dfeef40;  1 drivers
v000001f67dfbd370_0 .net *"_ivl_6", 0 0, L_000001f67dfee060;  1 drivers
v000001f67dfbe9f0_0 .net *"_ivl_8", 0 0, L_000001f67dfee300;  1 drivers
S_000001f67dfc5a50 .scope generate, "FA_STAGE[11]" "FA_STAGE[11]" 10 17, 10 17 0, S_000001f67dfb3700;
 .timescale 0 0;
P_000001f67dedcac0 .param/l "i" 1 10 17, +C4<01011>;
S_000001f67dfc55a0 .scope module, "FA" "full_adder" 10 18, 8 1 0, S_000001f67dfc5a50;
 .timescale 0 0;
    .port_info 0 /INPUT 1 "A";
    .port_info 1 /INPUT 1 "B";
    .port_info 2 /INPUT 1 "Cin";
    .port_info 3 /OUTPUT 1 "Sum";
    .port_info 4 /OUTPUT 1 "Cout";
L_000001f67dfeefb0 .functor XOR 1, L_000001f67dfd1360, L_000001f67dfd2120, C4<0>, C4<0>;
L_000001f67dfee0d0 .functor XOR 1, L_000001f67dfeefb0, L_000001f67dfd0640, C4<0>, C4<0>;
L_000001f67dfeed80 .functor AND 1, L_000001f67dfd1360, L_000001f67dfd2120, C4<1>, C4<1>;
L_000001f67dfef5d0 .functor AND 1, L_000001f67dfd1360, L_000001f67dfd0640, C4<1>, C4<1>;
L_000001f67dfee680 .functor OR 1, L_000001f67dfeed80, L_000001f67dfef5d0, C4<0>, C4<0>;
L_000001f67dfee140 .functor AND 1, L_000001f67dfd2120, L_000001f67dfd0640, C4<1>, C4<1>;
L_000001f67dfeeae0 .functor OR 1, L_000001f67dfee680, L_000001f67dfee140, C4<0>, C4<0>;
v000001f67dfbd870_0 .net "A", 0 0, L_000001f67dfd1360;  1 drivers
v000001f67dfbcc90_0 .net "B", 0 0, L_000001f67dfd2120;  1 drivers
v000001f67dfbe090_0 .net "Cin", 0 0, L_000001f67dfd0640;  1 drivers
v000001f67dfbea90_0 .net "Cout", 0 0, L_000001f67dfeeae0;  1 drivers
v000001f67dfbd910_0 .net "Sum", 0 0, L_000001f67dfee0d0;  1 drivers
v000001f67dfbdaf0_0 .net *"_ivl_0", 0 0, L_000001f67dfeefb0;  1 drivers
v000001f67dfbcdd0_0 .net *"_ivl_10", 0 0, L_000001f67dfee140;  1 drivers
v000001f67dfbedb0_0 .net *"_ivl_4", 0 0, L_000001f67dfeed80;  1 drivers
v000001f67dfbdcd0_0 .net *"_ivl_6", 0 0, L_000001f67dfef5d0;  1 drivers
v000001f67dfbd9b0_0 .net *"_ivl_8", 0 0, L_000001f67dfee680;  1 drivers
S_000001f67dfc5be0 .scope generate, "FA_STAGE[12]" "FA_STAGE[12]" 10 17, 10 17 0, S_000001f67dfb3700;
 .timescale 0 0;
P_000001f67dedd200 .param/l "i" 1 10 17, +C4<01100>;
S_000001f67dfc3660 .scope module, "FA" "full_adder" 10 18, 8 1 0, S_000001f67dfc5be0;
 .timescale 0 0;
    .port_info 0 /INPUT 1 "A";
    .port_info 1 /INPUT 1 "B";
    .port_info 2 /INPUT 1 "Cin";
    .port_info 3 /OUTPUT 1 "Sum";
    .port_info 4 /OUTPUT 1 "Cout";
L_000001f67dfeeb50 .functor XOR 1, L_000001f67dfd06e0, L_000001f67dfd0820, C4<0>, C4<0>;
L_000001f67dfee5a0 .functor XOR 1, L_000001f67dfeeb50, L_000001f67dfd23a0, C4<0>, C4<0>;
L_000001f67dfedea0 .functor AND 1, L_000001f67dfd06e0, L_000001f67dfd0820, C4<1>, C4<1>;
L_000001f67dfede30 .functor AND 1, L_000001f67dfd06e0, L_000001f67dfd23a0, C4<1>, C4<1>;
L_000001f67dfef1e0 .functor OR 1, L_000001f67dfedea0, L_000001f67dfede30, C4<0>, C4<0>;
L_000001f67dfedf10 .functor AND 1, L_000001f67dfd0820, L_000001f67dfd23a0, C4<1>, C4<1>;
L_000001f67dfeee60 .functor OR 1, L_000001f67dfef1e0, L_000001f67dfedf10, C4<0>, C4<0>;
v000001f67dfbc970_0 .net "A", 0 0, L_000001f67dfd06e0;  1 drivers
v000001f67dfbee50_0 .net "B", 0 0, L_000001f67dfd0820;  1 drivers
v000001f67dfbebd0_0 .net "Cin", 0 0, L_000001f67dfd23a0;  1 drivers
v000001f67dfbd410_0 .net "Cout", 0 0, L_000001f67dfeee60;  1 drivers
v000001f67dfbec70_0 .net "Sum", 0 0, L_000001f67dfee5a0;  1 drivers
v000001f67dfbc6f0_0 .net *"_ivl_0", 0 0, L_000001f67dfeeb50;  1 drivers
v000001f67dfbce70_0 .net *"_ivl_10", 0 0, L_000001f67dfedf10;  1 drivers
v000001f67dfbd4b0_0 .net *"_ivl_4", 0 0, L_000001f67dfedea0;  1 drivers
v000001f67dfbd550_0 .net *"_ivl_6", 0 0, L_000001f67dfede30;  1 drivers
v000001f67dfbc790_0 .net *"_ivl_8", 0 0, L_000001f67dfef1e0;  1 drivers
S_000001f67dfc26c0 .scope generate, "FA_STAGE[13]" "FA_STAGE[13]" 10 17, 10 17 0, S_000001f67dfb3700;
 .timescale 0 0;
P_000001f67dedd6c0 .param/l "i" 1 10 17, +C4<01101>;
S_000001f67dfc2e90 .scope module, "FA" "full_adder" 10 18, 8 1 0, S_000001f67dfc26c0;
 .timescale 0 0;
    .port_info 0 /INPUT 1 "A";
    .port_info 1 /INPUT 1 "B";
    .port_info 2 /INPUT 1 "Cin";
    .port_info 3 /OUTPUT 1 "Sum";
    .port_info 4 /OUTPUT 1 "Cout";
L_000001f67dfef560 .functor XOR 1, L_000001f67dfd12c0, L_000001f67dfd1d60, C4<0>, C4<0>;
L_000001f67dfee220 .functor XOR 1, L_000001f67dfef560, L_000001f67dfd17c0, C4<0>, C4<0>;
L_000001f67dfef090 .functor AND 1, L_000001f67dfd12c0, L_000001f67dfd1d60, C4<1>, C4<1>;
L_000001f67dfef170 .functor AND 1, L_000001f67dfd12c0, L_000001f67dfd17c0, C4<1>, C4<1>;
L_000001f67dfeeca0 .functor OR 1, L_000001f67dfef090, L_000001f67dfef170, C4<0>, C4<0>;
L_000001f67dfeebc0 .functor AND 1, L_000001f67dfd1d60, L_000001f67dfd17c0, C4<1>, C4<1>;
L_000001f67dfedf80 .functor OR 1, L_000001f67dfeeca0, L_000001f67dfeebc0, C4<0>, C4<0>;
v000001f67dfbdeb0_0 .net "A", 0 0, L_000001f67dfd12c0;  1 drivers
v000001f67dfbda50_0 .net "B", 0 0, L_000001f67dfd1d60;  1 drivers
v000001f67dfbdff0_0 .net "Cin", 0 0, L_000001f67dfd17c0;  1 drivers
v000001f67dfbdd70_0 .net "Cout", 0 0, L_000001f67dfedf80;  1 drivers
v000001f67dfbdf50_0 .net "Sum", 0 0, L_000001f67dfee220;  1 drivers
v000001f67dfbc830_0 .net *"_ivl_0", 0 0, L_000001f67dfef560;  1 drivers
v000001f67dfbc8d0_0 .net *"_ivl_10", 0 0, L_000001f67dfeebc0;  1 drivers
v000001f67dfbca10_0 .net *"_ivl_4", 0 0, L_000001f67dfef090;  1 drivers
v000001f67dfc0bb0_0 .net *"_ivl_6", 0 0, L_000001f67dfef170;  1 drivers
v000001f67dfbffd0_0 .net *"_ivl_8", 0 0, L_000001f67dfeeca0;  1 drivers
S_000001f67dfc4790 .scope generate, "FA_STAGE[14]" "FA_STAGE[14]" 10 17, 10 17 0, S_000001f67dfb3700;
 .timescale 0 0;
P_000001f67dedcdc0 .param/l "i" 1 10 17, +C4<01110>;
S_000001f67dfc4920 .scope module, "FA" "full_adder" 10 18, 8 1 0, S_000001f67dfc4790;
 .timescale 0 0;
    .port_info 0 /INPUT 1 "A";
    .port_info 1 /INPUT 1 "B";
    .port_info 2 /INPUT 1 "Cin";
    .port_info 3 /OUTPUT 1 "Sum";
    .port_info 4 /OUTPUT 1 "Cout";
L_000001f67dfef410 .functor XOR 1, L_000001f67dfd26c0, L_000001f67dfd05a0, C4<0>, C4<0>;
L_000001f67dfee370 .functor XOR 1, L_000001f67dfef410, L_000001f67dfd1040, C4<0>, C4<0>;
L_000001f67dfee4c0 .functor AND 1, L_000001f67dfd26c0, L_000001f67dfd05a0, C4<1>, C4<1>;
L_000001f67dfee450 .functor AND 1, L_000001f67dfd26c0, L_000001f67dfd1040, C4<1>, C4<1>;
L_000001f67dfeedf0 .functor OR 1, L_000001f67dfee4c0, L_000001f67dfee450, C4<0>, C4<0>;
L_000001f67dfef100 .functor AND 1, L_000001f67dfd05a0, L_000001f67dfd1040, C4<1>, C4<1>;
L_000001f67dfeec30 .functor OR 1, L_000001f67dfeedf0, L_000001f67dfef100, C4<0>, C4<0>;
v000001f67dfc0070_0 .net "A", 0 0, L_000001f67dfd26c0;  1 drivers
v000001f67dfc0110_0 .net "B", 0 0, L_000001f67dfd05a0;  1 drivers
v000001f67dfc01b0_0 .net "Cin", 0 0, L_000001f67dfd1040;  1 drivers
v000001f67dfc0c50_0 .net "Cout", 0 0, L_000001f67dfeec30;  1 drivers
v000001f67dfc1510_0 .net "Sum", 0 0, L_000001f67dfee370;  1 drivers
v000001f67dfc15b0_0 .net *"_ivl_0", 0 0, L_000001f67dfef410;  1 drivers
v000001f67dfc0cf0_0 .net *"_ivl_10", 0 0, L_000001f67dfef100;  1 drivers
v000001f67dfc0610_0 .net *"_ivl_4", 0 0, L_000001f67dfee4c0;  1 drivers
v000001f67dfbfe90_0 .net *"_ivl_6", 0 0, L_000001f67dfee450;  1 drivers
v000001f67dfc1330_0 .net *"_ivl_8", 0 0, L_000001f67dfeedf0;  1 drivers
S_000001f67dfc2210 .scope generate, "FA_STAGE[15]" "FA_STAGE[15]" 10 17, 10 17 0, S_000001f67dfb3700;
 .timescale 0 0;
P_000001f67dedd000 .param/l "i" 1 10 17, +C4<01111>;
S_000001f67dfc1ef0 .scope module, "FA" "full_adder" 10 18, 8 1 0, S_000001f67dfc2210;
 .timescale 0 0;
    .port_info 0 /INPUT 1 "A";
    .port_info 1 /INPUT 1 "B";
    .port_info 2 /INPUT 1 "Cin";
    .port_info 3 /OUTPUT 1 "Sum";
    .port_info 4 /OUTPUT 1 "Cout";
L_000001f67dfef3a0 .functor XOR 1, L_000001f67dfd1a40, L_000001f67dfd2760, C4<0>, C4<0>;
L_000001f67dfee610 .functor XOR 1, L_000001f67dfef3a0, L_000001f67dfd10e0, C4<0>, C4<0>;
L_000001f67dfedff0 .functor AND 1, L_000001f67dfd1a40, L_000001f67dfd2760, C4<1>, C4<1>;
L_000001f67dfef480 .functor AND 1, L_000001f67dfd1a40, L_000001f67dfd10e0, C4<1>, C4<1>;
L_000001f67dfef640 .functor OR 1, L_000001f67dfedff0, L_000001f67dfef480, C4<0>, C4<0>;
L_000001f67dfee6f0 .functor AND 1, L_000001f67dfd2760, L_000001f67dfd10e0, C4<1>, C4<1>;
L_000001f67dfedc00 .functor OR 1, L_000001f67dfef640, L_000001f67dfee6f0, C4<0>, C4<0>;
v000001f67dfbf850_0 .net "A", 0 0, L_000001f67dfd1a40;  1 drivers
v000001f67dfc0250_0 .net "B", 0 0, L_000001f67dfd2760;  1 drivers
v000001f67dfbf170_0 .net "Cin", 0 0, L_000001f67dfd10e0;  1 drivers
v000001f67dfbf2b0_0 .net "Cout", 0 0, L_000001f67dfedc00;  1 drivers
v000001f67dfc1650_0 .net "Sum", 0 0, L_000001f67dfee610;  1 drivers
v000001f67dfc02f0_0 .net *"_ivl_0", 0 0, L_000001f67dfef3a0;  1 drivers
v000001f67dfbeef0_0 .net *"_ivl_10", 0 0, L_000001f67dfee6f0;  1 drivers
v000001f67dfc13d0_0 .net *"_ivl_4", 0 0, L_000001f67dfedff0;  1 drivers
v000001f67dfbf210_0 .net *"_ivl_6", 0 0, L_000001f67dfef480;  1 drivers
v000001f67dfbfa30_0 .net *"_ivl_8", 0 0, L_000001f67dfef640;  1 drivers
    .scope S_000001f67dd3ea70;
T_0 ;
    %wait E_000001f67dedb180;
    %load/vec4 v000001f67df1de00_0;
    %flag_set/vec4 8;
    %jmp/0xz  T_0.0, 8;
    %pushi/vec4 0, 0, 1;
    %assign/vec4 v000001f67df1ebc0_0, 0;
    %jmp T_0.1;
T_0.0 ;
    %load/vec4 v000001f67df1fc00_0;
    %assign/vec4 v000001f67df1ebc0_0, 0;
T_0.1 ;
    %jmp T_0;
    .thread T_0;
    .scope S_000001f67dd70cd0;
T_1 ;
    %wait E_000001f67dedb180;
    %load/vec4 v000001f67df1f340_0;
    %flag_set/vec4 8;
    %jmp/0xz  T_1.0, 8;
    %pushi/vec4 0, 0, 1;
    %assign/vec4 v000001f67df1e1c0_0, 0;
    %jmp T_1.1;
T_1.0 ;
    %load/vec4 v000001f67df1e4e0_0;
    %assign/vec4 v000001f67df1e1c0_0, 0;
T_1.1 ;
    %jmp T_1;
    .thread T_1;
    .scope S_000001f67dd3a2e0;
T_2 ;
    %wait E_000001f67dedb180;
    %load/vec4 v000001f67df1f480_0;
    %flag_set/vec4 8;
    %jmp/0xz  T_2.0, 8;
    %pushi/vec4 0, 0, 1;
    %assign/vec4 v000001f67df1e440_0, 0;
    %jmp T_2.1;
T_2.0 ;
    %load/vec4 v000001f67df1f980_0;
    %assign/vec4 v000001f67df1e440_0, 0;
T_2.1 ;
    %jmp T_2;
    .thread T_2;
    .scope S_000001f67dd3a600;
T_3 ;
    %wait E_000001f67dedb180;
    %load/vec4 v000001f67df1e6c0_0;
    %flag_set/vec4 8;
    %jmp/0xz  T_3.0, 8;
    %pushi/vec4 0, 0, 1;
    %assign/vec4 v000001f67df1e580_0, 0;
    %jmp T_3.1;
T_3.0 ;
    %load/vec4 v000001f67df1e080_0;
    %assign/vec4 v000001f67df1e580_0, 0;
T_3.1 ;
    %jmp T_3;
    .thread T_3;
    .scope S_000001f67de0d040;
T_4 ;
    %wait E_000001f67dedb180;
    %load/vec4 v000001f67df1eee0_0;
    %flag_set/vec4 8;
    %jmp/0xz  T_4.0, 8;
    %pushi/vec4 0, 0, 1;
    %assign/vec4 v000001f67df1f200_0, 0;
    %jmp T_4.1;
T_4.0 ;
    %load/vec4 v000001f67df1d4a0_0;
    %assign/vec4 v000001f67df1f200_0, 0;
T_4.1 ;
    %jmp T_4;
    .thread T_4;
    .scope S_000001f67dd42a00;
T_5 ;
    %wait E_000001f67dedb180;
    %load/vec4 v000001f67df1eda0_0;
    %flag_set/vec4 8;
    %jmp/0xz  T_5.0, 8;
    %pushi/vec4 0, 0, 1;
    %assign/vec4 v000001f67df1f7a0_0, 0;
    %jmp T_5.1;
T_5.0 ;
    %load/vec4 v000001f67df1dcc0_0;
    %assign/vec4 v000001f67df1f7a0_0, 0;
T_5.1 ;
    %jmp T_5;
    .thread T_5;
    .scope S_000001f67df7b1d0;
T_6 ;
    %wait E_000001f67dedb180;
    %load/vec4 v000001f67df1e800_0;
    %flag_set/vec4 8;
    %jmp/0xz  T_6.0, 8;
    %pushi/vec4 0, 0, 1;
    %assign/vec4 v000001f67df1f160_0, 0;
    %jmp T_6.1;
T_6.0 ;
    %load/vec4 v000001f67df1df40_0;
    %assign/vec4 v000001f67df1f160_0, 0;
T_6.1 ;
    %jmp T_6;
    .thread T_6;
    .scope S_000001f67df7ad20;
T_7 ;
    %wait E_000001f67dedb180;
    %load/vec4 v000001f67df1f520_0;
    %flag_set/vec4 8;
    %jmp/0xz  T_7.0, 8;
    %pushi/vec4 0, 0, 1;
    %assign/vec4 v000001f67df1dd60_0, 0;
    %jmp T_7.1;
T_7.0 ;
    %load/vec4 v000001f67df1f2a0_0;
    %assign/vec4 v000001f67df1dd60_0, 0;
T_7.1 ;
    %jmp T_7;
    .thread T_7;
    .scope S_000001f67df7aa00;
T_8 ;
    %wait E_000001f67dedb180;
    %load/vec4 v000001f67df1e8a0_0;
    %flag_set/vec4 8;
    %jmp/0xz  T_8.0, 8;
    %pushi/vec4 0, 0, 1;
    %assign/vec4 v000001f67df1f5c0_0, 0;
    %jmp T_8.1;
T_8.0 ;
    %load/vec4 v000001f67df1d7c0_0;
    %assign/vec4 v000001f67df1f5c0_0, 0;
T_8.1 ;
    %jmp T_8;
    .thread T_8;
    .scope S_000001f67df7b810;
T_9 ;
    %wait E_000001f67dedb180;
    %load/vec4 v000001f67df1f700_0;
    %flag_set/vec4 8;
    %jmp/0xz  T_9.0, 8;
    %pushi/vec4 0, 0, 1;
    %assign/vec4 v000001f67df1d5e0_0, 0;
    %jmp T_9.1;
T_9.0 ;
    %load/vec4 v000001f67df1e940_0;
    %assign/vec4 v000001f67df1d5e0_0, 0;
T_9.1 ;
    %jmp T_9;
    .thread T_9;
    .scope S_000001f67df7aeb0;
T_10 ;
    %wait E_000001f67dedb180;
    %load/vec4 v000001f67df1ea80_0;
    %flag_set/vec4 8;
    %jmp/0xz  T_10.0, 8;
    %pushi/vec4 0, 0, 1;
    %assign/vec4 v000001f67df1d900_0, 0;
    %jmp T_10.1;
T_10.0 ;
    %load/vec4 v000001f67df1d860_0;
    %assign/vec4 v000001f67df1d900_0, 0;
T_10.1 ;
    %jmp T_10;
    .thread T_10;
    .scope S_000001f67df7cff0;
T_11 ;
    %wait E_000001f67dedb180;
    %load/vec4 v000001f67df1eb20_0;
    %flag_set/vec4 8;
    %jmp/0xz  T_11.0, 8;
    %pushi/vec4 0, 0, 1;
    %assign/vec4 v000001f67df1d9a0_0, 0;
    %jmp T_11.1;
T_11.0 ;
    %load/vec4 v000001f67df1f840_0;
    %assign/vec4 v000001f67df1d9a0_0, 0;
T_11.1 ;
    %jmp T_11;
    .thread T_11;
    .scope S_000001f67df7ce60;
T_12 ;
    %wait E_000001f67dedb180;
    %load/vec4 v000001f67df1fac0_0;
    %flag_set/vec4 8;
    %jmp/0xz  T_12.0, 8;
    %pushi/vec4 0, 0, 1;
    %assign/vec4 v000001f67df1ee40_0, 0;
    %jmp T_12.1;
T_12.0 ;
    %load/vec4 v000001f67df1ed00_0;
    %assign/vec4 v000001f67df1ee40_0, 0;
T_12.1 ;
    %jmp T_12;
    .thread T_12;
    .scope S_000001f67df7d7c0;
T_13 ;
    %wait E_000001f67dedb180;
    %load/vec4 v000001f67df210a0_0;
    %flag_set/vec4 8;
    %jmp/0xz  T_13.0, 8;
    %pushi/vec4 0, 0, 1;
    %assign/vec4 v000001f67df20ce0_0, 0;
    %jmp T_13.1;
T_13.0 ;
    %load/vec4 v000001f67df1ef80_0;
    %assign/vec4 v000001f67df20ce0_0, 0;
T_13.1 ;
    %jmp T_13;
    .thread T_13;
    .scope S_000001f67df7c050;
T_14 ;
    %wait E_000001f67dedb180;
    %load/vec4 v000001f67df20ba0_0;
    %flag_set/vec4 8;
    %jmp/0xz  T_14.0, 8;
    %pushi/vec4 0, 0, 1;
    %assign/vec4 v000001f67df211e0_0, 0;
    %jmp T_14.1;
T_14.0 ;
    %load/vec4 v000001f67df20380_0;
    %assign/vec4 v000001f67df211e0_0, 0;
T_14.1 ;
    %jmp T_14;
    .thread T_14;
    .scope S_000001f67df7c9b0;
T_15 ;
    %wait E_000001f67dedb180;
    %load/vec4 v000001f67df20600_0;
    %flag_set/vec4 8;
    %jmp/0xz  T_15.0, 8;
    %pushi/vec4 0, 0, 1;
    %assign/vec4 v000001f67df20240_0, 0;
    %jmp T_15.1;
T_15.0 ;
    %load/vec4 v000001f67df206a0_0;
    %assign/vec4 v000001f67df20240_0, 0;
T_15.1 ;
    %jmp T_15;
    .thread T_15;
    .scope S_000001f67dd74250;
T_16 ;
    %pushi/vec4 0, 0, 1;
    %store/vec4 v000001f67dfc0e30_0, 0, 1;
T_16.0 ;
    %delay 5000, 0;
    %load/vec4 v000001f67dfc0e30_0;
    %inv;
    %store/vec4 v000001f67dfc0e30_0, 0, 1;
    %jmp T_16.0;
T_16.1 ;
    %end;
    .thread T_16;
    .scope S_000001f67dd74250;
T_17 ;
    %vpi_call/w 3 50 "$dumpfile", "waves/mac_exact.vcd" {0 0 0};
    %vpi_call/w 3 51 "$dumpvars", 32'sb00000000000000000000000000000000, S_000001f67dd74250 {0 0 0};
    %pushi/vec4 1, 0, 1;
    %store/vec4 v000001f67dfc0ed0_0, 0, 1;
    %pushi/vec4 0, 0, 8;
    %store/vec4 v000001f67dfc1290_0, 0, 8;
    %pushi/vec4 0, 0, 8;
    %store/vec4 v000001f67dfbef90_0, 0, 8;
    %delay 10000, 0;
    %pushi/vec4 0, 0, 1;
    %store/vec4 v000001f67dfc0ed0_0, 0, 1;
    %pushi/vec4 3, 0, 8;
    %store/vec4 v000001f67dfc1290_0, 0, 8;
    %pushi/vec4 4, 0, 8;
    %store/vec4 v000001f67dfbef90_0, 0, 8;
    %delay 10000, 0;
    %pushi/vec4 2, 0, 8;
    %store/vec4 v000001f67dfc1290_0, 0, 8;
    %pushi/vec4 5, 0, 8;
    %store/vec4 v000001f67dfbef90_0, 0, 8;
    %delay 10000, 0;
    %pushi/vec4 7, 0, 8;
    %store/vec4 v000001f67dfc1290_0, 0, 8;
    %pushi/vec4 8, 0, 8;
    %store/vec4 v000001f67dfbef90_0, 0, 8;
    %delay 10000, 0;
    %pushi/vec4 10, 0, 8;
    %store/vec4 v000001f67dfc1290_0, 0, 8;
    %pushi/vec4 2, 0, 8;
    %store/vec4 v000001f67dfbef90_0, 0, 8;
    %delay 10000, 0;
    %pushi/vec4 15, 0, 8;
    %store/vec4 v000001f67dfc1290_0, 0, 8;
    %pushi/vec4 15, 0, 8;
    %store/vec4 v000001f67dfbef90_0, 0, 8;
    %delay 10000, 0;
    %vpi_call/w 3 115 "$finish" {0 0 0};
    %end;
    .thread T_17;
    .scope S_000001f67dd74250;
T_18 ;
    %vpi_call/w 3 125 "$monitor", "Time=%0t clk=%b rst=%b A=%0d B=%0d Acc=%0d Overflow=%b", $time, v000001f67dfc0e30_0, v000001f67dfc0ed0_0, v000001f67dfc1290_0, v000001f67dfbef90_0, v000001f67dfc0d90_0, v000001f67dfbfcb0_0 {0 0 0};
    %end;
    .thread T_18;
# The file index is used to find the file name in the following table.
:file_names 11;
    "N/A";
    "<interactive>";
    "-";
    "tb/tb_mac_exact.sv";
    "rtl/mac_exact.sv";
    "rtl/register_16.sv";
    "rtl/d_flip_flop.sv";
    "rtl/braun_multiplier_8x8.sv";
    "rtl/full_adder.sv";
    "rtl/half_adder.sv";
    "rtl/ripple_adder_16.sv";
